url,lang,title,title_len,description,description_len,og_title,og_description,og_image,og_locale,og_locale_alternate,twitter_card
https://ironwoodlivigno.com/it,it,Ironwood Livigno — Appartamento a Livigno con sauna privata,59,"Appartamento di 90 m² a Livigno con sauna a infrarossi e bagno turco privati, 3 camere, 2 bagni, a 100 m dagli impianti. Per famiglie e gruppi fino a 6.",152,Ironwood Livigno — Appartamento a Livigno con sauna privata,"Appartamento di 90 m² a Livigno con sauna a infrarossi e bagno turco privati, 3 camere, 2 bagni, a 100 m dagli impianti. Per famiglie e gruppi fino a 6.",https://ironwoodlivigno.com/images/og-image.jpg,it_IT,11,summary_large_image
https://ironwoodlivigno.com/en,en,Ironwood Livigno — Apartment with Private Sauna,47,"90 sqm apartment in Livigno with private infrared sauna and Turkish bath, 3 bedrooms, 2 bathrooms, 100 m from the ski lifts. For families and groups up to 6.",157,Ironwood Livigno — Apartment with Private Sauna,"90 sqm apartment in Livigno with private infrared sauna and Turkish bath, 3 bedrooms, 2 bathrooms, 100 m from the ski lifts. For families and groups up to 6.",https://ironwoodlivigno.com/images/og-image.jpg,en_GB,11,summary_large_image
https://ironwoodlivigno.com/de,de,Ironwood Livigno — Ferienwohnung mit privater Sauna,51,"90 m² Ferienwohnung in Livigno mit privater Infrarotsauna und Dampfbad, 3 Schlafzimmer, 2 Bäder, 100 m von den Liften. Für Familien und Gruppen bis 6.",150,Ironwood Livigno — Ferienwohnung mit privater Sauna,"90 m² Ferienwohnung in Livigno mit privater Infrarotsauna und Dampfbad, 3 Schlafzimmer, 2 Bäder, 100 m von den Liften. Für Familien und Gruppen bis 6.",https://ironwoodlivigno.com/images/og-image.jpg,de_DE,11,summary_large_image
https://ironwoodlivigno.com/fr,fr,Ironwood Livigno — Appartement avec sauna privé,47,"Appartement 90 m² à Livigno avec sauna infrarouge et hammam privés, 3 chambres, 2 salles de bain, à 100 m des remontées. Pour familles et groupes jusqu'à 6.",156,Ironwood Livigno — Appartement avec sauna privé,"Appartement 90 m² à Livigno avec sauna infrarouge et hammam privés, 3 chambres, 2 salles de bain, à 100 m des remontées. Pour familles et groupes jusqu'à 6.",https://ironwoodlivigno.com/images/og-image.jpg,fr_FR,11,summary_large_image
https://ironwoodlivigno.com/da,da,Ironwood Livigno — Lejlighed med privat sauna,45,"90 m² lejlighed i Livigno med privat infrarød sauna og tyrkisk bad, 3 værelser, 2 badeværelser, 100 m fra skiliftene. Til familier og grupper på op til 6.",154,Ironwood Livigno — Lejlighed med privat sauna,"90 m² lejlighed i Livigno med privat infrarød sauna og tyrkisk bad, 3 værelser, 2 badeværelser, 100 m fra skiliftene. Til familier og grupper på op til 6.",https://ironwoodlivigno.com/images/og-image.jpg,da_DK,11,summary_large_image
https://ironwoodlivigno.com/pl,pl,Ironwood Livigno — Apartament z prywatną sauną,46,"Apartament 90 m² w Livigno z prywatną sauną na podczerwień i łaźnią parową, 3 sypialnie, 2 łazienki, 100 m od wyciągów. Dla rodzin i grup do 6 osób.",148,Ironwood Livigno — Apartament z prywatną sauną,"Apartament 90 m² w Livigno z prywatną sauną na podczerwień i łaźnią parową, 3 sypialnie, 2 łazienki, 100 m od wyciągów. Dla rodzin i grup do 6 osób.",https://ironwoodlivigno.com/images/og-image.jpg,pl_PL,11,summary_large_image
https://ironwoodlivigno.com/cs,cs,Ironwood Livigno — Apartmán se soukromou saunou,47,"Apartmán 90 m² v Livignu se soukromou infrasaunou a tureckou lázní, 3 ložnice, 2 koupelny, jen 100 m od vleků. Pro rodiny a skupiny až 6 osob.",142,Ironwood Livigno — Apartmán se soukromou saunou,"Apartmán 90 m² v Livignu se soukromou infrasaunou a tureckou lázní, 3 ložnice, 2 koupelny, jen 100 m od vleků. Pro rodiny a skupiny až 6 osob.",https://ironwoodlivigno.com/images/og-image.jpg,cs_CZ,11,summary_large_image
https://ironwoodlivigno.com/no,no,Ironwood Livigno — Leilighet med privat badstue,47,"90 kvm leilighet i Livigno med privat infrarød badstue og tyrkisk bad, 3 soverom, 2 bad, bare 100 m fra skiheisene. For familier og grupper på opptil 6.",152,Ironwood Livigno — Leilighet med privat badstue,"90 kvm leilighet i Livigno med privat infrarød badstue og tyrkisk bad, 3 soverom, 2 bad, bare 100 m fra skiheisene. For familier og grupper på opptil 6.",https://ironwoodlivigno.com/images/og-image.jpg,nb_NO,11,summary_large_image
https://ironwoodlivigno.com/nl,nl,Ironwood Livigno — Appartement met privésauna,45,"90 m² appartement in Livigno met privé infraroodsauna en Turks stoombad, 3 slaapkamers, 2 badkamers, 100 m van de liften. Voor gezinnen en groepen tot 6.",153,Ironwood Livigno — Appartement met privésauna,"90 m² appartement in Livigno met privé infraroodsauna en Turks stoombad, 3 slaapkamers, 2 badkamers, 100 m van de liften. Voor gezinnen en groepen tot 6.",https://ironwoodlivigno.com/images/og-image.jpg,nl_NL,11,summary_large_image
https://ironwoodlivigno.com/zh,zh,Ironwood Livigno — 带私人桑拿的利维尼奥公寓,31,利维尼奥90平方米公寓，配有私人红外线桑拿和土耳其浴室，3间卧室2间浴室，距缆车仅100米，适合最多6人的家庭和团体。,59,Ironwood Livigno — 带私人桑拿的利维尼奥公寓,利维尼奥90平方米公寓，配有私人红外线桑拿和土耳其浴室，3间卧室2间浴室，距缆车仅100米，适合最多6人的家庭和团体。,https://ironwoodlivigno.com/images/og-image.jpg,zh_CN,11,summary_large_image
https://ironwoodlivigno.com/ja,ja,Ironwood Livigno — 専用サウナ付きアパートメント,33,リヴィーニョの90㎡アパートメント。専用の赤外線サウナとトルコ式蒸し風呂、寝室3室、バスルーム2室、リフトまで100m。最大6名のご家族・グループに最適です。,79,Ironwood Livigno — 専用サウナ付きアパートメント,リヴィーニョの90㎡アパートメント。専用の赤外線サウナとトルコ式蒸し風呂、寝室3室、バスルーム2室、リフトまで100m。最大6名のご家族・グループに最適です。,https://ironwoodlivigno.com/images/og-image.jpg,ja_JP,11,summary_large_image
https://ironwoodlivigno.com/en-us,en-us,"Ironwood Livigno, Italy — Vacation Rental with Sauna",52,"970 sqft apartment in Livigno, Italy with private infrared sauna and Turkish bath, 3 bedrooms, 2 bathrooms, 100 m from lifts. For families and groups up to 6.",158,"Ironwood Livigno, Italy — Vacation Rental with Sauna","970 sqft apartment in Livigno, Italy with private infrared sauna and Turkish bath, 3 bedrooms, 2 bathrooms, 100 m from lifts. For families and groups up to 6.",https://ironwoodlivigno.com/images/og-image.jpg,en_US,11,summary_large_image
https://ironwoodlivigno.com/it/contatti,it,Come contattarci — Ironwood Livigno,35,"Contatta Ironwood Livigno: email, telefono, WhatsApp o modulo di richiesta. Ti rispondiamo rapidamente per organizzare il tuo soggiorno a Livigno.",146,Come contattarci — Ironwood Livigno,"Contatta Ironwood Livigno: email, telefono, WhatsApp o modulo di richiesta. Ti rispondiamo rapidamente per organizzare il tuo soggiorno a Livigno.",https://ironwoodlivigno.com/images/og-image.jpg,,0,summary_large_image
https://ironwoodlivigno.com/en/contact,en,How to reach us — Ironwood Livigno,34,"Contact Ironwood Livigno: email, phone, WhatsApp or the request form. We reply quickly to help plan your stay in Livigno.",121,How to reach us — Ironwood Livigno,"Contact Ironwood Livigno: email, phone, WhatsApp or the request form. We reply quickly to help plan your stay in Livigno.",https://ironwoodlivigno.com/images/og-image.jpg,,0,summary_large_image
https://ironwoodlivigno.com/de/kontakt,de,So erreichen Sie uns — Ironwood Livigno,39,"Kontakt zu Ironwood Livigno: E-Mail, Telefon, WhatsApp oder Anfrageformular. Wir antworten schnell.",99,So erreichen Sie uns — Ironwood Livigno,"Kontakt zu Ironwood Livigno: E-Mail, Telefon, WhatsApp oder Anfrageformular. Wir antworten schnell.",https://ironwoodlivigno.com/images/og-image.jpg,,0,summary_large_image
https://ironwoodlivigno.com/fr/contact,fr,Comment nous contacter — Ironwood Livigno,41,"Contactez Ironwood Livigno : email, téléphone, WhatsApp ou formulaire de demande. Nous répondons rapidement pour vous aider à organiser votre séjour à Livigno.",159,Comment nous contacter — Ironwood Livigno,"Contactez Ironwood Livigno : email, téléphone, WhatsApp ou formulaire de demande. Nous répondons rapidement pour vous aider à organiser votre séjour à Livigno.",https://ironwoodlivigno.com/images/og-image.jpg,,0,summary_large_image
https://ironwoodlivigno.com/da/kontakt,da,Sådan kontakter du os — Ironwood Livigno,40,"Kontakt Ironwood Livigno: email, telefon, WhatsApp eller kontaktformular. Vi svarer hurtigt og hjælper dig med at planlægge dit ophold i Livigno.",145,Sådan kontakter du os — Ironwood Livigno,"Kontakt Ironwood Livigno: email, telefon, WhatsApp eller kontaktformular. Vi svarer hurtigt og hjælper dig med at planlægge dit ophold i Livigno.",https://ironwoodlivigno.com/images/og-image.jpg,,0,summary_large_image
https://ironwoodlivigno.com/pl/kontakt,pl,Jak się z nami skontaktować — Ironwood Livigno,46,"Skontaktuj się z Ironwood Livigno: email, telefon, WhatsApp lub formularz zapytania. Odpowiadamy szybko i pomożemy zaplanować pobyt w Livigno.",142,Jak się z nami skontaktować — Ironwood Livigno,"Skontaktuj się z Ironwood Livigno: email, telefon, WhatsApp lub formularz zapytania. Odpowiadamy szybko i pomożemy zaplanować pobyt w Livigno.",https://ironwoodlivigno.com/images/og-image.jpg,,0,summary_large_image
https://ironwoodlivigno.com/cs/kontakt,cs,Jak nás kontaktovat — Ironwood Livigno,38,"Kontaktujte Ironwood Livigno: email, telefon, WhatsApp nebo formulář poptávky. Odpovídáme rychle a pomůžeme vám naplánovat pobyt v Livignu.",139,Jak nás kontaktovat — Ironwood Livigno,"Kontaktujte Ironwood Livigno: email, telefon, WhatsApp nebo formulář poptávky. Odpovídáme rychle a pomůžeme vám naplánovat pobyt v Livignu.",https://ironwoodlivigno.com/images/og-image.jpg,,0,summary_large_image
https://ironwoodlivigno.com/no/kontakt,no,Slik når du oss — Ironwood Livigno,34,"Kontakt Ironwood Livigno: e-post, telefon, WhatsApp eller kontaktskjema. Vi svarer raskt og hjelper deg med å planlegge oppholdet i Livigno.",140,Slik når du oss — Ironwood Livigno,"Kontakt Ironwood Livigno: e-post, telefon, WhatsApp eller kontaktskjema. Vi svarer raskt og hjelper deg med å planlegge oppholdet i Livigno.",https://ironwoodlivigno.com/images/og-image.jpg,,0,summary_large_image
https://ironwoodlivigno.com/nl/contact,nl,Zo bereik je ons — Ironwood Livigno,35,"Neem contact op met Ironwood Livigno: e-mail, telefoon, WhatsApp of het aanvraagformulier. We reageren snel.",108,Zo bereik je ons — Ironwood Livigno,"Neem contact op met Ironwood Livigno: e-mail, telefoon, WhatsApp of het aanvraagformulier. We reageren snel.",https://ironwoodlivigno.com/images/og-image.jpg,,0,summary_large_image
https://ironwoodlivigno.com/zh/contact,zh,如何联系我们 — Ironwood Livigno,25,"联系 Ironwood Livigno:邮件、电话、WhatsApp 或在线表单。我们会尽快回复,帮助您规划利维尼奥之旅。",61,如何联系我们 — Ironwood Livigno,"联系 Ironwood Livigno:邮件、电话、WhatsApp 或在线表单。我们会尽快回复,帮助您规划利维尼奥之旅。",https://ironwoodlivigno.com/images/og-image.jpg,,0,summary_large_image
https://ironwoodlivigno.com/ja/contact,ja,お問い合わせ方法 — Ironwood Livigno,27,Ironwood Livignoへのお問い合わせ:メール、電話、WhatsApp、またはお問い合わせフォーム。リヴィーニョでの滞在計画のお手伝いのため、迅速にご返信します。,86,お問い合わせ方法 — Ironwood Livigno,Ironwood Livignoへのお問い合わせ:メール、電話、WhatsApp、またはお問い合わせフォーム。リヴィーニョでの滞在計画のお手伝いのため、迅速にご返信します。,https://ironwoodlivigno.com/images/og-image.jpg,,0,summary_large_image
https://ironwoodlivigno.com/en-us/contact,en-us,"How to reach us in Livigno, Italy — Ironwood Livigno",52,"Contact Ironwood Livigno, Italy: email, phone, WhatsApp or the request form. We reply quickly to help plan your vacation in Livigno.",132,"How to reach us in Livigno, Italy — Ironwood Livigno","Contact Ironwood Livigno, Italy: email, phone, WhatsApp or the request form. We reply quickly to help plan your vacation in Livigno.",https://ironwoodlivigno.com/images/og-image.jpg,,0,summary_large_image
https://ironwoodlivigno.com/blog,it,Guida a Livigno — Blog | Ironwood Livigno,41,"Guide pratiche su Livigno: come arrivare, sci, mountain bike, trekking e come organizzare al meglio la tua vacanza.",115,Guida a Livigno — Blog | Ironwood Livigno,"Guide pratiche su Livigno: come arrivare, sci, mountain bike, trekking e come organizzare al meglio la tua vacanza.",https://ironwoodlivigno.com/images/og-image.jpg,it_IT,0,summary_large_image
https://ironwoodlivigno.com/blog/en,en,"Livigno Travel Guide: Skiing, Summer and Practical Tips",55,"Practical guides to Livigno written by a local host: getting there, skiing and ski pass prices, summer hiking and biking, duty-free shopping and when to book.",158,"Livigno Travel Guide: Skiing, Summer and Practical Tips","Practical guides to Livigno written by a local host: getting there, skiing and ski pass prices, summer hiking and biking, duty-free shopping and when to book.",https://ironwoodlivigno.com/images/og-image.jpg,en_GB,0,summary_large_image
https://ironwoodlivigno.com/blog/de,de,"Livigno Reiseführer: Skifahren, Sommer und praktische Tipps",59,"Praktische Guides zu Livigno von Gastgebern vor Ort: Anreise, Skifahren und Skipass-Preise, Wandern und Biken im Sommer, zollfreies Einkaufen und beste Reisezeit.",162,"Livigno Reiseführer: Skifahren, Sommer und praktische Tipps","Praktische Guides zu Livigno von Gastgebern vor Ort: Anreise, Skifahren und Skipass-Preise, Wandern und Biken im Sommer, zollfreies Einkaufen und beste Reisezeit.",https://ironwoodlivigno.com/images/og-image.jpg,de_DE,0,summary_large_image
https://ironwoodlivigno.com/blog/pl,pl,"Przewodnik po Livigno: narty, lato i praktyczne porady",54,"Praktyczne przewodniki po Livigno od lokalnych gospodarzy: dojazd, narty i ceny karnetów, trekking i rower latem, zakupy bez cła i kiedy rezerwować.",148,"Przewodnik po Livigno: narty, lato i praktyczne porady","Praktyczne przewodniki po Livigno od lokalnych gospodarzy: dojazd, narty i ceny karnetów, trekking i rower latem, zakupy bez cła i kiedy rezerwować.",https://ironwoodlivigno.com/images/og-image.jpg,pl_PL,0,summary_large_image
https://ironwoodlivigno.com/blog/nl,nl,"Reisgids Livigno: skiën, zomer en praktische tips",49,"Praktische gidsen over Livigno van lokale gastheren: de reis, skiën en skipasprijzen, wandelen en fietsen in de zomer, belastingvrij winkelen en wanneer boeken.",160,"Reisgids Livigno: skiën, zomer en praktische tips","Praktische gidsen over Livigno van lokale gastheren: de reis, skiën en skipasprijzen, wandelen en fietsen in de zomer, belastingvrij winkelen en wanneer boeken.",https://ironwoodlivigno.com/images/og-image.jpg,nl_NL,0,summary_large_image
https://ironwoodlivigno.com/blog/cs,cs,"Průvodce Livignem: lyžování, léto a praktické tipy",50,"Praktičtí průvodci Livignem od místních hostitelů: cesta, lyžování a ceny skipasů, turistika a kolo v létě, bezcelní nákupy a kdy rezervovat.",141,"Průvodce Livignem: lyžování, léto a praktické tipy","Praktičtí průvodci Livignem od místních hostitelů: cesta, lyžování a ceny skipasů, turistika a kolo v létě, bezcelní nákupy a kdy rezervovat.",https://ironwoodlivigno.com/images/og-image.jpg,cs_CZ,0,summary_large_image
https://ironwoodlivigno.com/blog/fr,fr,"Guide de Livigno : ski, été et conseils pratiques",49,"Guides pratiques sur Livigno écrits par des hôtes sur place : comment venir, ski et prix des forfaits, randonnée et VTT en été, shopping détaxé et quand réserver.",162,"Guide de Livigno : ski, été et conseils pratiques","Guides pratiques sur Livigno écrits par des hôtes sur place : comment venir, ski et prix des forfaits, randonnée et VTT en été, shopping détaxé et quand réserver.",https://ironwoodlivigno.com/images/og-image.jpg,fr_FR,0,summary_large_image
https://ironwoodlivigno.com/blog/da,da,"Rejseguide til Livigno: ski, sommer og praktiske råd",52,"Praktiske guides til Livigno fra lokale værter: rejsen, skiløb og liftkortpriser, vandring og cykling om sommeren, toldfri shopping og hvornår du skal booke.",157,"Rejseguide til Livigno: ski, sommer og praktiske råd","Praktiske guides til Livigno fra lokale værter: rejsen, skiløb og liftkortpriser, vandring og cykling om sommeren, toldfri shopping og hvornår du skal booke.",https://ironwoodlivigno.com/images/og-image.jpg,da_DK,0,summary_large_image
https://ironwoodlivigno.com/blog/no,no,"Reiseguide til Livigno: ski, sommer og praktiske tips",53,"Praktiske guider til Livigno fra lokale verter: reisen, skikjøring og heiskortpriser, fotturer og sykling om sommeren, tollfri shopping og når du bør bestille.",159,"Reiseguide til Livigno: ski, sommer og praktiske tips","Praktiske guider til Livigno fra lokale verter: reisen, skikjøring og heiskortpriser, fotturer og sykling om sommeren, tollfri shopping og når du bør bestille.",https://ironwoodlivigno.com/images/og-image.jpg,nb_NO,0,summary_large_image
https://ironwoodlivigno.com/blog/zh,zh,利维尼奥旅游指南：滑雪、夏季与实用建议,19,由当地房东撰写的利维尼奥实用指南：交通、滑雪与雪票价格、夏季徒步和骑行、免税购物以及何时预订。,47,利维尼奥旅游指南：滑雪、夏季与实用建议,由当地房东撰写的利维尼奥实用指南：交通、滑雪与雪票价格、夏季徒步和骑行、免税购物以及何时预订。,https://ironwoodlivigno.com/images/og-image.jpg,zh_CN,0,summary_large_image
https://ironwoodlivigno.com/blog/ja,ja,リヴィーニョ旅行ガイド：スキー、夏、実用情報,22,地元のホストが書いたリヴィーニョの実用ガイド：アクセス、スキーとリフト券の料金、夏のハイキングとサイクリング、免税ショッピング、予約の時期。,70,リヴィーニョ旅行ガイド：スキー、夏、実用情報,地元のホストが書いたリヴィーニョの実用ガイド：アクセス、スキーとリフト券の料金、夏のハイキングとサイクリング、免税ショッピング、予約の時期。,https://ironwoodlivigno.com/images/og-image.jpg,ja_JP,0,summary_large_image
https://ironwoodlivigno.com/blog/come-arrivare-a-livigno,it,Come arrivare a Livigno: guida pratica | Ironwood Livigno,57,"Treno, auto o aereo: come raggiungere Livigno da Milano e dagli aeroporti principali, e cosa sapere prima di partire.",117,Come arrivare a Livigno: guida pratica,"Treno, auto o aereo: come raggiungere Livigno da Milano e dagli aeroporti principali, e cosa sapere prima di partire.",https://ironwoodlivigno.com/images/esterno-giorno.jpg,,0,summary_large_image
https://ironwoodlivigno.com/blog/come-arrivare-a-livigno/en,en,How to Get to Livigno: A Practical Guide | Ironwood Livigno,59,"Train, car or plane: how to reach Livigno from Milan and the main airports, and what to know before you go.",107,How to Get to Livigno: A Practical Guide,"Train, car or plane: how to reach Livigno from Milan and the main airports, and what to know before you go.",https://ironwoodlivigno.com/images/esterno-giorno.jpg,en_GB,0,summary_large_image
https://ironwoodlivigno.com/blog/come-arrivare-a-livigno/de,de,Anreise nach Livigno: praktischer Reiseführer,45,"Zug, Auto oder Flugzeug: So erreichen Sie Livigno von Mailand und den wichtigsten Flughäfen aus – und was Sie vorher wissen sollten.",132,Anreise nach Livigno: praktischer Reiseführer,"Zug, Auto oder Flugzeug: So erreichen Sie Livigno von Mailand und den wichtigsten Flughäfen aus – und was Sie vorher wissen sollten.",https://ironwoodlivigno.com/images/esterno-giorno.jpg,de_DE,0,summary_large_image
https://ironwoodlivigno.com/blog/come-arrivare-a-livigno/pl,pl,Jak dojechać do Livigno: praktyczny przewodnik,46,"Pociąg, samochód czy samolot: jak dotrzeć do Livigno z Mediolanu i głównych lotnisk oraz co warto wiedzieć przed wyjazdem.",122,Jak dojechać do Livigno: praktyczny przewodnik,"Pociąg, samochód czy samolot: jak dotrzeć do Livigno z Mediolanu i głównych lotnisk oraz co warto wiedzieć przed wyjazdem.",https://ironwoodlivigno.com/images/esterno-giorno.jpg,pl_PL,0,summary_large_image
https://ironwoodlivigno.com/blog/come-arrivare-a-livigno/nl,nl,Naar Livigno reizen: praktische gids | Ironwood Livigno,55,"Trein, auto of vliegtuig: zo bereik je Livigno vanuit Milaan en de belangrijkste luchthavens, en wat je moet weten voordat je vertrekt.",135,Naar Livigno reizen: praktische gids,"Trein, auto of vliegtuig: zo bereik je Livigno vanuit Milaan en de belangrijkste luchthavens, en wat je moet weten voordat je vertrekt.",https://ironwoodlivigno.com/images/esterno-giorno.jpg,nl_NL,0,summary_large_image
https://ironwoodlivigno.com/blog/come-arrivare-a-livigno/cs,cs,Jak se dostat do Livigna: praktický průvodce,44,"Vlakem, autem nebo letadlem: jak se do Livigna dostat z Milána a hlavních letišť a co je dobré vědět ještě před odjezdem.",121,Jak se dostat do Livigna: praktický průvodce,"Vlakem, autem nebo letadlem: jak se do Livigna dostat z Milána a hlavních letišť a co je dobré vědět ještě před odjezdem.",https://ironwoodlivigno.com/images/esterno-giorno.jpg,cs_CZ,0,summary_large_image
https://ironwoodlivigno.com/blog/come-arrivare-a-livigno/fr,fr,Comment aller à Livigno : guide pratique | Ironwood Livigno,59,"Train, voiture ou avion : comment rejoindre Livigno depuis Milan et les principaux aéroports, et ce qu'il faut savoir avant de partir.",134,Comment aller à Livigno : guide pratique,"Train, voiture ou avion : comment rejoindre Livigno depuis Milan et les principaux aéroports, et ce qu'il faut savoir avant de partir.",https://ironwoodlivigno.com/images/esterno-giorno.jpg,fr_FR,0,summary_large_image
https://ironwoodlivigno.com/blog/come-arrivare-a-livigno/da,da,Sådan kommer du til Livigno: praktisk guide,43,"Tog, bil eller fly: sådan kommer du til Livigno fra Milano og de største lufthavne, og hvad du skal vide, før du tager af sted.",127,Sådan kommer du til Livigno: praktisk guide,"Tog, bil eller fly: sådan kommer du til Livigno fra Milano og de største lufthavne, og hvad du skal vide, før du tager af sted.",https://ironwoodlivigno.com/images/esterno-giorno.jpg,da_DK,0,summary_large_image
https://ironwoodlivigno.com/blog/come-arrivare-a-livigno/no,no,Slik kommer du deg til Livigno: praktisk guide,46,"Tog, bil eller fly: slik kommer du til Livigno fra Milano og de største flyplassene, og hva du bør vite før du reiser.",118,Slik kommer du deg til Livigno: praktisk guide,"Tog, bil eller fly: slik kommer du til Livigno fra Milano og de største flyplassene, og hva du bør vite før du reiser.",https://ironwoodlivigno.com/images/esterno-giorno.jpg,nb_NO,0,summary_large_image
https://ironwoodlivigno.com/blog/come-arrivare-a-livigno/zh,zh,如何前往利维尼奥：实用交通指南 | Ironwood Livigno,34,火车、自驾还是飞机：如何从米兰和主要机场前往利维尼奥，以及出发前需要了解的事项。,40,如何前往利维尼奥：实用交通指南,火车、自驾还是飞机：如何从米兰和主要机场前往利维尼奥，以及出发前需要了解的事项。,https://ironwoodlivigno.com/images/esterno-giorno.jpg,zh_CN,0,summary_large_image
https://ironwoodlivigno.com/blog/come-arrivare-a-livigno/ja,ja,リヴィーニョへの行き方：実用ガイド | Ironwood Livigno,36,電車、車、飛行機：ミラノや主要空港からリヴィーニョへの行き方と、出発前に知っておきたいポイント。,48,リヴィーニョへの行き方：実用ガイド,電車、車、飛行機：ミラノや主要空港からリヴィーニョへの行き方と、出発前に知っておきたいポイント。,https://ironwoodlivigno.com/images/esterno-giorno.jpg,ja_JP,0,summary_large_image
https://ironwoodlivigno.com/blog/sci-a-livigno-guida-carosello-3000,it,Sci a Livigno: guida al comprensorio Carosello 3000,51,"Cosa sapere sul comprensorio sciistico di Livigno, il versante Carosello 3000 e come organizzare le giornate sulla neve.",120,Sci a Livigno: guida al comprensorio Carosello 3000,"Cosa sapere sul comprensorio sciistico di Livigno, il versante Carosello 3000 e come organizzare le giornate sulla neve.",https://ironwoodlivigno.com/images/sci-fondo-centro-livigno.jpg,,0,summary_large_image
https://ironwoodlivigno.com/blog/sci-a-livigno-guida-carosello-3000/en,en,Skiing in Livigno: A Guide to the Carosello 3000 Ski Area,57,"What to know about Livigno's ski area, the Carosello 3000 side, and how to plan your days on the snow.",102,Skiing in Livigno: A Guide to the Carosello 3000 Ski Area,"What to know about Livigno's ski area, the Carosello 3000 side, and how to plan your days on the snow.",https://ironwoodlivigno.com/images/sci-fondo-centro-livigno.jpg,en_GB,0,summary_large_image
https://ironwoodlivigno.com/blog/sci-a-livigno-guida-carosello-3000/de,de,Skifahren in Livigno: Leitfaden zum Skigebiet Carosello 3000,60,"Wissenswertes über das Skigebiet von Livigno, die Carosello-3000-Seite und wie Sie Ihre Skitage am besten planen.",113,Skifahren in Livigno: Leitfaden zum Skigebiet Carosello 3000,"Wissenswertes über das Skigebiet von Livigno, die Carosello-3000-Seite und wie Sie Ihre Skitage am besten planen.",https://ironwoodlivigno.com/images/sci-fondo-centro-livigno.jpg,de_DE,0,summary_large_image
https://ironwoodlivigno.com/blog/sci-a-livigno-guida-carosello-3000/pl,pl,Narty w Livigno: przewodnik po ośrodku Carosello 3000,53,"Co warto wiedzieć o ośrodku narciarskim Livigno i stoku Carosello 3000: sezon, trasy dla każdego i jak najlepiej zaplanować dni na śniegu.",138,Narty w Livigno: przewodnik po ośrodku Carosello 3000,"Co warto wiedzieć o ośrodku narciarskim Livigno i stoku Carosello 3000: sezon, trasy dla każdego i jak najlepiej zaplanować dni na śniegu.",https://ironwoodlivigno.com/images/sci-fondo-centro-livigno.jpg,pl_PL,0,summary_large_image
https://ironwoodlivigno.com/blog/sci-a-livigno-guida-carosello-3000/nl,nl,Skiën in Livigno: gids voor skigebied Carosello 3000,52,"Wat je moet weten over het skigebied van Livigno, de Carosello 3000-kant, het seizoen en hoe je je dagen op de sneeuw het best plant.",133,Skiën in Livigno: gids voor skigebied Carosello 3000,"Wat je moet weten over het skigebied van Livigno, de Carosello 3000-kant, het seizoen en hoe je je dagen op de sneeuw het best plant.",https://ironwoodlivigno.com/images/sci-fondo-centro-livigno.jpg,nl_NL,0,summary_large_image
https://ironwoodlivigno.com/blog/sci-a-livigno-guida-carosello-3000/cs,cs,Lyžování v Livignu: průvodce areálem Carosello 3000,51,"Co vědět o lyžařském areálu Livigno a svahu Carosello 3000: sezóna, sjezdovky pro každého a jak si nejlépe naplánovat dny na sněhu.",131,Lyžování v Livignu: průvodce areálem Carosello 3000,"Co vědět o lyžařském areálu Livigno a svahu Carosello 3000: sezóna, sjezdovky pro každého a jak si nejlépe naplánovat dny na sněhu.",https://ironwoodlivigno.com/images/sci-fondo-centro-livigno.jpg,cs_CZ,0,summary_large_image
https://ironwoodlivigno.com/blog/sci-a-livigno-guida-carosello-3000/fr,fr,Skier à Livigno : guide du domaine Carosello 3000,49,"Ce qu'il faut savoir sur le domaine skiable de Livigno et le versant Carosello 3000 : la saison, les pistes pour tous et comment organiser vos journées.",152,Skier à Livigno : guide du domaine Carosello 3000,"Ce qu'il faut savoir sur le domaine skiable de Livigno et le versant Carosello 3000 : la saison, les pistes pour tous et comment organiser vos journées.",https://ironwoodlivigno.com/images/sci-fondo-centro-livigno.jpg,fr_FR,0,summary_large_image
https://ironwoodlivigno.com/blog/sci-a-livigno-guida-carosello-3000/da,da,Skiferie i Livigno: guide til skiområdet Carosello 3000,55,"Det skal du vide om skiområdet i Livigno og Carosello 3000-siden: sæsonen, pister til alle niveauer og hvordan du bedst planlægger dine dage på sneen.",150,Skiferie i Livigno: guide til skiområdet Carosello 3000,"Det skal du vide om skiområdet i Livigno og Carosello 3000-siden: sæsonen, pister til alle niveauer og hvordan du bedst planlægger dine dage på sneen.",https://ironwoodlivigno.com/images/sci-fondo-centro-livigno.jpg,da_DK,0,summary_large_image
https://ironwoodlivigno.com/blog/sci-a-livigno-guida-carosello-3000/no,no,Skikjøring i Livigno: guide til Carosello 3000,46,"Dette bør du vite om skiområdet i Livigno og Carosello 3000-siden: sesongen, bakker for alle nivåer og hvordan du best planlegger dagene i snøen.",145,Skikjøring i Livigno: guide til Carosello 3000,"Dette bør du vite om skiområdet i Livigno og Carosello 3000-siden: sesongen, bakker for alle nivåer og hvordan du best planlegger dagene i snøen.",https://ironwoodlivigno.com/images/sci-fondo-centro-livigno.jpg,nb_NO,0,summary_large_image
https://ironwoodlivigno.com/blog/sci-a-livigno-guida-carosello-3000/zh,zh,利维尼奥滑雪：Carosello 3000 雪场指南 | Ironwood Livigno,45,关于利维尼奥滑雪场和 Carosello 3000 雪区你需要知道的一切：雪季时间、适合各水平的雪道，以及如何规划滑雪日程。,62,利维尼奥滑雪：Carosello 3000 雪场指南,关于利维尼奥滑雪场和 Carosello 3000 雪区你需要知道的一切：雪季时间、适合各水平的雪道，以及如何规划滑雪日程。,https://ironwoodlivigno.com/images/sci-fondo-centro-livigno.jpg,zh_CN,0,summary_large_image
https://ironwoodlivigno.com/blog/sci-a-livigno-guida-carosello-3000/ja,ja,リヴィーニョでスキー：カロゼッロ3000ガイド | Ironwood Livigno,42,リヴィーニョのスキー場とカロゼッロ3000エリアについて：シーズン、レベル別のゲレンデ、雪の上での一日の計画の立て方。,59,リヴィーニョでスキー：カロゼッロ3000ガイド,リヴィーニョのスキー場とカロゼッロ3000エリアについて：シーズン、レベル別のゲレンデ、雪の上での一日の計画の立て方。,https://ironwoodlivigno.com/images/sci-fondo-centro-livigno.jpg,ja_JP,0,summary_large_image
https://ironwoodlivigno.com/blog/livigno-estate-mountain-bike-trekking-lago,it,"Livigno d'estate: mountain bike, trekking e il lago",51,"Perché Livigno non è solo una meta invernale: bike park, sentieri per tutti i livelli e il Lago di Livigno da scoprire d'estate.",128,"Livigno d'estate: mountain bike, trekking e il lago","Perché Livigno non è solo una meta invernale: bike park, sentieri per tutti i livelli e il Lago di Livigno da scoprire d'estate.",https://ironwoodlivigno.com/images/lago-livigno-panorama.jpg,,0,summary_large_image
https://ironwoodlivigno.com/blog/livigno-estate-mountain-bike-trekking-lago/en,en,"Livigno in Summer: Mountain Biking, Hiking and the Lake",55,"Why Livigno isn't just a winter destination: a bike park, trails for every level, and Lake Livigno to discover in summer.",121,"Livigno in Summer: Mountain Biking, Hiking and the Lake","Why Livigno isn't just a winter destination: a bike park, trails for every level, and Lake Livigno to discover in summer.",https://ironwoodlivigno.com/images/lago-livigno-panorama.jpg,en_GB,0,summary_large_image
https://ironwoodlivigno.com/blog/livigno-estate-mountain-bike-trekking-lago/de,de,"Livigno im Sommer: Mountainbiken, Wandern und der See",53,"Warum Livigno kein reines Winterziel ist: Bikepark, Wege für jedes Niveau und der Lago di Livigno, den es im Sommer zu entdecken gilt.",134,"Livigno im Sommer: Mountainbiken, Wandern und der See","Warum Livigno kein reines Winterziel ist: Bikepark, Wege für jedes Niveau und der Lago di Livigno, den es im Sommer zu entdecken gilt.",https://ironwoodlivigno.com/images/lago-livigno-panorama.jpg,de_DE,0,summary_large_image
https://ironwoodlivigno.com/blog/livigno-estate-mountain-bike-trekking-lago/pl,pl,"Livigno latem: rower górski, trekking i jezioro",47,"Dlaczego Livigno to nie tylko cel zimowy: bike park, trasy na każdy poziom i jezioro Lago di Livigno do odkrycia latem.",119,"Livigno latem: rower górski, trekking i jezioro","Dlaczego Livigno to nie tylko cel zimowy: bike park, trasy na każdy poziom i jezioro Lago di Livigno do odkrycia latem.",https://ironwoodlivigno.com/images/lago-livigno-panorama.jpg,pl_PL,0,summary_large_image
https://ironwoodlivigno.com/blog/livigno-estate-mountain-bike-trekking-lago/nl,nl,"Livigno in de zomer: mountainbiken, wandelen en het meer",56,"Waarom Livigno niet alleen een winterbestemming is: een bikepark, routes voor elk niveau en het Lago di Livigno om in de zomer te ontdekken.",140,"Livigno in de zomer: mountainbiken, wandelen en het meer","Waarom Livigno niet alleen een winterbestemming is: een bikepark, routes voor elk niveau en het Lago di Livigno om in de zomer te ontdekken.",https://ironwoodlivigno.com/images/lago-livigno-panorama.jpg,nl_NL,0,summary_large_image
https://ironwoodlivigno.com/blog/livigno-estate-mountain-bike-trekking-lago/cs,cs,"Livigno v létě: horská kola, turistika a jezero",47,"Proč Livigno není jen zimní destinace: bikepark, trasy pro každou úroveň a jezero Lago di Livigno, které stojí za to objevit v létě.",132,"Livigno v létě: horská kola, turistika a jezero","Proč Livigno není jen zimní destinace: bikepark, trasy pro každou úroveň a jezero Lago di Livigno, které stojí za to objevit v létě.",https://ironwoodlivigno.com/images/lago-livigno-panorama.jpg,cs_CZ,0,summary_large_image
https://ironwoodlivigno.com/blog/livigno-estate-mountain-bike-trekking-lago/fr,fr,"Livigno en été : VTT, randonnée et le lac | Ironwood Livigno",60,"Pourquoi Livigno n'est pas qu'une destination d'hiver : un bike park, des itinéraires pour tous les niveaux et le lac de Livigno à découvrir en été.",148,"Livigno en été : VTT, randonnée et le lac","Pourquoi Livigno n'est pas qu'une destination d'hiver : un bike park, des itinéraires pour tous les niveaux et le lac de Livigno à découvrir en été.",https://ironwoodlivigno.com/images/lago-livigno-panorama.jpg,fr_FR,0,summary_large_image
https://ironwoodlivigno.com/blog/livigno-estate-mountain-bike-trekking-lago/da,da,"Livigno om sommeren: mountainbike, vandreture og søen",53,"Hvorfor Livigno ikke kun er et vintermål: en bikepark, ruter til alle niveauer og søen Lago di Livigno, der er værd at opleve om sommeren.",138,"Livigno om sommeren: mountainbike, vandreture og søen","Hvorfor Livigno ikke kun er et vintermål: en bikepark, ruter til alle niveauer og søen Lago di Livigno, der er værd at opleve om sommeren.",https://ironwoodlivigno.com/images/lago-livigno-panorama.jpg,da_DK,0,summary_large_image
https://ironwoodlivigno.com/blog/livigno-estate-mountain-bike-trekking-lago/no,no,"Livigno om sommeren: terrengsykkel, fotturer og innsjøen",56,"Hvorfor Livigno ikke bare er et vinterreisemål: en sykkelpark, ruter for alle nivåer og innsjøen Lago di Livigno som er verdt å oppleve om sommeren.",148,"Livigno om sommeren: terrengsykkel, fotturer og innsjøen","Hvorfor Livigno ikke bare er et vinterreisemål: en sykkelpark, ruter for alle nivåer og innsjøen Lago di Livigno som er verdt å oppleve om sommeren.",https://ironwoodlivigno.com/images/lago-livigno-panorama.jpg,nb_NO,0,summary_large_image
https://ironwoodlivigno.com/blog/livigno-estate-mountain-bike-trekking-lago/zh,zh,夏日利维尼奥：山地车、徒步与湖泊 | Ironwood Livigno,35,为什么利维尼奥不只是冬季目的地：山地车公园、适合各水平的路线，以及夏天值得探索的利维尼奥湖。,46,夏日利维尼奥：山地车、徒步与湖泊,为什么利维尼奥不只是冬季目的地：山地车公园、适合各水平的路线，以及夏天值得探索的利维尼奥湖。,https://ironwoodlivigno.com/images/lago-livigno-panorama.jpg,zh_CN,0,summary_large_image
https://ironwoodlivigno.com/blog/livigno-estate-mountain-bike-trekking-lago/ja,ja,夏のリヴィーニョ：マウンテンバイク、ハイキング、湖 | Ironwood Livigno,44,リヴィーニョは冬だけの場所ではありません。バイクパーク、レベル別のルート、夏に訪れたいリヴィーニョ湖をご紹介します。,58,夏のリヴィーニョ：マウンテンバイク、ハイキング、湖,リヴィーニョは冬だけの場所ではありません。バイクパーク、レベル別のルート、夏に訪れたいリヴィーニョ湖をご紹介します。,https://ironwoodlivigno.com/images/lago-livigno-panorama.jpg,ja_JP,0,summary_large_image
https://ironwoodlivigno.com/blog/cosa-mangiare-a-livigno-piatti-tipici,it,Cosa mangiare a Livigno: piatti tipici e dove provarli,54,"Pizzoccheri, sciatt e bresaola della Valtellina IGP: cosa mangiare a Livigno, come sono fatti i piatti tipici e dove provarli durante la vacanza.",145,Cosa mangiare a Livigno: piatti tipici e dove provarli,"Pizzoccheri, sciatt e bresaola della Valtellina IGP: cosa mangiare a Livigno, come sono fatti i piatti tipici e dove provarli durante la vacanza.",https://ironwoodlivigno.com/images/dettaglio-vini.jpg,,0,summary_large_image
https://ironwoodlivigno.com/blog/cosa-mangiare-a-livigno-piatti-tipici/en,en,What to Eat in Livigno: Traditional Valtellina Dishes,53,"Pizzoccheri, sciatt and bresaola: the traditional dishes to try during a holiday in Livigno, rooted in farming tradition and mountain ingredients.",146,What to Eat in Livigno: Traditional Valtellina Dishes,"Pizzoccheri, sciatt and bresaola: the traditional dishes to try during a holiday in Livigno, rooted in farming tradition and mountain ingredients.",https://ironwoodlivigno.com/images/dettaglio-vini.jpg,en_GB,0,summary_large_image
https://ironwoodlivigno.com/blog/cosa-mangiare-a-livigno-piatti-tipici/de,de,Was man in Livigno isst: Gerichte der Valtellina,48,"Pizzoccheri, Sciatt und Bresaola: die typischen Gerichte, die man während eines Urlaubs in Livigno probieren sollte.",116,Was man in Livigno isst: Gerichte der Valtellina,"Pizzoccheri, Sciatt und Bresaola: die typischen Gerichte, die man während eines Urlaubs in Livigno probieren sollte.",https://ironwoodlivigno.com/images/dettaglio-vini.jpg,de_DE,0,summary_large_image
https://ironwoodlivigno.com/blog/cosa-mangiare-a-livigno-piatti-tipici/pl,pl,Co zjeść w Livigno: typowe dania Valtelliny,43,"Pizzoccheri, sciatt i bresaola: typowe dania, których warto spróbować podczas urlopu w Livigno, zakorzenione w chłopskiej tradycji i górskich produktach.",153,Co zjeść w Livigno: typowe dania Valtelliny,"Pizzoccheri, sciatt i bresaola: typowe dania, których warto spróbować podczas urlopu w Livigno, zakorzenione w chłopskiej tradycji i górskich produktach.",https://ironwoodlivigno.com/images/dettaglio-vini.jpg,pl_PL,0,summary_large_image
https://ironwoodlivigno.com/blog/cosa-mangiare-a-livigno-piatti-tipici/nl,nl,Wat eten in Livigno: typische gerechten uit Valtellina,54,"Pizzoccheri, sciatt en bresaola: de typische gerechten om te proeven tijdens een vakantie in Livigno, geworteld in de boerentraditie van de bergen.",147,Wat eten in Livigno: typische gerechten uit Valtellina,"Pizzoccheri, sciatt en bresaola: de typische gerechten om te proeven tijdens een vakantie in Livigno, geworteld in de boerentraditie van de bergen.",https://ironwoodlivigno.com/images/dettaglio-vini.jpg,nl_NL,0,summary_large_image
https://ironwoodlivigno.com/blog/cosa-mangiare-a-livigno-piatti-tipici/cs,cs,Co jíst v Livignu: typická jídla z Valtelliny,45,"Pizzoccheri, sciatt a bresaola: typická jídla, která stojí za to ochutnat na dovolené v Livignu, vycházející z venkovské tradice a horských surovin.",148,Co jíst v Livignu: typická jídla z Valtelliny,"Pizzoccheri, sciatt a bresaola: typická jídla, která stojí za to ochutnat na dovolené v Livignu, vycházející z venkovské tradice a horských surovin.",https://ironwoodlivigno.com/images/dettaglio-vini.jpg,cs_CZ,0,summary_large_image
https://ironwoodlivigno.com/blog/cosa-mangiare-a-livigno-piatti-tipici/fr,fr,Que manger à Livigno : les plats typiques de la Valteline,57,"Pizzoccheri, sciatt et bresaola : les plats typiques à goûter pendant des vacances à Livigno, issus de la tradition paysanne et des produits de montagne.",153,Que manger à Livigno : les plats typiques de la Valteline,"Pizzoccheri, sciatt et bresaola : les plats typiques à goûter pendant des vacances à Livigno, issus de la tradition paysanne et des produits de montagne.",https://ironwoodlivigno.com/images/dettaglio-vini.jpg,fr_FR,0,summary_large_image
https://ironwoodlivigno.com/blog/cosa-mangiare-a-livigno-piatti-tipici/da,da,Hvad skal man spise i Livigno: typiske retter fra Valtellina,60,"Pizzoccheri, sciatt og bresaola: de typiske retter, du skal smage på en ferie i Livigno, med rødder i bondetraditionen og bjergenes råvarer.",140,Hvad skal man spise i Livigno: typiske retter fra Valtellina,"Pizzoccheri, sciatt og bresaola: de typiske retter, du skal smage på en ferie i Livigno, med rødder i bondetraditionen og bjergenes råvarer.",https://ironwoodlivigno.com/images/dettaglio-vini.jpg,da_DK,0,summary_large_image
https://ironwoodlivigno.com/blog/cosa-mangiare-a-livigno-piatti-tipici/no,no,Hva spiser man i Livigno: typiske retter fra Valtellina,55,"Pizzoccheri, sciatt og bresaola: de typiske rettene du bør smake på en ferie i Livigno, med røtter i bondetradisjonen og fjellets råvarer.",138,Hva spiser man i Livigno: typiske retter fra Valtellina,"Pizzoccheri, sciatt og bresaola: de typiske rettene du bør smake på en ferie i Livigno, med røtter i bondetradisjonen og fjellets råvarer.",https://ironwoodlivigno.com/images/dettaglio-vini.jpg,nb_NO,0,summary_large_image
https://ironwoodlivigno.com/blog/cosa-mangiare-a-livigno-piatti-tipici/zh,zh,利维尼奥吃什么：瓦尔泰利纳特色菜 | Ironwood Livigno,35,荞麦面 Pizzoccheri、奶酪荞麦球 Sciatt 和风干牛肉 Bresaola：在利维尼奥度假时值得品尝的特色菜，源自农耕传统和高山食材。,73,利维尼奥吃什么：瓦尔泰利纳特色菜,荞麦面 Pizzoccheri、奶酪荞麦球 Sciatt 和风干牛肉 Bresaola：在利维尼奥度假时值得品尝的特色菜，源自农耕传统和高山食材。,https://ironwoodlivigno.com/images/dettaglio-vini.jpg,zh_CN,0,summary_large_image
https://ironwoodlivigno.com/blog/cosa-mangiare-a-livigno-piatti-tipici/ja,ja,リヴィーニョで何を食べる？ヴァルテッリーナの郷土料理 | Ironwood Livigno,45,ピッツォッケリ、シャット、ブレザオラ：農村の伝統と山の食材から生まれた、リヴィーニョ滞在中に味わいたい郷土料理。,56,リヴィーニョで何を食べる？ヴァルテッリーナの郷土料理,ピッツォッケリ、シャット、ブレザオラ：農村の伝統と山の食材から生まれた、リヴィーニョ滞在中に味わいたい郷土料理。,https://ironwoodlivigno.com/images/dettaglio-vini.jpg,ja_JP,0,summary_large_image
https://ironwoodlivigno.com/blog/shopping-duty-free-livigno-cosa-comprare,it,Cosa comprare a Livigno: guida allo shopping duty-free,54,"Cosa conviene comprare a Livigno? Alcolici, tabacco, profumi e cosmetici in zona franca: cosa costa meno, i limiti di franchigia e dove fare shopping.",150,Cosa comprare a Livigno: guida allo shopping duty-free,"Cosa conviene comprare a Livigno? Alcolici, tabacco, profumi e cosmetici in zona franca: cosa costa meno, i limiti di franchigia e dove fare shopping.",https://ironwoodlivigno.com/images/livigno-vallata-inverno-bn.jpg,,0,summary_large_image
https://ironwoodlivigno.com/blog/shopping-duty-free-livigno-cosa-comprare/en,en,What to Buy in Livigno: Duty-Free Shopping Guide,48,"What to buy in Livigno's duty-free zone: spirits, tobacco, perfumes and cosmetics, what's genuinely worth it, the allowance limits, and where to shop.",150,What to Buy in Livigno: Duty-Free Shopping Guide,"What to buy in Livigno's duty-free zone: spirits, tobacco, perfumes and cosmetics, what's genuinely worth it, the allowance limits, and where to shop.",https://ironwoodlivigno.com/images/livigno-vallata-inverno-bn.jpg,en_GB,0,summary_large_image
https://ironwoodlivigno.com/blog/shopping-duty-free-livigno-cosa-comprare/de,de,Livigno zollfrei: Shopping-Tipps und was sich lohnt,51,"Livigno zollfrei: Shopping-Tipps zu Spirituosen, Tabak, Parfüm und Kosmetik, was sich wirklich lohnt, die Freigrenzen und wo man am besten einkauft.",148,Livigno zollfrei: Shopping-Tipps und was sich lohnt,"Livigno zollfrei: Shopping-Tipps zu Spirituosen, Tabak, Parfüm und Kosmetik, was sich wirklich lohnt, die Freigrenzen und wo man am besten einkauft.",https://ironwoodlivigno.com/images/livigno-vallata-inverno-bn.jpg,de_DE,0,summary_large_image
https://ironwoodlivigno.com/blog/shopping-duty-free-livigno-cosa-comprare/pl,pl,Co kupić w Livigno: przewodnik po zakupach bez cła,50,"Co kupić w strefie wolnocłowej Livigno: alkohol, tytoń, perfumy i kosmetyki, co naprawdę się opłaca, limity celne i gdzie robić zakupy.",135,Co kupić w Livigno: przewodnik po zakupach bez cła,"Co kupić w strefie wolnocłowej Livigno: alkohol, tytoń, perfumy i kosmetyki, co naprawdę się opłaca, limity celne i gdzie robić zakupy.",https://ironwoodlivigno.com/images/livigno-vallata-inverno-bn.jpg,pl_PL,0,summary_large_image
https://ironwoodlivigno.com/blog/shopping-duty-free-livigno-cosa-comprare/nl,nl,Wat kopen in Livigno: gids voor belastingvrij winkelen,54,"Wat je koopt in de belastingvrije zone van Livigno: sterke drank, tabak, parfum en cosmetica, wat echt voordelig is, de vrijstellingen en waar je winkelt.",154,Wat kopen in Livigno: gids voor belastingvrij winkelen,"Wat je koopt in de belastingvrije zone van Livigno: sterke drank, tabak, parfum en cosmetica, wat echt voordelig is, de vrijstellingen en waar je winkelt.",https://ironwoodlivigno.com/images/livigno-vallata-inverno-bn.jpg,nl_NL,0,summary_large_image
https://ironwoodlivigno.com/blog/shopping-duty-free-livigno-cosa-comprare/cs,cs,Co koupit v Livignu: průvodce bezcelními nákupy,47,"Co koupit v bezcelní zóně Livigna: alkohol, tabák, parfémy a kosmetiku, co se opravdu vyplatí, jaké jsou celní limity a kde nakupovat.",134,Co koupit v Livignu: průvodce bezcelními nákupy,"Co koupit v bezcelní zóně Livigna: alkohol, tabák, parfémy a kosmetiku, co se opravdu vyplatí, jaké jsou celní limity a kde nakupovat.",https://ironwoodlivigno.com/images/livigno-vallata-inverno-bn.jpg,cs_CZ,0,summary_large_image
https://ironwoodlivigno.com/blog/shopping-duty-free-livigno-cosa-comprare/fr,fr,Quoi acheter à Livigno : guide du shopping détaxé,49,"Que faut-il acheter dans la zone franche de Livigno ? Alcools, tabac, parfums et cosmétiques, ce qui vaut vraiment le coup, les franchises et où faire ses achats.",162,Quoi acheter à Livigno : guide du shopping détaxé,"Que faut-il acheter dans la zone franche de Livigno ? Alcools, tabac, parfums et cosmétiques, ce qui vaut vraiment le coup, les franchises et où faire ses achats.",https://ironwoodlivigno.com/images/livigno-vallata-inverno-bn.jpg,fr_FR,0,summary_large_image
https://ironwoodlivigno.com/blog/shopping-duty-free-livigno-cosa-comprare/da,da,Hvad skal man købe i Livigno: guide til toldfri shopping,56,"Hvad du kan købe i Livignos toldfrie zone: spiritus, tobak, parfume og kosmetik, hvad der virkelig kan betale sig, toldgrænserne og hvor du handler.",148,Hvad skal man købe i Livigno: guide til toldfri shopping,"Hvad du kan købe i Livignos toldfrie zone: spiritus, tobak, parfume og kosmetik, hvad der virkelig kan betale sig, toldgrænserne og hvor du handler.",https://ironwoodlivigno.com/images/livigno-vallata-inverno-bn.jpg,da_DK,0,summary_large_image
https://ironwoodlivigno.com/blog/shopping-duty-free-livigno-cosa-comprare/no,no,Hva kan man kjøpe i Livigno: guide til tollfri shopping,55,"Hva du kan kjøpe i Livignos tollfrie sone: brennevin, tobakk, parfyme og kosmetikk, hva som virkelig lønner seg, kvotene og hvor du handler.",140,Hva kan man kjøpe i Livigno: guide til tollfri shopping,"Hva du kan kjøpe i Livignos tollfrie sone: brennevin, tobakk, parfyme og kosmetikk, hva som virkelig lønner seg, kvotene og hvor du handler.",https://ironwoodlivigno.com/images/livigno-vallata-inverno-bn.jpg,nb_NO,0,summary_large_image
https://ironwoodlivigno.com/blog/shopping-duty-free-livigno-cosa-comprare/zh,zh,利维尼奥买什么：免税购物指南 | Ironwood Livigno,33,在利维尼奥免税区买什么：酒类、烟草、香水和化妆品，哪些真正划算，免税限额是多少，以及去哪里购物。,48,利维尼奥买什么：免税购物指南,在利维尼奥免税区买什么：酒类、烟草、香水和化妆品，哪些真正划算，免税限额是多少，以及去哪里购物。,https://ironwoodlivigno.com/images/livigno-vallata-inverno-bn.jpg,zh_CN,0,summary_large_image
https://ironwoodlivigno.com/blog/shopping-duty-free-livigno-cosa-comprare/ja,ja,リヴィーニョで何を買う？免税ショッピングガイド | Ironwood Livigno,42,リヴィーニョの免税地区で買うべきもの：お酒、たばこ、香水、化粧品。本当にお得なもの、免税範囲、買い物スポットをご紹介。,59,リヴィーニョで何を買う？免税ショッピングガイド,リヴィーニョの免税地区で買うべきもの：お酒、たばこ、香水、化粧品。本当にお得なもの、免税範囲、買い物スポットをご紹介。,https://ironwoodlivigno.com/images/livigno-vallata-inverno-bn.jpg,ja_JP,0,summary_large_image
https://ironwoodlivigno.com/blog/livigno-con-bambini-attivita-famiglia,it,Livigno con bambini: cosa fare in famiglia,42,"Piste per slittino, parchi neve e corsi di sci per i più piccoli: le attività family-friendly di Livigno, una delle sedi olimpiche di Milano Cortina 2026.",154,Livigno con bambini: cosa fare in famiglia,"Piste per slittino, parchi neve e corsi di sci per i più piccoli: le attività family-friendly di Livigno, una delle sedi olimpiche di Milano Cortina 2026.",https://ironwoodlivigno.com/images/appartamento-soggiorno.jpg,,0,summary_large_image
https://ironwoodlivigno.com/blog/livigno-con-bambini-attivita-famiglia/en,en,Livigno with Kids: Things to Do as a Family,43,"Toboggan runs, snow parks and ski lessons for the little ones: family-friendly activities in Livigno, one of the host venues of the Milan Cortina 2026 Olympics.",160,Livigno with Kids: Things to Do as a Family,"Toboggan runs, snow parks and ski lessons for the little ones: family-friendly activities in Livigno, one of the host venues of the Milan Cortina 2026 Olympics.",https://ironwoodlivigno.com/images/appartamento-soggiorno.jpg,en_GB,0,summary_large_image
https://ironwoodlivigno.com/blog/livigno-con-bambini-attivita-famiglia/de,de,Livigno mit Kindern: Familienaktivitäten | Ironwood Livigno,59,"Rodelbahnen, Schneeparks und Skikurse für die Kleinsten: familienfreundliche Aktivitäten in Livigno.",100,Livigno mit Kindern: Familienaktivitäten,"Rodelbahnen, Schneeparks und Skikurse für die Kleinsten: familienfreundliche Aktivitäten in Livigno.",https://ironwoodlivigno.com/images/appartamento-soggiorno.jpg,de_DE,0,summary_large_image
https://ironwoodlivigno.com/blog/livigno-con-bambini-attivita-famiglia/pl,pl,Livigno z dziećmi: co robić z rodziną | Ironwood Livigno,56,"Tory saneczkowe, snowparki i lekcje jazdy dla najmłodszych: atrakcje dla rodzin w Livigno, jednym z miejsc igrzysk olimpijskich Mediolan Cortina 2026.",150,Livigno z dziećmi: co robić z rodziną,"Tory saneczkowe, snowparki i lekcje jazdy dla najmłodszych: atrakcje dla rodzin w Livigno, jednym z miejsc igrzysk olimpijskich Mediolan Cortina 2026.",https://ironwoodlivigno.com/images/appartamento-soggiorno.jpg,pl_PL,0,summary_large_image
https://ironwoodlivigno.com/blog/livigno-con-bambini-attivita-famiglia/nl,nl,Livigno met kinderen: wat te doen met het gezin,47,"Rodelbanen, sneeuwparken en skilessen voor de kleintjes: gezinsvriendelijke activiteiten in Livigno, een van de locaties van de Olympische Spelen 2026.",151,Livigno met kinderen: wat te doen met het gezin,"Rodelbanen, sneeuwparken en skilessen voor de kleintjes: gezinsvriendelijke activiteiten in Livigno, een van de locaties van de Olympische Spelen 2026.",https://ironwoodlivigno.com/images/appartamento-soggiorno.jpg,nl_NL,0,summary_large_image
https://ironwoodlivigno.com/blog/livigno-con-bambini-attivita-famiglia/cs,cs,Livigno s dětmi: co dělat s rodinou | Ironwood Livigno,54,"Sáňkařské dráhy, sněhové parky a lekce lyžování pro nejmenší: rodinné aktivity v Livignu, jednom z dějišť olympijských her Milán Cortina 2026.",142,Livigno s dětmi: co dělat s rodinou,"Sáňkařské dráhy, sněhové parky a lekce lyžování pro nejmenší: rodinné aktivity v Livignu, jednom z dějišť olympijských her Milán Cortina 2026.",https://ironwoodlivigno.com/images/appartamento-soggiorno.jpg,cs_CZ,0,summary_large_image
https://ironwoodlivigno.com/blog/livigno-con-bambini-attivita-famiglia/fr,fr,Livigno avec des enfants : que faire en famille,47,"Luge, snowparks et cours de ski pour les petits : les activités en famille à Livigno, l'un des sites des Jeux olympiques d'hiver Milan Cortina 2026.",148,Livigno avec des enfants : que faire en famille,"Luge, snowparks et cours de ski pour les petits : les activités en famille à Livigno, l'un des sites des Jeux olympiques d'hiver Milan Cortina 2026.",https://ironwoodlivigno.com/images/appartamento-soggiorno.jpg,fr_FR,0,summary_large_image
https://ironwoodlivigno.com/blog/livigno-con-bambini-attivita-famiglia/da,da,Livigno med børn: hvad familien kan lave | Ironwood Livigno,59,"Kælkebaner, snowparker og skiskole for de mindste: familieaktiviteter i Livigno, et af stederne for vinter-OL Milano Cortina 2026.",130,Livigno med børn: hvad familien kan lave,"Kælkebaner, snowparker og skiskole for de mindste: familieaktiviteter i Livigno, et af stederne for vinter-OL Milano Cortina 2026.",https://ironwoodlivigno.com/images/appartamento-soggiorno.jpg,da_DK,0,summary_large_image
https://ironwoodlivigno.com/blog/livigno-con-bambini-attivita-famiglia/no,no,Livigno med barn: hva familien kan gjøre | Ironwood Livigno,59,"Akebakker, snowparker og skiskole for de minste: familieaktiviteter i Livigno, et av arenastedene for vinter-OL Milano Cortina 2026.",132,Livigno med barn: hva familien kan gjøre,"Akebakker, snowparker og skiskole for de minste: familieaktiviteter i Livigno, et av arenastedene for vinter-OL Milano Cortina 2026.",https://ironwoodlivigno.com/images/appartamento-soggiorno.jpg,nb_NO,0,summary_large_image
https://ironwoodlivigno.com/blog/livigno-con-bambini-attivita-famiglia/zh,zh,带孩子游利维尼奥：亲子活动推荐 | Ironwood Livigno,34,雪橇道、雪上乐园和儿童滑雪课：利维尼奥的亲子活动。这里是 2026 年米兰-科尔蒂纳冬奥会的比赛场地之一。,53,带孩子游利维尼奥：亲子活动推荐,雪橇道、雪上乐园和儿童滑雪课：利维尼奥的亲子活动。这里是 2026 年米兰-科尔蒂纳冬奥会的比赛场地之一。,https://ironwoodlivigno.com/images/appartamento-soggiorno.jpg,zh_CN,0,summary_large_image
https://ironwoodlivigno.com/blog/livigno-con-bambini-attivita-famiglia/ja,ja,子連れでリヴィーニョ：家族で楽しめること | Ironwood Livigno,39,そり、スノーパーク、子ども向けスキーレッスン：2026年ミラノ・コルティナ冬季五輪の会場のひとつ、リヴィーニョのファミリー向けアクティビティ。,71,子連れでリヴィーニョ：家族で楽しめること,そり、スノーパーク、子ども向けスキーレッスン：2026年ミラノ・コルティナ冬季五輪の会場のひとつ、リヴィーニョのファミリー向けアクティビティ。,https://ironwoodlivigno.com/images/appartamento-soggiorno.jpg,ja_JP,0,summary_large_image
https://ironwoodlivigno.com/blog/livigno-estate-10-esperienze-imperdibili,it,Cosa fare a Livigno in estate: 10 esperienze da non perdere,59,"Mountain bike, trekking, Lago di Livigno, canoa e Carosello 3000: 10 cose da fare a Livigno in estate, con qualche consiglio pratico per organizzarti.",150,Cosa fare a Livigno in estate: 10 esperienze da non perdere,"Mountain bike, trekking, Lago di Livigno, canoa e Carosello 3000: 10 cose da fare a Livigno in estate, con qualche consiglio pratico per organizzarti.",https://ironwoodlivigno.com/images/arnica-fiori-alpini-livigno.jpg,,0,summary_large_image
https://ironwoodlivigno.com/blog/livigno-estate-10-esperienze-imperdibili/en,en,What to Do in Livigno in Summer: 10 Unmissable Experiences,58,"From mountain biking to Lake Livigno, from duty-free shopping to the private sauna: 10 experiences not to miss during a summer holiday in Livigno.",146,What to Do in Livigno in Summer: 10 Unmissable Experiences,"From mountain biking to Lake Livigno, from duty-free shopping to the private sauna: 10 experiences not to miss during a summer holiday in Livigno.",https://ironwoodlivigno.com/images/arnica-fiori-alpini-livigno.jpg,en_GB,0,summary_large_image
https://ironwoodlivigno.com/blog/livigno-estate-10-esperienze-imperdibili/de,de,Was man in Livigno im Sommer erleben kann: 10 Highlights,56,Von Mountainbiken über den Lago di Livigno bis zum Duty-free-Shopping: 10 Erlebnisse für den Sommerurlaub in Livigno.,117,Was man in Livigno im Sommer erleben kann: 10 Highlights,Von Mountainbiken über den Lago di Livigno bis zum Duty-free-Shopping: 10 Erlebnisse für den Sommerurlaub in Livigno.,https://ironwoodlivigno.com/images/arnica-fiori-alpini-livigno.jpg,de_DE,0,summary_large_image
https://ironwoodlivigno.com/blog/livigno-estate-10-esperienze-imperdibili/pl,pl,"Co robić w Livigno latem: 10 atrakcji, których nie przegapisz",61,"Od roweru górskiego po jezioro Lago di Livigno, od zakupów bez cła po prywatną saunę: 10 atrakcji, których nie można przegapić latem w Livigno.",143,"Co robić w Livigno latem: 10 atrakcji, których nie przegapisz","Od roweru górskiego po jezioro Lago di Livigno, od zakupów bez cła po prywatną saunę: 10 atrakcji, których nie można przegapić latem w Livigno.",https://ironwoodlivigno.com/images/arnica-fiori-alpini-livigno.jpg,pl_PL,0,summary_large_image
https://ironwoodlivigno.com/blog/livigno-estate-10-esperienze-imperdibili/nl,nl,Wat te doen in Livigno in de zomer: 10 belevenissen,51,"Van mountainbiken tot het Lago di Livigno, van belastingvrij winkelen tot de privésauna: 10 dingen die je niet mag missen tijdens een zomer in Livigno.",151,Wat te doen in Livigno in de zomer: 10 belevenissen,"Van mountainbiken tot het Lago di Livigno, van belastingvrij winkelen tot de privésauna: 10 dingen die je niet mag missen tijdens een zomer in Livigno.",https://ironwoodlivigno.com/images/arnica-fiori-alpini-livigno.jpg,nl_NL,0,summary_large_image
https://ironwoodlivigno.com/blog/livigno-estate-10-esperienze-imperdibili/cs,cs,"Co dělat v Livignu v létě: 10 zážitků, které nevynechat",55,"Od horských kol po jezero Lago di Livigno, od bezcelních nákupů po soukromou saunu: 10 zážitků, které byste si v létě v Livignu neměli nechat ujít.",147,"Co dělat v Livignu v létě: 10 zážitků, které nevynechat","Od horských kol po jezero Lago di Livigno, od bezcelních nákupů po soukromou saunu: 10 zážitků, které byste si v létě v Livignu neměli nechat ujít.",https://ironwoodlivigno.com/images/arnica-fiori-alpini-livigno.jpg,cs_CZ,0,summary_large_image
https://ironwoodlivigno.com/blog/livigno-estate-10-esperienze-imperdibili/fr,fr,Que faire à Livigno en été : 10 expériences incontournables,59,"Du VTT au lac de Livigno, du shopping détaxé au sauna privé : 10 expériences à ne pas manquer pendant des vacances d'été à Livigno.",131,Que faire à Livigno en été : 10 expériences incontournables,"Du VTT au lac de Livigno, du shopping détaxé au sauna privé : 10 expériences à ne pas manquer pendant des vacances d'été à Livigno.",https://ironwoodlivigno.com/images/arnica-fiori-alpini-livigno.jpg,fr_FR,0,summary_large_image
https://ironwoodlivigno.com/blog/livigno-estate-10-esperienze-imperdibili/da,da,Hvad kan man lave i Livigno om sommeren: 10 oplevelser,54,"Fra mountainbike til Lago di Livigno, fra toldfri shopping til den private sauna: 10 oplevelser, du ikke må gå glip af på en sommerferie i Livigno.",147,Hvad kan man lave i Livigno om sommeren: 10 oplevelser,"Fra mountainbike til Lago di Livigno, fra toldfri shopping til den private sauna: 10 oplevelser, du ikke må gå glip af på en sommerferie i Livigno.",https://ironwoodlivigno.com/images/arnica-fiori-alpini-livigno.jpg,da_DK,0,summary_large_image
https://ironwoodlivigno.com/blog/livigno-estate-10-esperienze-imperdibili/no,no,Hva kan man gjøre i Livigno om sommeren: 10 opplevelser,55,"Fra terrengsykkel til Lago di Livigno, fra tollfri shopping til den private badstuen: 10 opplevelser du ikke bør gå glipp av en sommer i Livigno.",145,Hva kan man gjøre i Livigno om sommeren: 10 opplevelser,"Fra terrengsykkel til Lago di Livigno, fra tollfri shopping til den private badstuen: 10 opplevelser du ikke bør gå glipp av en sommer i Livigno.",https://ironwoodlivigno.com/images/arnica-fiori-alpini-livigno.jpg,nb_NO,0,summary_large_image
https://ironwoodlivigno.com/blog/livigno-estate-10-esperienze-imperdibili/zh,zh,夏季利维尼奥玩什么：10 种不容错过的体验 | Ironwood Livigno,40,从山地车到利维尼奥湖，从免税购物到私人桑拿：在利维尼奥过夏天不容错过的 10 种体验。,43,夏季利维尼奥玩什么：10 种不容错过的体验,从山地车到利维尼奥湖，从免税购物到私人桑拿：在利维尼奥过夏天不容错过的 10 种体验。,https://ironwoodlivigno.com/images/arnica-fiori-alpini-livigno.jpg,zh_CN,0,summary_large_image
https://ironwoodlivigno.com/blog/livigno-estate-10-esperienze-imperdibili/ja,ja,夏のリヴィーニョでしたい10のこと | Ironwood Livigno,36,マウンテンバイクからリヴィーニョ湖、免税ショッピングからプライベートサウナまで：夏のリヴィーニョで見逃せない10の体験。,60,夏のリヴィーニョでしたい10のこと,マウンテンバイクからリヴィーニョ湖、免税ショッピングからプライベートサウナまで：夏のリヴィーニョで見逃せない10の体験。,https://ironwoodlivigno.com/images/arnica-fiori-alpini-livigno.jpg,ja_JP,0,summary_large_image
https://ironwoodlivigno.com/blog/migliori-piste-sci-livigno-famiglie,it,Migliori piste da sci a Livigno per famiglie,44,"Quale versante scegliere, dove sono la scuola sci e il minibob, e come organizzare giornate sulla neve con bambini: la guida per famiglie a Livigno.",148,Migliori piste da sci a Livigno per famiglie,"Quale versante scegliere, dove sono la scuola sci e il minibob, e come organizzare giornate sulla neve con bambini: la guida per famiglie a Livigno.",https://ironwoodlivigno.com/images/cane-neve-livigno.jpg,,0,summary_large_image
https://ironwoodlivigno.com/blog/migliori-piste-sci-livigno-famiglie/en,en,Best Ski Slopes in Livigno for Families | Ironwood Livigno,58,"Which side to choose, where to find the ski school and the minibob run, and how to plan days on the snow with children: the family guide to skiing in Livigno.",158,Best Ski Slopes in Livigno for Families,"Which side to choose, where to find the ski school and the minibob run, and how to plan days on the snow with children: the family guide to skiing in Livigno.",https://ironwoodlivigno.com/images/cane-neve-livigno.jpg,en_GB,0,summary_large_image
https://ironwoodlivigno.com/blog/migliori-piste-sci-livigno-famiglie/de,de,Die besten Skipisten in Livigno für Familien,44,"Welche Seite wählen, wo Skischule und Minibob zu finden sind, und wie man Schneetage mit Kindern plant: der Familienratgeber für Livigno.",137,Die besten Skipisten in Livigno für Familien,"Welche Seite wählen, wo Skischule und Minibob zu finden sind, und wie man Schneetage mit Kindern plant: der Familienratgeber für Livigno.",https://ironwoodlivigno.com/images/cane-neve-livigno.jpg,de_DE,0,summary_large_image
https://ironwoodlivigno.com/blog/migliori-piste-sci-livigno-famiglie/pl,pl,Najlepsze trasy narciarskie w Livigno dla rodzin,48,"Które zbocze wybrać, gdzie jest szkoła narciarska i tor minibobowy oraz jak zaplanować dni na śniegu z dziećmi: rodzinny przewodnik po nartach w Livigno.",153,Najlepsze trasy narciarskie w Livigno dla rodzin,"Które zbocze wybrać, gdzie jest szkoła narciarska i tor minibobowy oraz jak zaplanować dni na śniegu z dziećmi: rodzinny przewodnik po nartach w Livigno.",https://ironwoodlivigno.com/images/cane-neve-livigno.jpg,pl_PL,0,summary_large_image
https://ironwoodlivigno.com/blog/migliori-piste-sci-livigno-famiglie/nl,nl,De beste skipistes in Livigno voor gezinnen,43,"Welke kant kiezen, waar de skischool en de minibobbaan zijn en hoe je sneeuwdagen met kinderen plant: de gezinsgids voor skiën in Livigno.",138,De beste skipistes in Livigno voor gezinnen,"Welke kant kiezen, waar de skischool en de minibobbaan zijn en hoe je sneeuwdagen met kinderen plant: de gezinsgids voor skiën in Livigno.",https://ironwoodlivigno.com/images/cane-neve-livigno.jpg,nl_NL,0,summary_large_image
https://ironwoodlivigno.com/blog/migliori-piste-sci-livigno-famiglie/cs,cs,Nejlepší sjezdovky v Livignu pro rodiny | Ironwood Livigno,58,"Který svah zvolit, kde je lyžařská škola a minibobová dráha a jak naplánovat dny na sněhu s dětmi: rodinný průvodce lyžováním v Livignu.",136,Nejlepší sjezdovky v Livignu pro rodiny,"Který svah zvolit, kde je lyžařská škola a minibobová dráha a jak naplánovat dny na sněhu s dětmi: rodinný průvodce lyžováním v Livignu.",https://ironwoodlivigno.com/images/cane-neve-livigno.jpg,cs_CZ,0,summary_large_image
https://ironwoodlivigno.com/blog/migliori-piste-sci-livigno-famiglie/fr,fr,Les meilleures pistes de ski de Livigno pour les familles,57,"Quel versant choisir, où trouver l'école de ski et la piste de minibob, et comment organiser les journées sur la neige avec des enfants : le guide famille.",155,Les meilleures pistes de ski de Livigno pour les familles,"Quel versant choisir, où trouver l'école de ski et la piste de minibob, et comment organiser les journées sur la neige avec des enfants : le guide famille.",https://ironwoodlivigno.com/images/cane-neve-livigno.jpg,fr_FR,0,summary_large_image
https://ironwoodlivigno.com/blog/migliori-piste-sci-livigno-famiglie/da,da,De bedste skipister i Livigno for familier,42,"Hvilken side du skal vælge, hvor skiskolen og minibobbanen er, og hvordan du planlægger dage på sneen med børn: familieguiden til skiferie i Livigno.",149,De bedste skipister i Livigno for familier,"Hvilken side du skal vælge, hvor skiskolen og minibobbanen er, og hvordan du planlægger dage på sneen med børn: familieguiden til skiferie i Livigno.",https://ironwoodlivigno.com/images/cane-neve-livigno.jpg,da_DK,0,summary_large_image
https://ironwoodlivigno.com/blog/migliori-piste-sci-livigno-famiglie/no,no,De beste skibakkene i Livigno for familier,42,"Hvilken side du bør velge, hvor skiskolen og minibobbakken er, og hvordan du planlegger dager i snøen med barn: familieguiden til ski i Livigno.",144,De beste skibakkene i Livigno for familier,"Hvilken side du bør velge, hvor skiskolen og minibobbakken er, og hvordan du planlegger dager i snøen med barn: familieguiden til ski i Livigno.",https://ironwoodlivigno.com/images/cane-neve-livigno.jpg,nb_NO,0,summary_large_image
https://ironwoodlivigno.com/blog/migliori-piste-sci-livigno-famiglie/zh,zh,利维尼奥最适合家庭的滑雪道 | Ironwood Livigno,32,选择哪一侧雪场、滑雪学校和迷你雪车道在哪里，以及如何安排带孩子的滑雪日：利维尼奥家庭滑雪指南。,47,利维尼奥最适合家庭的滑雪道,选择哪一侧雪场、滑雪学校和迷你雪车道在哪里，以及如何安排带孩子的滑雪日：利维尼奥家庭滑雪指南。,https://ironwoodlivigno.com/images/cane-neve-livigno.jpg,zh_CN,0,summary_large_image
https://ironwoodlivigno.com/blog/migliori-piste-sci-livigno-famiglie/ja,ja,家族におすすめのリヴィーニョのゲレンデ | Ironwood Livigno,38,どちらの斜面を選ぶか、スキースクールとミニボブコースの場所、子どもと雪の上で過ごす日の計画の立て方：リヴィーニョのファミリースキーガイド。,69,家族におすすめのリヴィーニョのゲレンデ,どちらの斜面を選ぶか、スキースクールとミニボブコースの場所、子どもと雪の上で過ごす日の計画の立て方：リヴィーニョのファミリースキーガイド。,https://ironwoodlivigno.com/images/cane-neve-livigno.jpg,ja_JP,0,summary_large_image
https://ironwoodlivigno.com/blog/sauna-privata-vs-condivisa-livigno,it,Sauna privata vs condivisa a Livigno: perché sceglierla,55,"Sauna privata o spa condivisa in hotel? Vantaggi reali, orari, igiene e comfort: cosa considerare prima di prenotare il tuo alloggio a Livigno.",143,Sauna privata vs condivisa a Livigno: perché sceglierla,"Sauna privata o spa condivisa in hotel? Vantaggi reali, orari, igiene e comfort: cosa considerare prima di prenotare il tuo alloggio a Livigno.",https://ironwoodlivigno.com/images/sauna-vista-montagna.jpg,,0,summary_large_image
https://ironwoodlivigno.com/blog/sauna-privata-vs-condivisa-livigno/en,en,Private Sauna vs Shared: Why Choose an Exclusive Spa,52,"Private sauna or shared spa in a hotel? Real advantages, timing, hygiene and comfort: what to consider before booking your stay in Livigno.",139,Private Sauna vs Shared: Why Choose an Exclusive Spa,"Private sauna or shared spa in a hotel? Real advantages, timing, hygiene and comfort: what to consider before booking your stay in Livigno.",https://ironwoodlivigno.com/images/sauna-vista-montagna.jpg,en_GB,0,summary_large_image
https://ironwoodlivigno.com/blog/sauna-privata-vs-condivisa-livigno/de,de,Private vs. geteilte Sauna: Warum ein eigenes Spa wählen,56,"Private Sauna oder Gemeinschaftsspa im Hotel? Echte Vorteile, Hygiene und Komfort vor der Buchung in Livigno.",109,Private vs. geteilte Sauna: Warum ein eigenes Spa wählen,"Private Sauna oder Gemeinschaftsspa im Hotel? Echte Vorteile, Hygiene und Komfort vor der Buchung in Livigno.",https://ironwoodlivigno.com/images/sauna-vista-montagna.jpg,de_DE,0,summary_large_image
https://ironwoodlivigno.com/blog/sauna-privata-vs-condivisa-livigno/pl,pl,Prywatna sauna czy wspólna: dlaczego wybrać własne spa,54,"Prywatna sauna czy wspólne spa w hotelu? Realne różnice w czasie, higienie i komforcie: co wziąć pod uwagę przed rezerwacją pobytu w Livigno.",141,Prywatna sauna czy wspólna: dlaczego wybrać własne spa,"Prywatna sauna czy wspólne spa w hotelu? Realne różnice w czasie, higienie i komforcie: co wziąć pod uwagę przed rezerwacją pobytu w Livigno.",https://ironwoodlivigno.com/images/sauna-vista-montagna.jpg,pl_PL,0,summary_large_image
https://ironwoodlivigno.com/blog/sauna-privata-vs-condivisa-livigno/nl,nl,Privésauna of gedeelde sauna: waarom een eigen spa,50,"Privésauna of gedeelde spa in een hotel? De echte voordelen op het gebied van tijd, hygiëne en comfort: waar je op let voordat je je verblijf in Livigno boekt.",159,Privésauna of gedeelde sauna: waarom een eigen spa,"Privésauna of gedeelde spa in een hotel? De echte voordelen op het gebied van tijd, hygiëne en comfort: waar je op let voordat je je verblijf in Livigno boekt.",https://ironwoodlivigno.com/images/sauna-vista-montagna.jpg,nl_NL,0,summary_large_image
https://ironwoodlivigno.com/blog/sauna-privata-vs-condivisa-livigno/cs,cs,"Soukromá, nebo sdílená sauna: proč zvolit vlastní spa",53,"Soukromá sauna, nebo sdílené spa v hotelu? Skutečné rozdíly v čase, hygieně a pohodlí: na co myslet, než si zarezervujete pobyt v Livignu.",138,"Soukromá, nebo sdílená sauna: proč zvolit vlastní spa","Soukromá sauna, nebo sdílené spa v hotelu? Skutečné rozdíly v čase, hygieně a pohodlí: na co myslet, než si zarezervujete pobyt v Livignu.",https://ironwoodlivigno.com/images/sauna-vista-montagna.jpg,cs_CZ,0,summary_large_image
https://ironwoodlivigno.com/blog/sauna-privata-vs-condivisa-livigno/fr,fr,Sauna privé ou partagé : pourquoi choisir son propre spa,56,"Sauna privé ou spa partagé à l'hôtel ? Les vraies différences d'horaires, d'hygiène et de confort : ce qu'il faut savoir avant de réserver à Livigno.",149,Sauna privé ou partagé : pourquoi choisir son propre spa,"Sauna privé ou spa partagé à l'hôtel ? Les vraies différences d'horaires, d'hygiène et de confort : ce qu'il faut savoir avant de réserver à Livigno.",https://ironwoodlivigno.com/images/sauna-vista-montagna.jpg,fr_FR,0,summary_large_image
https://ironwoodlivigno.com/blog/sauna-privata-vs-condivisa-livigno/da,da,Privat eller delt sauna: hvorfor vælge sit eget spa,51,"Privat sauna eller delt spa på hotellet? De reelle forskelle i tid, hygiejne og komfort: det skal du overveje, før du booker dit ophold i Livigno.",146,Privat eller delt sauna: hvorfor vælge sit eget spa,"Privat sauna eller delt spa på hotellet? De reelle forskelle i tid, hygiejne og komfort: det skal du overveje, før du booker dit ophold i Livigno.",https://ironwoodlivigno.com/images/sauna-vista-montagna.jpg,da_DK,0,summary_large_image
https://ironwoodlivigno.com/blog/sauna-privata-vs-condivisa-livigno/no,no,Privat eller delt badstue: hvorfor velge ditt eget spa,54,"Privat badstue eller delt spa på hotellet? De reelle forskjellene i tid, hygiene og komfort: dette bør du tenke på før du bestiller oppholdet i Livigno.",152,Privat eller delt badstue: hvorfor velge ditt eget spa,"Privat badstue eller delt spa på hotellet? De reelle forskjellene i tid, hygiene og komfort: dette bør du tenke på før du bestiller oppholdet i Livigno.",https://ironwoodlivigno.com/images/sauna-vista-montagna.jpg,nb_NO,0,summary_large_image
https://ironwoodlivigno.com/blog/sauna-privata-vs-condivisa-livigno/zh,zh,私人桑拿还是共享桑拿：为什么选择专属水疗 | Ironwood Livigno,39,私人桑拿还是酒店共享水疗？时间安排、卫生和舒适度的真实差别：预订利维尼奥住宿前值得考虑的事项。,47,私人桑拿还是共享桑拿：为什么选择专属水疗,私人桑拿还是酒店共享水疗？时间安排、卫生和舒适度的真实差别：预订利维尼奥住宿前值得考虑的事项。,https://ironwoodlivigno.com/images/sauna-vista-montagna.jpg,zh_CN,0,summary_large_image
https://ironwoodlivigno.com/blog/sauna-privata-vs-condivisa-livigno/ja,ja,プライベートサウナと共用サウナ：専用スパを選ぶ理由 | Ironwood Livigno,44,プライベートサウナか、ホテルの共用スパか。時間、衛生、快適さの本当の違いと、リヴィーニョの宿を予約する前に考えたいこと。,60,プライベートサウナと共用サウナ：専用スパを選ぶ理由,プライベートサウナか、ホテルの共用スパか。時間、衛生、快適さの本当の違いと、リヴィーニョの宿を予約する前に考えたいこと。,https://ironwoodlivigno.com/images/sauna-vista-montagna.jpg,ja_JP,0,summary_large_image
https://ironwoodlivigno.com/blog/quanto-costa-sciare-a-livigno-guida-prezzi,it,Quanto costa sciare a Livigno: guida ai prezzi,46,"Skipass, noleggio attrezzatura, scuola sci e alloggio: una guida pratica ai costi di una settimana bianca a Livigno, con consigli concreti per risparmiare.",155,Quanto costa sciare a Livigno: guida ai prezzi,"Skipass, noleggio attrezzatura, scuola sci e alloggio: una guida pratica ai costi di una settimana bianca a Livigno, con consigli concreti per risparmiare.",https://ironwoodlivigno.com/images/livigno-skilift-vallata-nebbia.jpg,,0,summary_large_image
https://ironwoodlivigno.com/blog/quanto-costa-sciare-a-livigno-guida-prezzi/en,en,How Much Does It Cost to Ski in Livigno: A Price Guide,54,"Ski pass, equipment rental, ski school and accommodation: a practical guide to the cost of a ski week in Livigno, with concrete tips to spend less.",147,How Much Does It Cost to Ski in Livigno: A Price Guide,"Ski pass, equipment rental, ski school and accommodation: a practical guide to the cost of a ski week in Livigno, with concrete tips to spend less.",https://ironwoodlivigno.com/images/livigno-skilift-vallata-nebbia.jpg,en_GB,0,summary_large_image
https://ironwoodlivigno.com/blog/quanto-costa-sciare-a-livigno-guida-prezzi/de,de,Wie viel kostet Skifahren in Livigno? Ein Preisleitfaden,56,"Skipass, Ausrüstungsverleih, Skischule und Unterkunft: ein praktischer Leitfaden zu den Kosten einer Skiwoche in Livigno, mit konkreten Spartipps.",146,Wie viel kostet Skifahren in Livigno? Ein Preisleitfaden,"Skipass, Ausrüstungsverleih, Skischule und Unterkunft: ein praktischer Leitfaden zu den Kosten einer Skiwoche in Livigno, mit konkreten Spartipps.",https://ironwoodlivigno.com/images/livigno-skilift-vallata-nebbia.jpg,de_DE,0,summary_large_image
https://ironwoodlivigno.com/blog/quanto-costa-sciare-a-livigno-guida-prezzi/pl,pl,Ile kosztują narty w Livigno? Przewodnik po cenach,50,"Karnet, wypożyczenie sprzętu, szkoła narciarska i nocleg: praktyczny przewodnik po kosztach tygodnia na nartach w Livigno, z konkretnymi sposobami na oszczędność.",162,Ile kosztują narty w Livigno? Przewodnik po cenach,"Karnet, wypożyczenie sprzętu, szkoła narciarska i nocleg: praktyczny przewodnik po kosztach tygodnia na nartach w Livigno, z konkretnymi sposobami na oszczędność.",https://ironwoodlivigno.com/images/livigno-skilift-vallata-nebbia.jpg,pl_PL,0,summary_large_image
https://ironwoodlivigno.com/blog/quanto-costa-sciare-a-livigno-guida-prezzi/nl,nl,Wat kost skiën in Livigno? Een prijsgids | Ironwood Livigno,59,"Skipas, materiaalhuur, skischool en accommodatie: een praktische gids over de kosten van een skiweek in Livigno, met concrete tips om minder uit te geven.",154,Wat kost skiën in Livigno? Een prijsgids,"Skipas, materiaalhuur, skischool en accommodatie: een praktische gids over de kosten van een skiweek in Livigno, met concrete tips om minder uit te geven.",https://ironwoodlivigno.com/images/livigno-skilift-vallata-nebbia.jpg,nl_NL,0,summary_large_image
https://ironwoodlivigno.com/blog/quanto-costa-sciare-a-livigno-guida-prezzi/cs,cs,Kolik stojí lyžování v Livignu? Průvodce cenami,47,"Skipas, půjčovna vybavení, lyžařská škola a ubytování: praktický průvodce náklady na lyžařský týden v Livignu, s konkrétními tipy, jak ušetřit.",143,Kolik stojí lyžování v Livignu? Průvodce cenami,"Skipas, půjčovna vybavení, lyžařská škola a ubytování: praktický průvodce náklady na lyžařský týden v Livignu, s konkrétními tipy, jak ušetřit.",https://ironwoodlivigno.com/images/livigno-skilift-vallata-nebbia.jpg,cs_CZ,0,summary_large_image
https://ironwoodlivigno.com/blog/quanto-costa-sciare-a-livigno-guida-prezzi/fr,fr,Combien coûte le ski à Livigno ? Guide des prix,47,"Forfait, location, école de ski et hébergement : le coût réel d'une semaine de ski à Livigno, avec des conseils concrets pour dépenser moins.",141,Combien coûte le ski à Livigno ? Guide des prix,"Forfait, location, école de ski et hébergement : le coût réel d'une semaine de ski à Livigno, avec des conseils concrets pour dépenser moins.",https://ironwoodlivigno.com/images/livigno-skilift-vallata-nebbia.jpg,fr_FR,0,summary_large_image
https://ironwoodlivigno.com/blog/quanto-costa-sciare-a-livigno-guida-prezzi/da,da,Hvad koster en skiferie i Livigno? En prisguide,47,"Liftkort, leje af udstyr, skiskole og overnatning: en praktisk guide til prisen på en skiuge i Livigno, med konkrete råd til at bruge færre penge.",146,Hvad koster en skiferie i Livigno? En prisguide,"Liftkort, leje af udstyr, skiskole og overnatning: en praktisk guide til prisen på en skiuge i Livigno, med konkrete råd til at bruge færre penge.",https://ironwoodlivigno.com/images/livigno-skilift-vallata-nebbia.jpg,da_DK,0,summary_large_image
https://ironwoodlivigno.com/blog/quanto-costa-sciare-a-livigno-guida-prezzi/no,no,Hva koster en skiferie i Livigno? En prisguide,46,"Heiskort, utstyrsleie, skiskole og overnatting: en praktisk guide til hva en skiuke i Livigno koster, med konkrete tips for å bruke mindre.",139,Hva koster en skiferie i Livigno? En prisguide,"Heiskort, utstyrsleie, skiskole og overnatting: en praktisk guide til hva en skiuke i Livigno koster, med konkrete tips for å bruke mindre.",https://ironwoodlivigno.com/images/livigno-skilift-vallata-nebbia.jpg,nb_NO,0,summary_large_image
https://ironwoodlivigno.com/blog/quanto-costa-sciare-a-livigno-guida-prezzi/zh,zh,在利维尼奥滑雪要花多少钱？价格指南 | Ironwood Livigno,36,雪票、装备租赁、滑雪学校和住宿：利维尼奥一周滑雪费用的实用指南，并附上省钱的具体建议。,43,在利维尼奥滑雪要花多少钱？价格指南,雪票、装备租赁、滑雪学校和住宿：利维尼奥一周滑雪费用的实用指南，并附上省钱的具体建议。,https://ironwoodlivigno.com/images/livigno-skilift-vallata-nebbia.jpg,zh_CN,0,summary_large_image
https://ironwoodlivigno.com/blog/quanto-costa-sciare-a-livigno-guida-prezzi/ja,ja,リヴィーニョのスキー費用はいくら？料金ガイド | Ironwood Livigno,41,リフト券、レンタル、スキースクール、宿泊：リヴィーニョでのスキー一週間の費用の実用ガイドと、出費を抑える具体的なコツ。,59,リヴィーニョのスキー費用はいくら？料金ガイド,リフト券、レンタル、スキースクール、宿泊：リヴィーニョでのスキー一週間の費用の実用ガイドと、出費を抑える具体的なコツ。,https://ironwoodlivigno.com/images/livigno-skilift-vallata-nebbia.jpg,ja_JP,0,summary_large_image
https://ironwoodlivigno.com/blog/natale-capodanno-a-livigno,it,Natale e Capodanno a Livigno: cosa aspettarsi,45,"Mercatini, luci sulla neve, piste aperte e festa in piazza a Capodanno: cosa sapere se organizzi la tua vacanza di fine anno a Livigno.",135,Natale e Capodanno a Livigno: cosa aspettarsi,"Mercatini, luci sulla neve, piste aperte e festa in piazza a Capodanno: cosa sapere se organizzi la tua vacanza di fine anno a Livigno.",https://ironwoodlivigno.com/images/livigno-notte-neve-luci.jpg,,0,summary_large_image
https://ironwoodlivigno.com/blog/natale-capodanno-a-livigno/en,en,Christmas and New Year in Livigno: What to Expect,49,"Markets, lights on the snow, open slopes and a New Year's Eve party in the square: what to know if you're planning your end-of-year holiday in Livigno.",151,Christmas and New Year in Livigno: What to Expect,"Markets, lights on the snow, open slopes and a New Year's Eve party in the square: what to know if you're planning your end-of-year holiday in Livigno.",https://ironwoodlivigno.com/images/livigno-notte-neve-luci.jpg,en_GB,0,summary_large_image
https://ironwoodlivigno.com/blog/natale-capodanno-a-livigno/de,de,Weihnachten und Silvester in Livigno: Was Sie erwartet,54,"Märkte, Lichter im Schnee, geöffnete Pisten und eine Silvesterfeier auf dem Platz: was Sie wissen sollten, wenn Sie Ihren Jahreswechsel in Livigno planen.",154,Weihnachten und Silvester in Livigno: Was Sie erwartet,"Märkte, Lichter im Schnee, geöffnete Pisten und eine Silvesterfeier auf dem Platz: was Sie wissen sollten, wenn Sie Ihren Jahreswechsel in Livigno planen.",https://ironwoodlivigno.com/images/livigno-notte-neve-luci.jpg,de_DE,0,summary_large_image
https://ironwoodlivigno.com/blog/natale-capodanno-a-livigno/pl,pl,Boże Narodzenie i Sylwester w Livigno: czego się spodziewać,59,"Jarmarki, światła na śniegu, otwarte stoki i sylwester na placu: co warto wiedzieć, jeśli planujesz koniec roku w Livigno.",122,Boże Narodzenie i Sylwester w Livigno: czego się spodziewać,"Jarmarki, światła na śniegu, otwarte stoki i sylwester na placu: co warto wiedzieć, jeśli planujesz koniec roku w Livigno.",https://ironwoodlivigno.com/images/livigno-notte-neve-luci.jpg,pl_PL,0,summary_large_image
https://ironwoodlivigno.com/blog/natale-capodanno-a-livigno/nl,nl,Kerst en Oud en Nieuw in Livigno: wat je kunt verwachten,56,"Markten, lichtjes op de sneeuw, open pistes en een oudejaarsfeest op het plein: wat je moet weten als je de jaarwisseling in Livigno plant.",139,Kerst en Oud en Nieuw in Livigno: wat je kunt verwachten,"Markten, lichtjes op de sneeuw, open pistes en een oudejaarsfeest op het plein: wat je moet weten als je de jaarwisseling in Livigno plant.",https://ironwoodlivigno.com/images/livigno-notte-neve-luci.jpg,nl_NL,0,summary_large_image
https://ironwoodlivigno.com/blog/natale-capodanno-a-livigno/cs,cs,Vánoce a Silvestr v Livignu: co čekat | Ironwood Livigno,56,"Trhy, světla na sněhu, otevřené sjezdovky a silvestrovská oslava na náměstí: co vědět, když plánujete konec roku v Livignu.",123,Vánoce a Silvestr v Livignu: co čekat,"Trhy, světla na sněhu, otevřené sjezdovky a silvestrovská oslava na náměstí: co vědět, když plánujete konec roku v Livignu.",https://ironwoodlivigno.com/images/livigno-notte-neve-luci.jpg,cs_CZ,0,summary_large_image
https://ironwoodlivigno.com/blog/natale-capodanno-a-livigno/fr,fr,Noël et Nouvel An à Livigno : à quoi s'attendre,47,"Marchés, lumières sur la neige, pistes ouvertes et fête du Nouvel An sur la place : ce qu'il faut savoir pour préparer les fêtes de fin d'année à Livigno.",154,Noël et Nouvel An à Livigno : à quoi s'attendre,"Marchés, lumières sur la neige, pistes ouvertes et fête du Nouvel An sur la place : ce qu'il faut savoir pour préparer les fêtes de fin d'année à Livigno.",https://ironwoodlivigno.com/images/livigno-notte-neve-luci.jpg,fr_FR,0,summary_large_image
https://ironwoodlivigno.com/blog/natale-capodanno-a-livigno/da,da,Jul og nytår i Livigno: hvad du kan forvente,44,"Markeder, lys på sneen, åbne pister og nytårsfest på torvet: det skal du vide, hvis du planlægger årets afslutning i Livigno.",125,Jul og nytår i Livigno: hvad du kan forvente,"Markeder, lys på sneen, åbne pister og nytårsfest på torvet: det skal du vide, hvis du planlægger årets afslutning i Livigno.",https://ironwoodlivigno.com/images/livigno-notte-neve-luci.jpg,da_DK,0,summary_large_image
https://ironwoodlivigno.com/blog/natale-capodanno-a-livigno/no,no,Jul og nyttår i Livigno: hva du kan forvente,44,"Markeder, lys i snøen, åpne bakker og nyttårsfeiring på torget: dette bør du vite hvis du planlegger årsskiftet i Livigno.",122,Jul og nyttår i Livigno: hva du kan forvente,"Markeder, lys i snøen, åpne bakker og nyttårsfeiring på torget: dette bør du vite hvis du planlegger årsskiftet i Livigno.",https://ironwoodlivigno.com/images/livigno-notte-neve-luci.jpg,nb_NO,0,summary_large_image
https://ironwoodlivigno.com/blog/natale-capodanno-a-livigno/zh,zh,在利维尼奥过圣诞和新年：你可以期待什么 | Ironwood Livigno,38,集市、雪地灯光、开放的雪道和广场上的跨年派对：计划在利维尼奥过年末假期前需要了解的事项。,44,在利维尼奥过圣诞和新年：你可以期待什么,集市、雪地灯光、开放的雪道和广场上的跨年派对：计划在利维尼奥过年末假期前需要了解的事项。,https://ironwoodlivigno.com/images/livigno-notte-neve-luci.jpg,zh_CN,0,summary_large_image
https://ironwoodlivigno.com/blog/natale-capodanno-a-livigno/ja,ja,リヴィーニョのクリスマスと年末年始：過ごし方ガイド | Ironwood Livigno,44,マーケット、雪に映えるイルミネーション、営業中のゲレンデ、広場でのカウントダウン：リヴィーニョで年末年始を過ごす前に知っておきたいこと。,68,リヴィーニョのクリスマスと年末年始：過ごし方ガイド,マーケット、雪に映えるイルミネーション、営業中のゲレンデ、広場でのカウントダウン：リヴィーニョで年末年始を過ごす前に知っておきたいこと。,https://ironwoodlivigno.com/images/livigno-notte-neve-luci.jpg,ja_JP,0,summary_large_image
https://ironwoodlivigno.com/blog/carosello-3000-vs-mottolino-quale-scegliere,it,Carosello 3000 vs Mottolino: quale scegliere a Livigno,54,"Carosello 3000 o Mottolino? Le differenze tra i due comprensori sciistici di Livigno — piste, snowpark, atmosfera — e a chi conviene ciascuno.",142,Carosello 3000 vs Mottolino: quale scegliere a Livigno,"Carosello 3000 o Mottolino? Le differenze tra i due comprensori sciistici di Livigno — piste, snowpark, atmosfera — e a chi conviene ciascuno.",https://ironwoodlivigno.com/images/livigno-ghiaccioli-vista-vallata.jpg,,0,summary_large_image
https://ironwoodlivigno.com/blog/carosello-3000-vs-mottolino-quale-scegliere/en,en,Carosello 3000 vs Mottolino: Which Ski Area to Choose,53,"The differences between Livigno's two ski areas — slopes, atmosphere and who each one suits best — and why where you stay matters more than which side you pick.",160,Carosello 3000 vs Mottolino: Which Ski Area to Choose,"The differences between Livigno's two ski areas — slopes, atmosphere and who each one suits best — and why where you stay matters more than which side you pick.",https://ironwoodlivigno.com/images/livigno-ghiaccioli-vista-vallata.jpg,en_GB,0,summary_large_image
https://ironwoodlivigno.com/blog/carosello-3000-vs-mottolino-quale-scegliere/de,de,Carosello 3000 oder Mottolino: Welches Skigebiet wählen,55,"Die Unterschiede zwischen den beiden Skigebieten von Livigno – Pisten, Atmosphäre und wem welches Gebiet am besten passt.",121,Carosello 3000 oder Mottolino: Welches Skigebiet wählen,"Die Unterschiede zwischen den beiden Skigebieten von Livigno – Pisten, Atmosphäre und wem welches Gebiet am besten passt.",https://ironwoodlivigno.com/images/livigno-ghiaccioli-vista-vallata.jpg,de_DE,0,summary_large_image
https://ironwoodlivigno.com/blog/carosello-3000-vs-mottolino-quale-scegliere/pl,pl,Carosello 3000 czy Mottolino: który ośrodek wybrać,50,"Różnice między dwoma ośrodkami narciarskimi Livigno — trasy, atmosfera i dla kogo każdy z nich — oraz dlaczego miejsce noclegu jest ważniejsze niż zbocze.",154,Carosello 3000 czy Mottolino: który ośrodek wybrać,"Różnice między dwoma ośrodkami narciarskimi Livigno — trasy, atmosfera i dla kogo każdy z nich — oraz dlaczego miejsce noclegu jest ważniejsze niż zbocze.",https://ironwoodlivigno.com/images/livigno-ghiaccioli-vista-vallata.jpg,pl_PL,0,summary_large_image
https://ironwoodlivigno.com/blog/carosello-3000-vs-mottolino-quale-scegliere/nl,nl,Carosello 3000 of Mottolino: welk skigebied kiezen,50,"De verschillen tussen de twee skigebieden van Livigno — pistes, sfeer en voor wie ze het best passen — en waarom je verblijfplaats belangrijker is dan de kant.",159,Carosello 3000 of Mottolino: welk skigebied kiezen,"De verschillen tussen de twee skigebieden van Livigno — pistes, sfeer en voor wie ze het best passen — en waarom je verblijfplaats belangrijker is dan de kant.",https://ironwoodlivigno.com/images/livigno-ghiaccioli-vista-vallata.jpg,nl_NL,0,summary_large_image
https://ironwoodlivigno.com/blog/carosello-3000-vs-mottolino-quale-scegliere/cs,cs,"Carosello 3000, nebo Mottolino: který areál zvolit",50,"Rozdíly mezi dvěma lyžařskými areály Livigna — sjezdovky, atmosféra a pro koho se který hodí — a proč je poloha ubytování důležitější než volba svahu.",150,"Carosello 3000, nebo Mottolino: který areál zvolit","Rozdíly mezi dvěma lyžařskými areály Livigna — sjezdovky, atmosféra a pro koho se který hodí — a proč je poloha ubytování důležitější než volba svahu.",https://ironwoodlivigno.com/images/livigno-ghiaccioli-vista-vallata.jpg,cs_CZ,0,summary_large_image
https://ironwoodlivigno.com/blog/carosello-3000-vs-mottolino-quale-scegliere/fr,fr,Carosello 3000 ou Mottolino : quel domaine choisir,50,"Les différences entre les deux domaines skiables de Livigno — pistes, ambiance et à qui chacun convient — et pourquoi l'emplacement compte plus que le versant.",159,Carosello 3000 ou Mottolino : quel domaine choisir,"Les différences entre les deux domaines skiables de Livigno — pistes, ambiance et à qui chacun convient — et pourquoi l'emplacement compte plus que le versant.",https://ironwoodlivigno.com/images/livigno-ghiaccioli-vista-vallata.jpg,fr_FR,0,summary_large_image
https://ironwoodlivigno.com/blog/carosello-3000-vs-mottolino-quale-scegliere/da,da,Carosello 3000 eller Mottolino: hvilket skiområde skal du vælge,63,"Forskellene mellem Livignos to skiområder — pister, stemning og hvem de passer til — og hvorfor beliggenheden betyder mere end valget af bjergside.",147,Carosello 3000 eller Mottolino: hvilket skiområde skal du vælge,"Forskellene mellem Livignos to skiområder — pister, stemning og hvem de passer til — og hvorfor beliggenheden betyder mere end valget af bjergside.",https://ironwoodlivigno.com/images/livigno-ghiaccioli-vista-vallata.jpg,da_DK,0,summary_large_image
https://ironwoodlivigno.com/blog/carosello-3000-vs-mottolino-quale-scegliere/no,no,Carosello 3000 eller Mottolino: hvilket skiområde bør du velge,62,"Forskjellene mellom Livignos to skiområder — bakker, stemning og hvem de passer for — og hvorfor beliggenheten betyr mer enn valget av fjellside.",145,Carosello 3000 eller Mottolino: hvilket skiområde bør du velge,"Forskjellene mellom Livignos to skiområder — bakker, stemning og hvem de passer for — og hvorfor beliggenheten betyr mer enn valget av fjellside.",https://ironwoodlivigno.com/images/livigno-ghiaccioli-vista-vallata.jpg,nb_NO,0,summary_large_image
https://ironwoodlivigno.com/blog/carosello-3000-vs-mottolino-quale-scegliere/zh,zh,Carosello 3000 还是 Mottolino：该选哪个雪场 | Ironwood Livigno,53,利维尼奥两大雪场的区别——雪道、氛围以及各自适合谁——以及为什么住在哪里比选择哪一侧更重要。,46,Carosello 3000 还是 Mottolino：该选哪个雪场,利维尼奥两大雪场的区别——雪道、氛围以及各自适合谁——以及为什么住在哪里比选择哪一侧更重要。,https://ironwoodlivigno.com/images/livigno-ghiaccioli-vista-vallata.jpg,zh_CN,0,summary_large_image
https://ironwoodlivigno.com/blog/carosello-3000-vs-mottolino-quale-scegliere/ja,ja,カロゼッロ3000とモットリーノ：どちらのスキー場を選ぶ？ | Ironwood Livigno,48,リヴィーニョの2つのスキー場の違い（コース、雰囲気、向いている人）と、斜面選びより宿の場所が大切な理由。,52,カロゼッロ3000とモットリーノ：どちらのスキー場を選ぶ？,リヴィーニョの2つのスキー場の違い（コース、雰囲気、向いている人）と、斜面選びより宿の場所が大切な理由。,https://ironwoodlivigno.com/images/livigno-ghiaccioli-vista-vallata.jpg,ja_JP,0,summary_large_image
https://ironwoodlivigno.com/blog/quanto-costa-un-appartamento-a-livigno,it,Quanto costa un appartamento a Livigno: guida per stagione,58,"Cosa fa salire o scendere il prezzo di un soggiorno a Livigno stagione per stagione, e come muoverti per trovare il periodo giusto in base al budget.",149,Quanto costa un appartamento a Livigno: guida per stagione,"Cosa fa salire o scendere il prezzo di un soggiorno a Livigno stagione per stagione, e come muoverti per trovare il periodo giusto in base al budget.",https://ironwoodlivigno.com/images/livigno-notte-neve-luci.jpg,,0,summary_large_image
https://ironwoodlivigno.com/blog/quanto-costa-un-appartamento-a-livigno/en,en,How Much Does an Apartment in Livigno Cost? Prices by Season,60,"What pushes the price of a stay in Livigno up or down season by season, and how to find the right dates for your budget without surprises.",138,How Much Does an Apartment in Livigno Cost? Prices by Season,"What pushes the price of a stay in Livigno up or down season by season, and how to find the right dates for your budget without surprises.",https://ironwoodlivigno.com/images/livigno-notte-neve-luci.jpg,en_GB,0,summary_large_image
https://ironwoodlivigno.com/blog/quanto-costa-un-appartamento-a-livigno/de,de,Was kostet eine Ferienwohnung in Livigno? Preise nach Saison,60,Was den Preis eines Aufenthalts in Livigno je nach Saison steigen oder sinken lässt – und wie Sie ohne Überraschungen die passenden Reisedaten finden.,150,Was kostet eine Ferienwohnung in Livigno? Preise nach Saison,Was den Preis eines Aufenthalts in Livigno je nach Saison steigen oder sinken lässt – und wie Sie ohne Überraschungen die passenden Reisedaten finden.,https://ironwoodlivigno.com/images/livigno-notte-neve-luci.jpg,de_DE,0,summary_large_image
https://ironwoodlivigno.com/blog/quanto-costa-un-appartamento-a-livigno/pl,pl,Ile kosztuje apartament w Livigno? Ceny według sezonu,53,Co podnosi lub obniża cenę pobytu w Livigno w zależności od sezonu i jak bez niespodzianek znaleźć termin odpowiedni do budżetu.,128,Ile kosztuje apartament w Livigno? Ceny według sezonu,Co podnosi lub obniża cenę pobytu w Livigno w zależności od sezonu i jak bez niespodzianek znaleźć termin odpowiedni do budżetu.,https://ironwoodlivigno.com/images/livigno-notte-neve-luci.jpg,pl_PL,0,summary_large_image
https://ironwoodlivigno.com/blog/quanto-costa-un-appartamento-a-livigno/nl,nl,Wat kost een appartement in Livigno? Prijzen per seizoen,56,"Wat de prijs van een verblijf in Livigno per seizoen laat stijgen of dalen, en hoe je zonder verrassingen de juiste data vindt voor je budget.",142,Wat kost een appartement in Livigno? Prijzen per seizoen,"Wat de prijs van een verblijf in Livigno per seizoen laat stijgen of dalen, en hoe je zonder verrassingen de juiste data vindt voor je budget.",https://ironwoodlivigno.com/images/livigno-notte-neve-luci.jpg,nl_NL,0,summary_large_image
https://ironwoodlivigno.com/blog/quanto-costa-un-appartamento-a-livigno/cs,cs,Kolik stojí apartmán v Livignu? Ceny podle sezóny,49,"Co zvyšuje nebo snižuje cenu pobytu v Livignu podle sezóny a jak bez překvapení najít termín, který odpovídá vašemu rozpočtu.",125,Kolik stojí apartmán v Livignu? Ceny podle sezóny,"Co zvyšuje nebo snižuje cenu pobytu v Livignu podle sezóny a jak bez překvapení najít termín, který odpovídá vašemu rozpočtu.",https://ironwoodlivigno.com/images/livigno-notte-neve-luci.jpg,cs_CZ,0,summary_large_image
https://ironwoodlivigno.com/blog/quanto-costa-un-appartamento-a-livigno/fr,fr,Combien coûte un appartement à Livigno ? Prix par saison,56,"Ce qui fait monter ou baisser le prix d'un séjour à Livigno selon la saison, et comment trouver sans surprise les bonnes dates pour votre budget.",145,Combien coûte un appartement à Livigno ? Prix par saison,"Ce qui fait monter ou baisser le prix d'un séjour à Livigno selon la saison, et comment trouver sans surprise les bonnes dates pour votre budget.",https://ironwoodlivigno.com/images/livigno-notte-neve-luci.jpg,fr_FR,0,summary_large_image
https://ironwoodlivigno.com/blog/quanto-costa-un-appartamento-a-livigno/da,da,Hvad koster en lejlighed i Livigno? Priser efter sæson,54,"Hvad der får prisen på et ophold i Livigno til at stige eller falde fra sæson til sæson, og hvordan du uden overraskelser finder de rette datoer til dit budget.",160,Hvad koster en lejlighed i Livigno? Priser efter sæson,"Hvad der får prisen på et ophold i Livigno til at stige eller falde fra sæson til sæson, og hvordan du uden overraskelser finder de rette datoer til dit budget.",https://ironwoodlivigno.com/images/livigno-notte-neve-luci.jpg,da_DK,0,summary_large_image
https://ironwoodlivigno.com/blog/quanto-costa-un-appartamento-a-livigno/no,no,Hva koster en leilighet i Livigno? Priser etter sesong,54,"Hva som får prisen på et opphold i Livigno til å stige eller synke fra sesong til sesong, og hvordan du uten overraskelser finner datoer som passer budsjettet.",159,Hva koster en leilighet i Livigno? Priser etter sesong,"Hva som får prisen på et opphold i Livigno til å stige eller synke fra sesong til sesong, og hvordan du uten overraskelser finner datoer som passer budsjettet.",https://ironwoodlivigno.com/images/livigno-notte-neve-luci.jpg,nb_NO,0,summary_large_image
https://ironwoodlivigno.com/blog/quanto-costa-un-appartamento-a-livigno/zh,zh,利维尼奥公寓要多少钱？各季节价格指南 | Ironwood Livigno,37,哪些因素会让利维尼奥的住宿价格随季节上涨或下降，以及如何毫无意外地找到适合预算的日期。,43,利维尼奥公寓要多少钱？各季节价格指南,哪些因素会让利维尼奥的住宿价格随季节上涨或下降，以及如何毫无意外地找到适合预算的日期。,https://ironwoodlivigno.com/images/livigno-notte-neve-luci.jpg,zh_CN,0,summary_large_image
https://ironwoodlivigno.com/blog/quanto-costa-un-appartamento-a-livigno/ja,ja,リヴィーニョのアパートの料金は？季節別ガイド | Ironwood Livigno,41,リヴィーニョでの滞在料金を季節ごとに上下させる要因と、予算に合った日程を思わぬ出費なく見つける方法。,50,リヴィーニョのアパートの料金は？季節別ガイド,リヴィーニョでの滞在料金を季節ごとに上下させる要因と、予算に合った日程を思わぬ出費なく見つける方法。,https://ironwoodlivigno.com/images/livigno-notte-neve-luci.jpg,ja_JP,0,summary_large_image
https://ironwoodlivigno.com/blog/appartamento-con-sauna-privata-livigno-vs-hotel,it,Appartamento con sauna privata a Livigno vs hotel,49,"Cosa cambia tra una spa condivisa in hotel e una sauna privata inclusa nell'appartamento: niente orari, niente prenotazioni, tutti i giorni della vacanza.",154,Appartamento con sauna privata a Livigno vs hotel,"Cosa cambia tra una spa condivisa in hotel e una sauna privata inclusa nell'appartamento: niente orari, niente prenotazioni, tutti i giorni della vacanza.",https://ironwoodlivigno.com/images/sauna-vista-montagna.jpg,,0,summary_large_image
https://ironwoodlivigno.com/blog/appartamento-con-sauna-privata-livigno-vs-hotel/en,en,Apartment with a Private Sauna in Livigno vs a Hotel Spa,56,"What changes between a shared hotel spa and a private sauna included in your apartment: no time slots, no bookings, every day of your holiday.",142,Apartment with a Private Sauna in Livigno vs a Hotel Spa,"What changes between a shared hotel spa and a private sauna included in your apartment: no time slots, no bookings, every day of your holiday.",https://ironwoodlivigno.com/images/sauna-vista-montagna.jpg,en_GB,0,summary_large_image
https://ironwoodlivigno.com/blog/appartamento-con-sauna-privata-livigno-vs-hotel/de,de,Ferienwohnung mit privater Sauna in Livigno oder Hotel-Spa?,59,"Was sich zwischen einem geteilten Hotel-Spa und einer privaten Sauna in der eigenen Ferienwohnung ändert: keine Zeitfenster, keine Reservierung, jeden Urlaubstag.",162,Ferienwohnung mit privater Sauna in Livigno oder Hotel-Spa?,"Was sich zwischen einem geteilten Hotel-Spa und einer privaten Sauna in der eigenen Ferienwohnung ändert: keine Zeitfenster, keine Reservierung, jeden Urlaubstag.",https://ironwoodlivigno.com/images/sauna-vista-montagna.jpg,de_DE,0,summary_large_image
https://ironwoodlivigno.com/blog/appartamento-con-sauna-privata-livigno-vs-hotel/pl,pl,Apartament z prywatną sauną w Livigno czy hotelowe spa?,55,"Co się zmienia między wspólnym spa w hotelu a prywatną sauną w apartamencie: bez godzin, bez rezerwacji, każdego dnia urlopu.",125,Apartament z prywatną sauną w Livigno czy hotelowe spa?,"Co się zmienia między wspólnym spa w hotelu a prywatną sauną w apartamencie: bez godzin, bez rezerwacji, każdego dnia urlopu.",https://ironwoodlivigno.com/images/sauna-vista-montagna.jpg,pl_PL,0,summary_large_image
https://ironwoodlivigno.com/blog/appartamento-con-sauna-privata-livigno-vs-hotel/nl,nl,Appartement met privésauna in Livigno of een hotelspa?,54,"Wat er verandert tussen een gedeelde hotelspa en een privésauna in je eigen appartement: geen tijdsloten, niets te reserveren, elke dag van je vakantie.",152,Appartement met privésauna in Livigno of een hotelspa?,"Wat er verandert tussen een gedeelde hotelspa en een privésauna in je eigen appartement: geen tijdsloten, niets te reserveren, elke dag van je vakantie.",https://ironwoodlivigno.com/images/sauna-vista-montagna.jpg,nl_NL,0,summary_large_image
https://ironwoodlivigno.com/blog/appartamento-con-sauna-privata-livigno-vs-hotel/cs,cs,"Apartmán se soukromou saunou v Livignu, nebo hotelové spa?",58,"Co se mění mezi sdíleným hotelovým spa a soukromou saunou ve vlastním apartmánu: žádné časy, žádné rezervace, každý den dovolené.",129,"Apartmán se soukromou saunou v Livignu, nebo hotelové spa?","Co se mění mezi sdíleným hotelovým spa a soukromou saunou ve vlastním apartmánu: žádné časy, žádné rezervace, každý den dovolené.",https://ironwoodlivigno.com/images/sauna-vista-montagna.jpg,cs_CZ,0,summary_large_image
https://ironwoodlivigno.com/blog/appartamento-con-sauna-privata-livigno-vs-hotel/fr,fr,Appartement avec sauna privé à Livigno ou spa d'hôtel ?,55,"Ce qui change entre un spa d'hôtel partagé et un sauna privé dans votre appartement : ni créneaux ni réservation, chaque jour de vos vacances.",142,Appartement avec sauna privé à Livigno ou spa d'hôtel ?,"Ce qui change entre un spa d'hôtel partagé et un sauna privé dans votre appartement : ni créneaux ni réservation, chaque jour de vos vacances.",https://ironwoodlivigno.com/images/sauna-vista-montagna.jpg,fr_FR,0,summary_large_image
https://ironwoodlivigno.com/blog/appartamento-con-sauna-privata-livigno-vs-hotel/da,da,Lejlighed med privat sauna i Livigno eller hotelspa?,52,"Hvad der ændrer sig mellem et delt hotelspa og en privat sauna i din egen lejlighed: ingen tider, ingen booking, hver dag i ferien.",131,Lejlighed med privat sauna i Livigno eller hotelspa?,"Hvad der ændrer sig mellem et delt hotelspa og en privat sauna i din egen lejlighed: ingen tider, ingen booking, hver dag i ferien.",https://ironwoodlivigno.com/images/sauna-vista-montagna.jpg,da_DK,0,summary_large_image
https://ironwoodlivigno.com/blog/appartamento-con-sauna-privata-livigno-vs-hotel/no,no,Leilighet med privat badstue i Livigno eller hotellspa?,55,"Hva som endrer seg mellom et delt hotellspa og en privat badstue i din egen leilighet: ingen tider, ingen bestilling, hver dag av ferien.",137,Leilighet med privat badstue i Livigno eller hotellspa?,"Hva som endrer seg mellom et delt hotellspa og en privat badstue i din egen leilighet: ingen tider, ingen bestilling, hver dag av ferien.",https://ironwoodlivigno.com/images/sauna-vista-montagna.jpg,nb_NO,0,summary_large_image
https://ironwoodlivigno.com/blog/appartamento-con-sauna-privata-livigno-vs-hotel/zh,zh,利维尼奥带私人桑拿的公寓，还是酒店水疗？ | Ironwood Livigno,39,酒店共享水疗与公寓内私人桑拿的区别：不用预约时段，不用排队，假期每天都能用。,38,利维尼奥带私人桑拿的公寓，还是酒店水疗？,酒店共享水疗与公寓内私人桑拿的区别：不用预约时段，不用排队，假期每天都能用。,https://ironwoodlivigno.com/images/sauna-vista-montagna.jpg,zh_CN,0,summary_large_image
https://ironwoodlivigno.com/blog/appartamento-con-sauna-privata-livigno-vs-hotel/ja,ja,リヴィーニョのプライベートサウナ付きアパートとホテルのスパ | Ironwood Livigno,48,ホテルの共用スパと、アパート内のプライベートサウナの違い：時間枠も予約も不要で、休暇中毎日使えます。,50,リヴィーニョのプライベートサウナ付きアパートとホテルのスパ,ホテルの共用スパと、アパート内のプライベートサウナの違い：時間枠も予約も不要で、休暇中毎日使えます。,https://ironwoodlivigno.com/images/sauna-vista-montagna.jpg,ja_JP,0,summary_large_image
https://ironwoodlivigno.com/blog/livigno-per-gruppi-numerosi-fino-a-6-persone,it,Livigno per gruppi numerosi: come organizzare il soggiorno,58,"Consigli pratici per organizzare una vacanza a Livigno in gruppo: spazi, bagni, cucina e logistica per stare comodi fino a 6 persone.",133,Livigno per gruppi numerosi: come organizzare il soggiorno,"Consigli pratici per organizzare una vacanza a Livigno in gruppo: spazi, bagni, cucina e logistica per stare comodi fino a 6 persone.",https://ironwoodlivigno.com/images/appartamento-soggiorno.jpg,,0,summary_large_image
https://ironwoodlivigno.com/blog/livigno-per-gruppi-numerosi-fino-a-6-persone/en,en,Livigno for Groups: How to Plan a Stay for Up to 6 People,57,"Practical tips for planning a group holiday in Livigno: living space, bathrooms, kitchen and logistics so up to 6 people stay comfortable together.",147,Livigno for Groups: How to Plan a Stay for Up to 6 People,"Practical tips for planning a group holiday in Livigno: living space, bathrooms, kitchen and logistics so up to 6 people stay comfortable together.",https://ironwoodlivigno.com/images/appartamento-soggiorno.jpg,en_GB,0,summary_large_image
https://ironwoodlivigno.com/blog/livigno-per-gruppi-numerosi-fino-a-6-persone/de,de,Livigno mit der Gruppe: Aufenthalt für bis zu 6 Personen planen,63,"Praktische Tipps für den Gruppenurlaub in Livigno: Platz, Badezimmer, Küche und Organisation, damit sich bis zu 6 Personen gemeinsam wohlfühlen.",144,Livigno mit der Gruppe: Aufenthalt für bis zu 6 Personen planen,"Praktische Tipps für den Gruppenurlaub in Livigno: Platz, Badezimmer, Küche und Organisation, damit sich bis zu 6 Personen gemeinsam wohlfühlen.",https://ironwoodlivigno.com/images/appartamento-soggiorno.jpg,de_DE,0,summary_large_image
https://ironwoodlivigno.com/blog/livigno-per-gruppi-numerosi-fino-a-6-persone/pl,pl,Livigno w grupie: jak zaplanować pobyt do 6 osób,48,"Praktyczne wskazówki na grupowy urlop w Livigno: przestrzeń, łazienki, kuchnia i logistyka, by do 6 osób mieszkało razem wygodnie.",130,Livigno w grupie: jak zaplanować pobyt do 6 osób,"Praktyczne wskazówki na grupowy urlop w Livigno: przestrzeń, łazienki, kuchnia i logistyka, by do 6 osób mieszkało razem wygodnie.",https://ironwoodlivigno.com/images/appartamento-soggiorno.jpg,pl_PL,0,summary_large_image
https://ironwoodlivigno.com/blog/livigno-per-gruppi-numerosi-fino-a-6-persone/nl,nl,Livigno met een groep: een verblijf tot 6 personen plannen,58,"Praktische tips voor een groepsvakantie in Livigno: ruimte, badkamers, keuken en logistiek, zodat tot 6 personen comfortabel samen verblijven.",142,Livigno met een groep: een verblijf tot 6 personen plannen,"Praktische tips voor een groepsvakantie in Livigno: ruimte, badkamers, keuken en logistiek, zodat tot 6 personen comfortabel samen verblijven.",https://ironwoodlivigno.com/images/appartamento-soggiorno.jpg,nl_NL,0,summary_large_image
https://ironwoodlivigno.com/blog/livigno-per-gruppi-numerosi-fino-a-6-persone/cs,cs,Livigno ve skupině: jak naplánovat pobyt až pro 6 osob,54,"Praktické tipy pro skupinovou dovolenou v Livignu: prostor, koupelny, kuchyně a logistika, aby až 6 lidí bydlelo společně pohodlně.",131,Livigno ve skupině: jak naplánovat pobyt až pro 6 osob,"Praktické tipy pro skupinovou dovolenou v Livignu: prostor, koupelny, kuchyně a logistika, aby až 6 lidí bydlelo společně pohodlně.",https://ironwoodlivigno.com/images/appartamento-soggiorno.jpg,cs_CZ,0,summary_large_image
https://ironwoodlivigno.com/blog/livigno-per-gruppi-numerosi-fino-a-6-persone/fr,fr,Livigno en groupe : organiser un séjour jusqu'à 6 personnes,59,"Conseils pratiques pour des vacances en groupe à Livigno : espace, salles de bains, cuisine et logistique pour que jusqu'à 6 personnes soient à l'aise ensemble.",160,Livigno en groupe : organiser un séjour jusqu'à 6 personnes,"Conseils pratiques pour des vacances en groupe à Livigno : espace, salles de bains, cuisine et logistique pour que jusqu'à 6 personnes soient à l'aise ensemble.",https://ironwoodlivigno.com/images/appartamento-soggiorno.jpg,fr_FR,0,summary_large_image
https://ironwoodlivigno.com/blog/livigno-per-gruppi-numerosi-fino-a-6-persone/da,da,Livigno med en gruppe: ophold for op til 6 personer,51,"Praktiske råd til en gruppeferie i Livigno: plads, badeværelser, køkken og logistik, så op til 6 personer kan bo godt sammen.",125,Livigno med en gruppe: ophold for op til 6 personer,"Praktiske råd til en gruppeferie i Livigno: plads, badeværelser, køkken og logistik, så op til 6 personer kan bo godt sammen.",https://ironwoodlivigno.com/images/appartamento-soggiorno.jpg,da_DK,0,summary_large_image
https://ironwoodlivigno.com/blog/livigno-per-gruppi-numerosi-fino-a-6-persone/no,no,Livigno med en gruppe: opphold for opptil 6 personer,52,"Praktiske tips for en gruppeferie i Livigno: plass, bad, kjøkken og logistikk, så opptil 6 personer kan bo komfortabelt sammen.",127,Livigno med en gruppe: opphold for opptil 6 personer,"Praktiske tips for en gruppeferie i Livigno: plass, bad, kjøkken og logistikk, så opptil 6 personer kan bo komfortabelt sammen.",https://ironwoodlivigno.com/images/appartamento-soggiorno.jpg,nb_NO,0,summary_large_image
https://ironwoodlivigno.com/blog/livigno-per-gruppi-numerosi-fino-a-6-persone/zh,zh,多人结伴游利维尼奥：如何安排 6 人住宿 | Ironwood Livigno,39,利维尼奥团体度假实用建议：空间、卫生间、厨房和各种安排，让最多 6 个人舒适地住在一起。,44,多人结伴游利维尼奥：如何安排 6 人住宿,利维尼奥团体度假实用建议：空间、卫生间、厨房和各种安排，让最多 6 个人舒适地住在一起。,https://ironwoodlivigno.com/images/appartamento-soggiorno.jpg,zh_CN,0,summary_large_image
https://ironwoodlivigno.com/blog/livigno-per-gruppi-numerosi-fino-a-6-persone/ja,ja,グループでリヴィーニョへ：最大6名の滞在の計画 | Ironwood Livigno,42,リヴィーニョでのグループ旅行の実用アドバイス：スペース、バスルーム、キッチン、段取りなど、最大6名が快適に過ごすために。,60,グループでリヴィーニョへ：最大6名の滞在の計画,リヴィーニョでのグループ旅行の実用アドバイス：スペース、バスルーム、キッチン、段取りなど、最大6名が快適に過ごすために。,https://ironwoodlivigno.com/images/appartamento-soggiorno.jpg,ja_JP,0,summary_large_image
https://ironwoodlivigno.com/blog/deposito-sci-e-attrezzatura-a-livigno-cosa-cercare,it,Deposito sci e attrezzatura a Livigno: cosa cercare,51,"Perché un deposito sci dedicato nell'alloggio cambia la vacanza sulla neve, e cosa verificare prima di prenotare.",113,Deposito sci e attrezzatura a Livigno: cosa cercare,"Perché un deposito sci dedicato nell'alloggio cambia la vacanza sulla neve, e cosa verificare prima di prenotare.",https://ironwoodlivigno.com/images/livigno-skilift-vallata-nebbia.jpg,,0,summary_large_image
https://ironwoodlivigno.com/blog/deposito-sci-e-attrezzatura-a-livigno-cosa-cercare/en,en,Ski Storage in Livigno: What to Look For in Your Accommodation,62,"Why a dedicated ski room in your accommodation changes a snow holiday, and what to check about space, heating and security before you book.",139,Ski Storage in Livigno: What to Look For in Your Accommodation,"Why a dedicated ski room in your accommodation changes a snow holiday, and what to check about space, heating and security before you book.",https://ironwoodlivigno.com/images/livigno-skilift-vallata-nebbia.jpg,en_GB,0,summary_large_image
https://ironwoodlivigno.com/blog/deposito-sci-e-attrezzatura-a-livigno-cosa-cercare/de,de,Skiraum in Livigno: Worauf Sie bei der Unterkunft achten sollten,64,"Warum ein eigener Skiraum in der Unterkunft den Winterurlaub verändert – und was Sie vor der Buchung zu Platz, Heizung und Sicherheit prüfen sollten.",149,Skiraum in Livigno: Worauf Sie bei der Unterkunft achten sollten,"Warum ein eigener Skiraum in der Unterkunft den Winterurlaub verändert – und was Sie vor der Buchung zu Platz, Heizung und Sicherheit prüfen sollten.",https://ironwoodlivigno.com/images/livigno-skilift-vallata-nebbia.jpg,de_DE,0,summary_large_image
https://ironwoodlivigno.com/blog/deposito-sci-e-attrezzatura-a-livigno-cosa-cercare/pl,pl,Narciarnia w Livigno: na co zwrócić uwagę przy wyborze noclegu,62,"Dlaczego własna narciarnia w obiekcie zmienia zimowy urlop i co sprawdzić przed rezerwacją: miejsce, ogrzewanie i bezpieczeństwo sprzętu.",137,Narciarnia w Livigno: na co zwrócić uwagę przy wyborze noclegu,"Dlaczego własna narciarnia w obiekcie zmienia zimowy urlop i co sprawdzić przed rezerwacją: miejsce, ogrzewanie i bezpieczeństwo sprzętu.",https://ironwoodlivigno.com/images/livigno-skilift-vallata-nebbia.jpg,pl_PL,0,summary_large_image
https://ironwoodlivigno.com/blog/deposito-sci-e-attrezzatura-a-livigno-cosa-cercare/nl,nl,Skiberging in Livigno: waar je op let bij je accommodatie,57,"Waarom een eigen skiruimte in je accommodatie een wintervakantie verandert, en wat je vóór het boeken controleert over ruimte, verwarming en veiligheid.",152,Skiberging in Livigno: waar je op let bij je accommodatie,"Waarom een eigen skiruimte in je accommodatie een wintervakantie verandert, en wat je vóór het boeken controleert over ruimte, verwarming en veiligheid.",https://ironwoodlivigno.com/images/livigno-skilift-vallata-nebbia.jpg,nl_NL,0,summary_large_image
https://ironwoodlivigno.com/blog/deposito-sci-e-attrezzatura-a-livigno-cosa-cercare/cs,cs,Lyžárna v Livignu: na co se dívat při výběru ubytování,54,"Proč vlastní lyžárna v ubytování mění zimní dovolenou a co si ověřit před rezervací: dostatek místa, vytápění a bezpečnost vybavení.",132,Lyžárna v Livignu: na co se dívat při výběru ubytování,"Proč vlastní lyžárna v ubytování mění zimní dovolenou a co si ověřit před rezervací: dostatek místa, vytápění a bezpečnost vybavení.",https://ironwoodlivigno.com/images/livigno-skilift-vallata-nebbia.jpg,cs_CZ,0,summary_large_image
https://ironwoodlivigno.com/blog/deposito-sci-e-attrezzatura-a-livigno-cosa-cercare/fr,fr,Local à skis à Livigno : que vérifier dans votre hébergement,60,"Pourquoi un local à skis dans l'hébergement change des vacances à la neige, et ce qu'il faut vérifier avant de réserver : espace, chauffage et sécurité.",152,Local à skis à Livigno : que vérifier dans votre hébergement,"Pourquoi un local à skis dans l'hébergement change des vacances à la neige, et ce qu'il faut vérifier avant de réserver : espace, chauffage et sécurité.",https://ironwoodlivigno.com/images/livigno-skilift-vallata-nebbia.jpg,fr_FR,0,summary_large_image
https://ironwoodlivigno.com/blog/deposito-sci-e-attrezzatura-a-livigno-cosa-cercare/da,da,Skirum i Livigno: hvad du skal kigge efter i din bolig,54,"Hvorfor et skirum i boligen gør en forskel for vinterferien, og hvad du skal tjekke om plads, varme og sikkerhed, før du booker.",128,Skirum i Livigno: hvad du skal kigge efter i din bolig,"Hvorfor et skirum i boligen gør en forskel for vinterferien, og hvad du skal tjekke om plads, varme og sikkerhed, før du booker.",https://ironwoodlivigno.com/images/livigno-skilift-vallata-nebbia.jpg,da_DK,0,summary_large_image
https://ironwoodlivigno.com/blog/deposito-sci-e-attrezzatura-a-livigno-cosa-cercare/no,no,Skirom i Livigno: hva du bør se etter i overnattingen,53,"Hvorfor et eget skirom i overnattingen gjør en forskjell for vinterferien, og hva du bør sjekke om plass, varme og sikkerhet før du bestiller.",142,Skirom i Livigno: hva du bør se etter i overnattingen,"Hvorfor et eget skirom i overnattingen gjør en forskjell for vinterferien, og hva du bør sjekke om plass, varme og sikkerhet før du bestiller.",https://ironwoodlivigno.com/images/livigno-skilift-vallata-nebbia.jpg,nb_NO,0,summary_large_image
https://ironwoodlivigno.com/blog/deposito-sci-e-attrezzatura-a-livigno-cosa-cercare/zh,zh,利维尼奥雪具存放：选住宿时要注意什么 | Ironwood Livigno,37,为什么住宿里有专用雪具室会改变滑雪假期的体验，以及预订前应确认的空间、供暖和安全问题。,43,利维尼奥雪具存放：选住宿时要注意什么,为什么住宿里有专用雪具室会改变滑雪假期的体验，以及预订前应确认的空间、供暖和安全问题。,https://ironwoodlivigno.com/images/livigno-skilift-vallata-nebbia.jpg,zh_CN,0,summary_large_image
https://ironwoodlivigno.com/blog/deposito-sci-e-attrezzatura-a-livigno-cosa-cercare/ja,ja,リヴィーニョのスキールーム：宿選びでチェックしたい点 | Ironwood Livigno,45,宿に専用スキールームがあると雪の休暇がどう変わるか、そして予約前に確認したい広さ、暖房、安全性。,48,リヴィーニョのスキールーム：宿選びでチェックしたい点,宿に専用スキールームがあると雪の休暇がどう変わるか、そして予約前に確認したい広さ、暖房、安全性。,https://ironwoodlivigno.com/images/livigno-skilift-vallata-nebbia.jpg,ja_JP,0,summary_large_image
https://ironwoodlivigno.com/blog/quando-prenotare-livigno-calendario-stagionale,it,Quando prenotare Livigno: calendario stagionale,47,"Alta stagione, bassa stagione e periodi di transizione: come orientarti nel calendario di Livigno per scegliere quando partire.",127,Quando prenotare Livigno: calendario stagionale,"Alta stagione, bassa stagione e periodi di transizione: come orientarti nel calendario di Livigno per scegliere quando partire.",https://ironwoodlivigno.com/images/livigno-ghiaccioli-vista-vallata.jpg,,0,summary_large_image
https://ironwoodlivigno.com/blog/quando-prenotare-livigno-calendario-stagionale/en,en,When to Book Livigno: A Seasonal Calendar | Ironwood Livigno,60,"High season, low season and the shoulder weeks: how to read Livigno's calendar to choose when to go, and how far ahead to book for each period.",143,When to Book Livigno: A Seasonal Calendar,"High season, low season and the shoulder weeks: how to read Livigno's calendar to choose when to go, and how far ahead to book for each period.",https://ironwoodlivigno.com/images/livigno-ghiaccioli-vista-vallata.jpg,en_GB,0,summary_large_image
https://ironwoodlivigno.com/blog/quando-prenotare-livigno-calendario-stagionale/de,de,Wann Livigno buchen? Der Saisonkalender | Ironwood Livigno,58,"Hochsaison, Nebensaison und Übergangswochen: So lesen Sie den Kalender von Livigno, um den richtigen Reisezeitpunkt und die passende Vorlaufzeit zu wählen.",155,Wann Livigno buchen? Der Saisonkalender,"Hochsaison, Nebensaison und Übergangswochen: So lesen Sie den Kalender von Livigno, um den richtigen Reisezeitpunkt und die passende Vorlaufzeit zu wählen.",https://ironwoodlivigno.com/images/livigno-ghiaccioli-vista-vallata.jpg,de_DE,0,summary_large_image
https://ironwoodlivigno.com/blog/quando-prenotare-livigno-calendario-stagionale/pl,pl,Kiedy rezerwować Livigno: kalendarz sezonów,43,"Wysoki sezon, niski sezon i okresy przejściowe: jak czytać kalendarz Livigno, by wybrać termin wyjazdu i wiedzieć, z jakim wyprzedzeniem rezerwować.",148,Kiedy rezerwować Livigno: kalendarz sezonów,"Wysoki sezon, niski sezon i okresy przejściowe: jak czytać kalendarz Livigno, by wybrać termin wyjazdu i wiedzieć, z jakim wyprzedzeniem rezerwować.",https://ironwoodlivigno.com/images/livigno-ghiaccioli-vista-vallata.jpg,pl_PL,0,summary_large_image
https://ironwoodlivigno.com/blog/quando-prenotare-livigno-calendario-stagionale/nl,nl,Wanneer Livigno boeken: de seizoenskalender,43,"Hoogseizoen, laagseizoen en tussenweken: zo lees je de kalender van Livigno om te kiezen wanneer je gaat en hoe ver van tevoren je per periode boekt.",149,Wanneer Livigno boeken: de seizoenskalender,"Hoogseizoen, laagseizoen en tussenweken: zo lees je de kalender van Livigno om te kiezen wanneer je gaat en hoe ver van tevoren je per periode boekt.",https://ironwoodlivigno.com/images/livigno-ghiaccioli-vista-vallata.jpg,nl_NL,0,summary_large_image
https://ironwoodlivigno.com/blog/quando-prenotare-livigno-calendario-stagionale/cs,cs,Kdy rezervovat Livigno: sezónní kalendář | Ironwood Livigno,59,"Vysoká sezóna, nízká sezóna a přechodná období: jak číst kalendář Livigna, abyste zvolili termín cesty a věděli, s jakým předstihem rezervovat.",143,Kdy rezervovat Livigno: sezónní kalendář,"Vysoká sezóna, nízká sezóna a přechodná období: jak číst kalendář Livigna, abyste zvolili termín cesty a věděli, s jakým předstihem rezervovat.",https://ironwoodlivigno.com/images/livigno-ghiaccioli-vista-vallata.jpg,cs_CZ,0,summary_large_image
https://ironwoodlivigno.com/blog/quando-prenotare-livigno-calendario-stagionale/fr,fr,Quand réserver Livigno : le calendrier des saisons,50,"Haute saison, basse saison et périodes intermédiaires : comment lire le calendrier de Livigno pour choisir quand partir et combien de temps à l'avance réserver.",160,Quand réserver Livigno : le calendrier des saisons,"Haute saison, basse saison et périodes intermédiaires : comment lire le calendrier de Livigno pour choisir quand partir et combien de temps à l'avance réserver.",https://ironwoodlivigno.com/images/livigno-ghiaccioli-vista-vallata.jpg,fr_FR,0,summary_large_image
https://ironwoodlivigno.com/blog/quando-prenotare-livigno-calendario-stagionale/da,da,Hvornår skal man booke Livigno: sæsonkalenderen,47,"Højsæson, lavsæson og overgangsperioder: sådan læser du Livignos kalender for at vælge, hvornår du skal af sted, og hvor tidligt du skal booke.",143,Hvornår skal man booke Livigno: sæsonkalenderen,"Højsæson, lavsæson og overgangsperioder: sådan læser du Livignos kalender for at vælge, hvornår du skal af sted, og hvor tidligt du skal booke.",https://ironwoodlivigno.com/images/livigno-ghiaccioli-vista-vallata.jpg,da_DK,0,summary_large_image
https://ironwoodlivigno.com/blog/quando-prenotare-livigno-calendario-stagionale/no,no,Når bør du bestille Livigno: sesongkalenderen,45,"Høysesong, lavsesong og overgangsperioder: slik leser du Livignos kalender for å velge når du skal reise og hvor tidlig du bør bestille.",136,Når bør du bestille Livigno: sesongkalenderen,"Høysesong, lavsesong og overgangsperioder: slik leser du Livignos kalender for å velge når du skal reise og hvor tidlig du bør bestille.",https://ironwoodlivigno.com/images/livigno-ghiaccioli-vista-vallata.jpg,nb_NO,0,summary_large_image
https://ironwoodlivigno.com/blog/quando-prenotare-livigno-calendario-stagionale/zh,zh,什么时候预订利维尼奥：季节日历 | Ironwood Livigno,34,旺季、淡季和过渡期：如何看懂利维尼奥的日历，选择出行时间，并知道每个时段该提前多久预订。,44,什么时候预订利维尼奥：季节日历,旺季、淡季和过渡期：如何看懂利维尼奥的日历，选择出行时间，并知道每个时段该提前多久预订。,https://ironwoodlivigno.com/images/livigno-ghiaccioli-vista-vallata.jpg,zh_CN,0,summary_large_image
https://ironwoodlivigno.com/blog/quando-prenotare-livigno-calendario-stagionale/ja,ja,リヴィーニョはいつ予約する？季節カレンダー | Ironwood Livigno,40,ハイシーズン、オフシーズン、その間の時期：リヴィーニョのカレンダーの読み方と、いつ行き、どれくらい前に予約すべきか。,58,リヴィーニョはいつ予約する？季節カレンダー,ハイシーズン、オフシーズン、その間の時期：リヴィーニョのカレンダーの読み方と、いつ行き、どれくらい前に予約すべきか。,https://ironwoodlivigno.com/images/livigno-ghiaccioli-vista-vallata.jpg,ja_JP,0,summary_large_image
https://ironwoodlivigno.com/blog/vacanza-senza-pensieri-a-livigno-colazione-ed-e-bike,it,Vacanza senza pensieri a Livigno: colazione ed e-bike,53,Due servizi pensati per semplificarti la vacanza a Ironwood Livigno: colazione su richiesta e noleggio e-bike direttamente in struttura.,136,Vacanza senza pensieri a Livigno: colazione ed e-bike,Due servizi pensati per semplificarti la vacanza a Ironwood Livigno: colazione su richiesta e noleggio e-bike direttamente in struttura.,https://ironwoodlivigno.com/images/colazione-tavola.jpg,,0,summary_large_image
https://ironwoodlivigno.com/blog/vacanza-senza-pensieri-a-livigno-colazione-ed-e-bike/en,en,A Carefree Holiday in Livigno: Breakfast and E-Bike Rental,58,Two optional services that make your stay at Ironwood Livigno easier: breakfast on request nearby and e-bike rental straight from the apartment.,144,A Carefree Holiday in Livigno: Breakfast and E-Bike Rental,Two optional services that make your stay at Ironwood Livigno easier: breakfast on request nearby and e-bike rental straight from the apartment.,https://ironwoodlivigno.com/images/colazione-tavola.jpg,en_GB,0,summary_large_image
https://ironwoodlivigno.com/blog/vacanza-senza-pensieri-a-livigno-colazione-ed-e-bike/de,de,Sorgenfreier Urlaub in Livigno: Frühstück und E-Bike-Verleih,60,"Zwei optionale Services, die Ihren Aufenthalt bei Ironwood Livigno einfacher machen: Frühstück auf Anfrage in der Nähe und E-Bike-Verleih direkt ab der Wohnung.",160,Sorgenfreier Urlaub in Livigno: Frühstück und E-Bike-Verleih,"Zwei optionale Services, die Ihren Aufenthalt bei Ironwood Livigno einfacher machen: Frühstück auf Anfrage in der Nähe und E-Bike-Verleih direkt ab der Wohnung.",https://ironwoodlivigno.com/images/colazione-tavola.jpg,de_DE,0,summary_large_image
https://ironwoodlivigno.com/blog/vacanza-senza-pensieri-a-livigno-colazione-ed-e-bike/pl,pl,Beztroski urlop w Livigno: śniadanie i rowery elektryczne,57,"Dwie opcjonalne usługi, które ułatwiają pobyt w Ironwood Livigno: śniadanie na życzenie w pobliżu i wypożyczenie roweru elektrycznego prosto z apartamentu.",155,Beztroski urlop w Livigno: śniadanie i rowery elektryczne,"Dwie opcjonalne usługi, które ułatwiają pobyt w Ironwood Livigno: śniadanie na życzenie w pobliżu i wypożyczenie roweru elektrycznego prosto z apartamentu.",https://ironwoodlivigno.com/images/colazione-tavola.jpg,pl_PL,0,summary_large_image
https://ironwoodlivigno.com/blog/vacanza-senza-pensieri-a-livigno-colazione-ed-e-bike/nl,nl,Zorgeloze vakantie in Livigno: ontbijt en e-bikeverhuur,55,Twee optionele diensten die je verblijf in Ironwood Livigno makkelijker maken: ontbijt op aanvraag vlakbij en e-bikeverhuur direct vanaf het appartement.,153,Zorgeloze vakantie in Livigno: ontbijt en e-bikeverhuur,Twee optionele diensten die je verblijf in Ironwood Livigno makkelijker maken: ontbijt op aanvraag vlakbij en e-bikeverhuur direct vanaf het appartement.,https://ironwoodlivigno.com/images/colazione-tavola.jpg,nl_NL,0,summary_large_image
https://ironwoodlivigno.com/blog/vacanza-senza-pensieri-a-livigno-colazione-ed-e-bike/cs,cs,Bezstarostná dovolená v Livignu: snídaně a elektrokola,54,"Dvě volitelné služby, které vám usnadní pobyt v Ironwood Livigno: snídaně na požádání nedaleko a půjčení elektrokol přímo z apartmánu.",134,Bezstarostná dovolená v Livignu: snídaně a elektrokola,"Dvě volitelné služby, které vám usnadní pobyt v Ironwood Livigno: snídaně na požádání nedaleko a půjčení elektrokol přímo z apartmánu.",https://ironwoodlivigno.com/images/colazione-tavola.jpg,cs_CZ,0,summary_large_image
https://ironwoodlivigno.com/blog/vacanza-senza-pensieri-a-livigno-colazione-ed-e-bike/fr,fr,Vacances sans souci à Livigno : petit-déjeuner et VTT électrique,64,Deux services en option qui simplifient votre séjour à Ironwood Livigno : le petit-déjeuner sur demande à deux pas et la location de VTT électriques.,149,Vacances sans souci à Livigno : petit-déjeuner et VTT électrique,Deux services en option qui simplifient votre séjour à Ironwood Livigno : le petit-déjeuner sur demande à deux pas et la location de VTT électriques.,https://ironwoodlivigno.com/images/colazione-tavola.jpg,fr_FR,0,summary_large_image
https://ironwoodlivigno.com/blog/vacanza-senza-pensieri-a-livigno-colazione-ed-e-bike/da,da,Bekymringsfri ferie i Livigno: morgenmad og elcykler,52,"To valgfrie services, der gør dit ophold på Ironwood Livigno lettere: morgenmad på forespørgsel tæt på og leje af elcykler direkte fra lejligheden.",147,Bekymringsfri ferie i Livigno: morgenmad og elcykler,"To valgfrie services, der gør dit ophold på Ironwood Livigno lettere: morgenmad på forespørgsel tæt på og leje af elcykler direkte fra lejligheden.",https://ironwoodlivigno.com/images/colazione-tavola.jpg,da_DK,0,summary_large_image
https://ironwoodlivigno.com/blog/vacanza-senza-pensieri-a-livigno-colazione-ed-e-bike/no,no,Bekymringsfri ferie i Livigno: frokost og elsykler,50,To valgfrie tjenester som gjør oppholdet på Ironwood Livigno enklere: frokost på forespørsel like i nærheten og utleie av elsykler rett fra leiligheten.,152,Bekymringsfri ferie i Livigno: frokost og elsykler,To valgfrie tjenester som gjør oppholdet på Ironwood Livigno enklere: frokost på forespørsel like i nærheten og utleie av elsykler rett fra leiligheten.,https://ironwoodlivigno.com/images/colazione-tavola.jpg,nb_NO,0,summary_large_image
https://ironwoodlivigno.com/blog/vacanza-senza-pensieri-a-livigno-colazione-ed-e-bike/zh,zh,轻松畅游利维尼奥：早餐和电动山地车租赁 | Ironwood Livigno,38,让你在 Ironwood Livigno 住得更轻松的两项可选服务：附近的预约早餐，以及直接从公寓租用电动山地车。,57,轻松畅游利维尼奥：早餐和电动山地车租赁,让你在 Ironwood Livigno 住得更轻松的两项可选服务：附近的预约早餐，以及直接从公寓租用电动山地车。,https://ironwoodlivigno.com/images/colazione-tavola.jpg,zh_CN,0,summary_large_image
https://ironwoodlivigno.com/blog/vacanza-senza-pensieri-a-livigno-colazione-ed-e-bike/ja,ja,リヴィーニョで気ままな休暇を：朝食とe-バイクレンタル | Ironwood Livigno,46,Ironwood Livignoでの滞在をもっと快適にする2つのオプション：近くで楽しめるリクエスト制の朝食と、アパートから直接借りられるe-バイク。,75,リヴィーニョで気ままな休暇を：朝食とe-バイクレンタル,Ironwood Livignoでの滞在をもっと快適にする2つのオプション：近くで楽しめるリクエスト制の朝食と、アパートから直接借りられるe-バイク。,https://ironwoodlivigno.com/images/colazione-tavola.jpg,ja_JP,0,summary_large_image
https://ironwoodlivigno.com/blog/livigno-tax-free-guida-per-chi-arriva-dallestero,it,Livigno tax free: guida pratica per chi arriva dall'estero,58,"Cosa significa che Livigno è una zona franca doganale, e cosa sapere sui limiti di franchigia prima di fare acquisti importanti.",128,Livigno tax free: guida pratica per chi arriva dall'estero,"Cosa significa che Livigno è una zona franca doganale, e cosa sapere sui limiti di franchigia prima di fare acquisti importanti.",https://ironwoodlivigno.com/images/centro-livigno-shopping.jpg,,0,summary_large_image
https://ironwoodlivigno.com/blog/livigno-tax-free-guida-per-chi-arriva-dallestero/en,en,Livigno Tax Free: A Practical Guide for Visitors from Abroad,60,"What it means that Livigno is a customs-free zone, what's worth buying, and what to know about duty-free allowances before making larger purchases.",147,Livigno Tax Free: A Practical Guide for Visitors from Abroad,"What it means that Livigno is a customs-free zone, what's worth buying, and what to know about duty-free allowances before making larger purchases.",https://ironwoodlivigno.com/images/centro-livigno-shopping.jpg,en_GB,0,summary_large_image
https://ironwoodlivigno.com/blog/livigno-tax-free-guida-per-chi-arriva-dallestero/de,de,Livigno zollfrei: Praktischer Guide für Gäste aus dem Ausland,61,"Was es bedeutet, dass Livigno eine Zollfreizone ist, was sich zu kaufen lohnt und was Sie vor größeren Einkäufen über Freimengen wissen sollten.",144,Livigno zollfrei: Praktischer Guide für Gäste aus dem Ausland,"Was es bedeutet, dass Livigno eine Zollfreizone ist, was sich zu kaufen lohnt und was Sie vor größeren Einkäufen über Freimengen wissen sollten.",https://ironwoodlivigno.com/images/centro-livigno-shopping.jpg,de_DE,0,summary_large_image
https://ironwoodlivigno.com/blog/livigno-tax-free-guida-per-chi-arriva-dallestero/pl,pl,Livigno bez cła: praktyczny przewodnik dla gości z zagranicy,60,"Co oznacza, że Livigno jest strefą wolnocłową, co warto kupić i co wiedzieć o limitach celnych przed większymi zakupami przy powrocie do Polski.",144,Livigno bez cła: praktyczny przewodnik dla gości z zagranicy,"Co oznacza, że Livigno jest strefą wolnocłową, co warto kupić i co wiedzieć o limitach celnych przed większymi zakupami przy powrocie do Polski.",https://ironwoodlivigno.com/images/centro-livigno-shopping.jpg,pl_PL,0,summary_large_image
https://ironwoodlivigno.com/blog/livigno-tax-free-guida-per-chi-arriva-dallestero/nl,nl,Livigno belastingvrij: praktische gids voor buitenlanders,57,"Wat het betekent dat Livigno een douanevrije zone is, wat de moeite waard is om te kopen en wat je over vrijstellingen weet voordat je grote aankopen doet.",155,Livigno belastingvrij: praktische gids voor buitenlanders,"Wat het betekent dat Livigno een douanevrije zone is, wat de moeite waard is om te kopen en wat je over vrijstellingen weet voordat je grote aankopen doet.",https://ironwoodlivigno.com/images/centro-livigno-shopping.jpg,nl_NL,0,summary_large_image
https://ironwoodlivigno.com/blog/livigno-tax-free-guida-per-chi-arriva-dallestero/cs,cs,Livigno bez cla: praktický průvodce pro návštěvníky ze zahraničí,64,"Co znamená, že Livigno je bezcelní zóna, co se vyplatí koupit a co vědět o celních limitech před většími nákupy při návratu do Česka.",133,Livigno bez cla: praktický průvodce pro návštěvníky ze zahraničí,"Co znamená, že Livigno je bezcelní zóna, co se vyplatí koupit a co vědět o celních limitech před většími nákupy při návratu do Česka.",https://ironwoodlivigno.com/images/centro-livigno-shopping.jpg,cs_CZ,0,summary_large_image
https://ironwoodlivigno.com/blog/livigno-tax-free-guida-per-chi-arriva-dallestero/fr,fr,Livigno détaxé : guide pratique pour les visiteurs étrangers,60,"Ce que signifie le statut de zone franche de Livigno, ce qu'il vaut la peine d'acheter et les franchises douanières à connaître avant de gros achats.",149,Livigno détaxé : guide pratique pour les visiteurs étrangers,"Ce que signifie le statut de zone franche de Livigno, ce qu'il vaut la peine d'acheter et les franchises douanières à connaître avant de gros achats.",https://ironwoodlivigno.com/images/centro-livigno-shopping.jpg,fr_FR,0,summary_large_image
https://ironwoodlivigno.com/blog/livigno-tax-free-guida-per-chi-arriva-dallestero/da,da,Livigno toldfrit: praktisk guide til udenlandske gæster,55,"Hvad det betyder, at Livigno er en toldfri zone, hvad der er værd at købe, og hvad du skal vide om toldfrie mængder før større indkøb.",134,Livigno toldfrit: praktisk guide til udenlandske gæster,"Hvad det betyder, at Livigno er en toldfri zone, hvad der er værd at købe, og hvad du skal vide om toldfrie mængder før større indkøb.",https://ironwoodlivigno.com/images/centro-livigno-shopping.jpg,da_DK,0,summary_large_image
https://ironwoodlivigno.com/blog/livigno-tax-free-guida-per-chi-arriva-dallestero/no,no,Livigno tollfritt: praktisk guide for utenlandske gjester,57,"Hva det betyr at Livigno er en tollfri sone, hva som er verdt å kjøpe, og hva du bør vite om tollkvoter før større innkjøp på vei hjem til Norge.",145,Livigno tollfritt: praktisk guide for utenlandske gjester,"Hva det betyr at Livigno er en tollfri sone, hva som er verdt å kjøpe, og hva du bør vite om tollkvoter før større innkjøp på vei hjem til Norge.",https://ironwoodlivigno.com/images/centro-livigno-shopping.jpg,nb_NO,0,summary_large_image
https://ironwoodlivigno.com/blog/livigno-tax-free-guida-per-chi-arriva-dallestero/zh,zh,利维尼奥免税：外国游客实用指南 | Ironwood Livigno,34,利维尼奥作为免税区意味着什么，哪些东西值得买，以及大额购物前需要了解的免税限额。,40,利维尼奥免税：外国游客实用指南,利维尼奥作为免税区意味着什么，哪些东西值得买，以及大额购物前需要了解的免税限额。,https://ironwoodlivigno.com/images/centro-livigno-shopping.jpg,zh_CN,0,summary_large_image
https://ironwoodlivigno.com/blog/livigno-tax-free-guida-per-chi-arriva-dallestero/ja,ja,リヴィーニョの免税：海外から訪れる人のための実用ガイド | Ironwood Livigno,46,リヴィーニョが免税地区であることの意味、買う価値のあるもの、そして大きな買い物の前に知っておきたい免税範囲。,54,リヴィーニョの免税：海外から訪れる人のための実用ガイド,リヴィーニョが免税地区であることの意味、買う価値のあるもの、そして大きな買い物の前に知っておきたい免税範囲。,https://ironwoodlivigno.com/images/centro-livigno-shopping.jpg,ja_JP,0,summary_large_image
https://ironwoodlivigno.com/blog/migliori-periodi-per-evitare-la-folla-a-livigno,it,I migliori periodi per evitare la folla a Livigno,49,Quando Livigno è più affollata e quali finestre di calendario permettono di goderti piste e sentieri con più tranquillità.,122,I migliori periodi per evitare la folla a Livigno,Quando Livigno è più affollata e quali finestre di calendario permettono di goderti piste e sentieri con più tranquillità.,https://ironwoodlivigno.com/images/livigno-vallata-inverno-bn.jpg,,0,summary_large_image
https://ironwoodlivigno.com/blog/migliori-periodi-per-evitare-la-folla-a-livigno/en,en,The Best Times to Avoid the Crowds in Livigno,45,"When Livigno is busiest, and which weeks of the year let you enjoy the slopes, trails and town centre with fewer queues and a calmer atmosphere.",144,The Best Times to Avoid the Crowds in Livigno,"When Livigno is busiest, and which weeks of the year let you enjoy the slopes, trails and town centre with fewer queues and a calmer atmosphere.",https://ironwoodlivigno.com/images/livigno-vallata-inverno-bn.jpg,en_GB,0,summary_large_image
https://ironwoodlivigno.com/blog/migliori-periodi-per-evitare-la-folla-a-livigno/de,de,"Die besten Reisezeiten, um in Livigno den Massen zu entgehen",60,"Wann in Livigno am meisten los ist und in welchen Wochen Sie Pisten, Wanderwege und Ortszentrum mit weniger Andrang und ruhigerer Atmosphäre genießen.",150,"Die besten Reisezeiten, um in Livigno den Massen zu entgehen","Wann in Livigno am meisten los ist und in welchen Wochen Sie Pisten, Wanderwege und Ortszentrum mit weniger Andrang und ruhigerer Atmosphäre genießen.",https://ironwoodlivigno.com/images/livigno-vallata-inverno-bn.jpg,de_DE,0,summary_large_image
https://ironwoodlivigno.com/blog/migliori-periodi-per-evitare-la-folla-a-livigno/pl,pl,"Najlepsze terminy, by uniknąć tłumów w Livigno",46,"Kiedy w Livigno jest najtłoczniej i w jakich tygodniach roku można cieszyć się stokami, szlakami i centrum z mniejszymi kolejkami i w spokojniejszej atmosferze.",160,"Najlepsze terminy, by uniknąć tłumów w Livigno","Kiedy w Livigno jest najtłoczniej i w jakich tygodniach roku można cieszyć się stokami, szlakami i centrum z mniejszymi kolejkami i w spokojniejszej atmosferze.",https://ironwoodlivigno.com/images/livigno-vallata-inverno-bn.jpg,pl_PL,0,summary_large_image
https://ironwoodlivigno.com/blog/migliori-periodi-per-evitare-la-folla-a-livigno/nl,nl,De beste periodes om de drukte in Livigno te vermijden,54,"Wanneer het in Livigno het drukst is en in welke weken je met minder rijen en een rustigere sfeer van pistes, wandelpaden en het dorpscentrum geniet.",149,De beste periodes om de drukte in Livigno te vermijden,"Wanneer het in Livigno het drukst is en in welke weken je met minder rijen en een rustigere sfeer van pistes, wandelpaden en het dorpscentrum geniet.",https://ironwoodlivigno.com/images/livigno-vallata-inverno-bn.jpg,nl_NL,0,summary_large_image
https://ironwoodlivigno.com/blog/migliori-periodi-per-evitare-la-folla-a-livigno/cs,cs,"Nejlepší termíny, jak se v Livignu vyhnout davům",48,"Kdy je v Livignu nejrušněji a ve kterých týdnech si užijete sjezdovky, stezky i centrum s kratšími frontami a v klidnější atmosféře.",132,"Nejlepší termíny, jak se v Livignu vyhnout davům","Kdy je v Livignu nejrušněji a ve kterých týdnech si užijete sjezdovky, stezky i centrum s kratšími frontami a v klidnější atmosféře.",https://ironwoodlivigno.com/images/livigno-vallata-inverno-bn.jpg,cs_CZ,0,summary_large_image
https://ironwoodlivigno.com/blog/migliori-periodi-per-evitare-la-folla-a-livigno/fr,fr,Les meilleures périodes pour éviter la foule à Livigno,54,"Quand Livigno est la plus fréquentée et quelles semaines de l'année permettent de profiter des pistes, sentiers et du centre avec moins d'attente.",146,Les meilleures périodes pour éviter la foule à Livigno,"Quand Livigno est la plus fréquentée et quelles semaines de l'année permettent de profiter des pistes, sentiers et du centre avec moins d'attente.",https://ironwoodlivigno.com/images/livigno-vallata-inverno-bn.jpg,fr_FR,0,summary_large_image
https://ironwoodlivigno.com/blog/migliori-periodi-per-evitare-la-folla-a-livigno/da,da,De bedste tidspunkter at undgå trængsel i Livigno,49,"Hvornår der er flest mennesker i Livigno, og i hvilke uger du kan nyde pister, stier og bymidte med kortere køer og en roligere stemning.",137,De bedste tidspunkter at undgå trængsel i Livigno,"Hvornår der er flest mennesker i Livigno, og i hvilke uger du kan nyde pister, stier og bymidte med kortere køer og en roligere stemning.",https://ironwoodlivigno.com/images/livigno-vallata-inverno-bn.jpg,da_DK,0,summary_large_image
https://ironwoodlivigno.com/blog/migliori-periodi-per-evitare-la-folla-a-livigno/no,no,De beste tidspunktene for å unngå trengsel i Livigno,52,"Når det er mest folk i Livigno, og i hvilke uker du kan nyte bakker, stier og sentrum med kortere køer og en roligere stemning.",127,De beste tidspunktene for å unngå trengsel i Livigno,"Når det er mest folk i Livigno, og i hvilke uker du kan nyte bakker, stier og sentrum med kortere køer og en roligere stemning.",https://ironwoodlivigno.com/images/livigno-vallata-inverno-bn.jpg,nb_NO,0,summary_large_image
https://ironwoodlivigno.com/blog/migliori-periodi-per-evitare-la-folla-a-livigno/zh,zh,避开利维尼奥人潮的最佳时间 | Ironwood Livigno,32,利维尼奥什么时候最拥挤，一年中哪些时段可以在排队更少、氛围更安静的情况下享受雪道、步道和小镇中心。,49,避开利维尼奥人潮的最佳时间,利维尼奥什么时候最拥挤，一年中哪些时段可以在排队更少、氛围更安静的情况下享受雪道、步道和小镇中心。,https://ironwoodlivigno.com/images/livigno-vallata-inverno-bn.jpg,zh_CN,0,summary_large_image
https://ironwoodlivigno.com/blog/migliori-periodi-per-evitare-la-folla-a-livigno/ja,ja,リヴィーニョの混雑を避けるベストシーズン | Ironwood Livigno,39,リヴィーニョが最も混む時期と、行列が少なく落ち着いた雰囲気でゲレンデ、トレイル、町の中心を楽しめる時期。,52,リヴィーニョの混雑を避けるベストシーズン,リヴィーニョが最も混む時期と、行列が少なく落ち着いた雰囲気でゲレンデ、トレイル、町の中心を楽しめる時期。,https://ironwoodlivigno.com/images/livigno-vallata-inverno-bn.jpg,ja_JP,0,summary_large_image
https://ironwoodlivigno.com/blog/livigno-con-il-cane-regole-e-alternative,it,Livigno con il cane: regole e alternative | Ironwood Livigno,60,"Cosa sapere se vuoi portare il cane in vacanza a Livigno, e perché Ironwood Livigno non è la soluzione giusta per chi viaggia con animali.",138,Livigno con il cane: regole e alternative,"Cosa sapere se vuoi portare il cane in vacanza a Livigno, e perché Ironwood Livigno non è la soluzione giusta per chi viaggia con animali.",https://ironwoodlivigno.com/images/cane-neve-livigno.jpg,,0,summary_large_image
https://ironwoodlivigno.com/blog/livigno-con-il-cane-regole-e-alternative/en,en,Livigno with Your Dog: Rules and Alternatives,45,"What to know if you want to bring your dog on holiday to Livigno, and why Ironwood Livigno isn't the right choice for guests travelling with pets.",146,Livigno with Your Dog: Rules and Alternatives,"What to know if you want to bring your dog on holiday to Livigno, and why Ironwood Livigno isn't the right choice for guests travelling with pets.",https://ironwoodlivigno.com/images/cane-neve-livigno.jpg,en_GB,0,summary_large_image
https://ironwoodlivigno.com/blog/livigno-con-il-cane-regole-e-alternative/de,de,Livigno mit Hund: Regeln und Alternativen | Ironwood Livigno,60,"Was Sie wissen sollten, wenn Sie Ihren Hund mit in den Urlaub nach Livigno nehmen möchten – und warum Ironwood Livigno für Reisende mit Haustieren nicht passt.",159,Livigno mit Hund: Regeln und Alternativen,"Was Sie wissen sollten, wenn Sie Ihren Hund mit in den Urlaub nach Livigno nehmen möchten – und warum Ironwood Livigno für Reisende mit Haustieren nicht passt.",https://ironwoodlivigno.com/images/cane-neve-livigno.jpg,de_DE,0,summary_large_image
https://ironwoodlivigno.com/blog/livigno-con-il-cane-regole-e-alternative/pl,pl,Livigno z psem: zasady i alternatywy | Ironwood Livigno,55,"Co warto wiedzieć, jeśli chcesz zabrać psa na urlop do Livigno, i dlaczego Ironwood Livigno nie jest odpowiednim wyborem dla podróżujących ze zwierzętami.",154,Livigno z psem: zasady i alternatywy,"Co warto wiedzieć, jeśli chcesz zabrać psa na urlop do Livigno, i dlaczego Ironwood Livigno nie jest odpowiednim wyborem dla podróżujących ze zwierzętami.",https://ironwoodlivigno.com/images/cane-neve-livigno.jpg,pl_PL,0,summary_large_image
https://ironwoodlivigno.com/blog/livigno-con-il-cane-regole-e-alternative/nl,nl,Livigno met je hond: regels en alternatieven,44,"Wat je moet weten als je je hond mee op vakantie wilt nemen naar Livigno, en waarom Ironwood Livigno niet de juiste keuze is voor wie met huisdieren reist.",155,Livigno met je hond: regels en alternatieven,"Wat je moet weten als je je hond mee op vakantie wilt nemen naar Livigno, en waarom Ironwood Livigno niet de juiste keuze is voor wie met huisdieren reist.",https://ironwoodlivigno.com/images/cane-neve-livigno.jpg,nl_NL,0,summary_large_image
https://ironwoodlivigno.com/blog/livigno-con-il-cane-regole-e-alternative/cs,cs,Livigno se psem: pravidla a alternativy | Ironwood Livigno,58,"Co vědět, pokud chcete vzít psa na dovolenou do Livigna, a proč Ironwood Livigno není vhodnou volbou pro ty, kdo cestují se zvířaty.",132,Livigno se psem: pravidla a alternativy,"Co vědět, pokud chcete vzít psa na dovolenou do Livigna, a proč Ironwood Livigno není vhodnou volbou pro ty, kdo cestují se zvířaty.",https://ironwoodlivigno.com/images/cane-neve-livigno.jpg,cs_CZ,0,summary_large_image
https://ironwoodlivigno.com/blog/livigno-con-il-cane-regole-e-alternative/fr,fr,Livigno avec son chien : règles et alternatives,47,"Ce qu'il faut savoir pour emmener son chien en vacances à Livigno, et pourquoi Ironwood Livigno n'est pas le bon choix si vous voyagez avec un animal.",150,Livigno avec son chien : règles et alternatives,"Ce qu'il faut savoir pour emmener son chien en vacances à Livigno, et pourquoi Ironwood Livigno n'est pas le bon choix si vous voyagez avec un animal.",https://ironwoodlivigno.com/images/cane-neve-livigno.jpg,fr_FR,0,summary_large_image
https://ironwoodlivigno.com/blog/livigno-con-il-cane-regole-e-alternative/da,da,Livigno med hund: regler og alternativer | Ironwood Livigno,59,"Det skal du vide, hvis du vil have hunden med på ferie i Livigno, og hvorfor Ironwood Livigno ikke er det rette valg for dem, der rejser med dyr.",145,Livigno med hund: regler og alternativer,"Det skal du vide, hvis du vil have hunden med på ferie i Livigno, og hvorfor Ironwood Livigno ikke er det rette valg for dem, der rejser med dyr.",https://ironwoodlivigno.com/images/cane-neve-livigno.jpg,da_DK,0,summary_large_image
https://ironwoodlivigno.com/blog/livigno-con-il-cane-regole-e-alternative/no,no,Hund på ferie i Livigno: regler og alternativer,47,"Dette bør du vite hvis du vil ha med hunden på ferie til Livigno, og hvorfor Ironwood Livigno ikke er riktig valg for dem som reiser med dyr.",141,Hund på ferie i Livigno: regler og alternativer,"Dette bør du vite hvis du vil ha med hunden på ferie til Livigno, og hvorfor Ironwood Livigno ikke er riktig valg for dem som reiser med dyr.",https://ironwoodlivigno.com/images/cane-neve-livigno.jpg,nb_NO,0,summary_large_image
https://ironwoodlivigno.com/blog/livigno-con-il-cane-regole-e-alternative/zh,zh,带狗去利维尼奥：规定与替代方案 | Ironwood Livigno,34,想带狗去利维尼奥度假需要了解什么，以及为什么 Ironwood Livigno 不适合携带宠物出行的客人。,53,带狗去利维尼奥：规定与替代方案,想带狗去利维尼奥度假需要了解什么，以及为什么 Ironwood Livigno 不适合携带宠物出行的客人。,https://ironwoodlivigno.com/images/cane-neve-livigno.jpg,zh_CN,0,summary_large_image
https://ironwoodlivigno.com/blog/livigno-con-il-cane-regole-e-alternative/ja,ja,犬と一緒にリヴィーニョへ：ルールと代わりの選択肢 | Ironwood Livigno,43,犬を連れてリヴィーニョで休暇を過ごしたい方が知っておくべきことと、ペット連れの方にIronwood Livignoが向いていない理由。,67,犬と一緒にリヴィーニョへ：ルールと代わりの選択肢,犬を連れてリヴィーニョで休暇を過ごしたい方が知っておくべきことと、ペット連れの方にIronwood Livignoが向いていない理由。,https://ironwoodlivigno.com/images/cane-neve-livigno.jpg,ja_JP,0,summary_large_image
https://ironwoodlivigno.com/blog/da-dove-ammirare-il-tramonto-a-livigno,it,Da dove ammirare il tramonto a Livigno | Ironwood Livigno,57,"I punti panoramici più suggestivi per goderti il tramonto sulle montagne di Livigno, dai sentieri in quota alla passeggiata al lago, in inverno e in estate.",156,Da dove ammirare il tramonto a Livigno,"I punti panoramici più suggestivi per goderti il tramonto sulle montagne di Livigno, dai sentieri in quota alla passeggiata al lago, in inverno e in estate.",https://ironwoodlivigno.com/images/mucca-alpeggio-livigno.jpg,,0,summary_large_image
https://ironwoodlivigno.com/blog/da-dove-ammirare-il-tramonto-a-livigno/en,en,Where to Watch the Sunset in Livigno | Ironwood Livigno,55,"The most scenic spots to watch the sunset over the mountains of Livigno, from high-altitude trails to an easy evening walk around the lake, in winter and summer.",161,Where to Watch the Sunset in Livigno,"The most scenic spots to watch the sunset over the mountains of Livigno, from high-altitude trails to an easy evening walk around the lake, in winter and summer.",https://ironwoodlivigno.com/images/mucca-alpeggio-livigno.jpg,en_GB,0,summary_large_image
https://ironwoodlivigno.com/blog/da-dove-ammirare-il-tramonto-a-livigno/de,de,Die schönsten Orte für den Sonnenuntergang in Livigno,53,"Die schönsten Aussichtspunkte für den Sonnenuntergang über den Bergen von Livigno – vom Höhenweg bis zum leichten Abendspaziergang am See, im Winter wie im Sommer.",163,Die schönsten Orte für den Sonnenuntergang in Livigno,"Die schönsten Aussichtspunkte für den Sonnenuntergang über den Bergen von Livigno – vom Höhenweg bis zum leichten Abendspaziergang am See, im Winter wie im Sommer.",https://ironwoodlivigno.com/images/mucca-alpeggio-livigno.jpg,de_DE,0,summary_large_image
https://ironwoodlivigno.com/blog/da-dove-ammirare-il-tramonto-a-livigno/pl,pl,Gdzie podziwiać zachód słońca w Livigno | Ironwood Livigno,58,"Najpiękniejsze punkty widokowe na zachód słońca nad górami Livigno, od szlaków wysokogórskich po łatwy wieczorny spacer wokół jeziora, zimą i latem.",148,Gdzie podziwiać zachód słońca w Livigno,"Najpiękniejsze punkty widokowe na zachód słońca nad górami Livigno, od szlaków wysokogórskich po łatwy wieczorny spacer wokół jeziora, zimą i latem.",https://ironwoodlivigno.com/images/mucca-alpeggio-livigno.jpg,pl_PL,0,summary_large_image
https://ironwoodlivigno.com/blog/da-dove-ammirare-il-tramonto-a-livigno/nl,nl,Waar je de zonsondergang in Livigno het best ziet,49,"De mooiste plekken om de zon te zien ondergaan boven de bergen van Livigno, van routes op hoogte tot een makkelijke avondwandeling rond het meer.",145,Waar je de zonsondergang in Livigno het best ziet,"De mooiste plekken om de zon te zien ondergaan boven de bergen van Livigno, van routes op hoogte tot een makkelijke avondwandeling rond het meer.",https://ironwoodlivigno.com/images/mucca-alpeggio-livigno.jpg,nl_NL,0,summary_large_image
https://ironwoodlivigno.com/blog/da-dove-ammirare-il-tramonto-a-livigno/cs,cs,Odkud v Livignu pozorovat západ slunce | Ironwood Livigno,57,"Nejkrásnější vyhlídky na západ slunce nad horami Livigna, od vysokohorských stezek po snadnou večerní procházku kolem jezera, v zimě i v létě.",142,Odkud v Livignu pozorovat západ slunce,"Nejkrásnější vyhlídky na západ slunce nad horami Livigna, od vysokohorských stezek po snadnou večerní procházku kolem jezera, v zimě i v létě.",https://ironwoodlivigno.com/images/mucca-alpeggio-livigno.jpg,cs_CZ,0,summary_large_image
https://ironwoodlivigno.com/blog/da-dove-ammirare-il-tramonto-a-livigno/fr,fr,Où admirer le coucher de soleil à Livigno | Ironwood Livigno,60,"Les plus beaux points de vue pour admirer le coucher de soleil sur les montagnes de Livigno, des sentiers d'altitude à une balade facile autour du lac.",151,Où admirer le coucher de soleil à Livigno,"Les plus beaux points de vue pour admirer le coucher de soleil sur les montagnes de Livigno, des sentiers d'altitude à une balade facile autour du lac.",https://ironwoodlivigno.com/images/mucca-alpeggio-livigno.jpg,fr_FR,0,summary_large_image
https://ironwoodlivigno.com/blog/da-dove-ammirare-il-tramonto-a-livigno/da,da,Hvor du kan se solnedgangen i Livigno | Ironwood Livigno,56,"De smukkeste udsigtspunkter til solnedgangen over bjergene i Livigno, fra stier i højden til en let aftentur rundt om søen, vinter og sommer.",141,Hvor du kan se solnedgangen i Livigno,"De smukkeste udsigtspunkter til solnedgangen over bjergene i Livigno, fra stier i højden til en let aftentur rundt om søen, vinter og sommer.",https://ironwoodlivigno.com/images/mucca-alpeggio-livigno.jpg,da_DK,0,summary_large_image
https://ironwoodlivigno.com/blog/da-dove-ammirare-il-tramonto-a-livigno/no,no,Her ser du solnedgangen best i Livigno | Ironwood Livigno,57,"De vakreste utsiktspunktene for solnedgangen over fjellene i Livigno, fra stier i høyden til en lett kveldstur rundt innsjøen, vinter og sommer.",144,Her ser du solnedgangen best i Livigno,"De vakreste utsiktspunktene for solnedgangen over fjellene i Livigno, fra stier i høyden til en lett kveldstur rundt innsjøen, vinter og sommer.",https://ironwoodlivigno.com/images/mucca-alpeggio-livigno.jpg,nb_NO,0,summary_large_image
https://ironwoodlivigno.com/blog/da-dove-ammirare-il-tramonto-a-livigno/zh,zh,在利维尼奥哪里看日落 | Ironwood Livigno,29,欣赏利维尼奥群山日落的最佳观景点：从高海拔步道到环湖轻松散步，冬夏皆宜。,36,在利维尼奥哪里看日落,欣赏利维尼奥群山日落的最佳观景点：从高海拔步道到环湖轻松散步，冬夏皆宜。,https://ironwoodlivigno.com/images/mucca-alpeggio-livigno.jpg,zh_CN,0,summary_large_image
https://ironwoodlivigno.com/blog/da-dove-ammirare-il-tramonto-a-livigno/ja,ja,リヴィーニョで夕日を眺めるならここ | Ironwood Livigno,36,リヴィーニョの山々に沈む夕日を眺める絶景スポット。高地のトレイルから湖畔の気軽な夕方の散歩まで、冬も夏も楽しめます。,58,リヴィーニョで夕日を眺めるならここ,リヴィーニョの山々に沈む夕日を眺める絶景スポット。高地のトレイルから湖畔の気軽な夕方の散歩まで、冬も夏も楽しめます。,https://ironwoodlivigno.com/images/mucca-alpeggio-livigno.jpg,ja_JP,0,summary_large_image
https://ironwoodlivigno.com/inverno,it,Vacanza invernale a Livigno | Sauna a 100 m dagli impianti,58,"Sci, sauna a infrarossi e bagno turco privati a 100 m dagli impianti di risalita: scopri come vivere l'inverno a Livigno da Ironwood.",133,Vacanza invernale a Livigno | Sauna a 100 m dagli impianti,"Sci, sauna a infrarossi e bagno turco privati a 100 m dagli impianti di risalita: scopri come vivere l'inverno a Livigno da Ironwood.",https://ironwoodlivigno.com/images/livigno-skilift-vallata-nebbia.jpg,it_IT,0,summary_large_image
https://ironwoodlivigno.com/inverno/en,en,Winter Holiday in Livigno | Sauna 100 m from the Lifts,54,Private infrared sauna and steam bath 100 m from the ski lifts: discover what winter in Livigno feels like at Ironwood.,119,Winter Holiday in Livigno | Sauna 100 m from the Lifts,Private infrared sauna and steam bath 100 m from the ski lifts: discover what winter in Livigno feels like at Ironwood.,https://ironwoodlivigno.com/images/livigno-skilift-vallata-nebbia.jpg,en_GB,0,summary_large_image
https://ironwoodlivigno.com/inverno/en-us,en-us,"Winter Vacation in Livigno, Italy | Sauna 100 m from Lifts",58,"Private infrared sauna and steam bath 100 m from the ski lifts: discover what winter in the Italian Alps feels like at Ironwood, in Livigno, Italy.",147,"Winter Vacation in Livigno, Italy | Sauna 100 m from Lifts","Private infrared sauna and steam bath 100 m from the ski lifts: discover what winter in the Italian Alps feels like at Ironwood, in Livigno, Italy.",https://ironwoodlivigno.com/images/livigno-skilift-vallata-nebbia.jpg,en_US,0,summary_large_image
https://ironwoodlivigno.com/inverno/de,de,"Winterurlaub in Livigno | Sauna, 100 m von den Liften",53,"Private Infrarotsauna und Dampfbad, 100 m von den Liften: entdecken Sie den Winter in Livigno bei Ironwood.",107,"Winterurlaub in Livigno | Sauna, 100 m von den Liften","Private Infrarotsauna und Dampfbad, 100 m von den Liften: entdecken Sie den Winter in Livigno bei Ironwood.",https://ironwoodlivigno.com/images/livigno-skilift-vallata-nebbia.jpg,de_DE,0,summary_large_image
https://ironwoodlivigno.com/inverno/fr,fr,Vacances d'hiver à Livigno | Sauna à 100 m des remontées,56,Sauna infrarouge et hammam privés à 100 m des remontées mécaniques : découvrez l'hiver à Livigno chez Ironwood.,111,Vacances d'hiver à Livigno | Sauna à 100 m des remontées,Sauna infrarouge et hammam privés à 100 m des remontées mécaniques : découvrez l'hiver à Livigno chez Ironwood.,https://ironwoodlivigno.com/images/livigno-skilift-vallata-nebbia.jpg,fr_FR,0,summary_large_image
https://ironwoodlivigno.com/inverno/da,da,Vinterferie i Livigno | Sauna 100 m fra liftene,47,Privat infrarød sauna og dampbad 100 m fra skiliftene: oplev vinteren i Livigno hos Ironwood.,93,Vinterferie i Livigno | Sauna 100 m fra liftene,Privat infrarød sauna og dampbad 100 m fra skiliftene: oplev vinteren i Livigno hos Ironwood.,https://ironwoodlivigno.com/images/livigno-skilift-vallata-nebbia.jpg,da_DK,0,summary_large_image
https://ironwoodlivigno.com/inverno/pl,pl,Zimowe wakacje w Livigno | Sauna 100 m od wyciągów,50,"Prywatna sauna na podczerwień i łaźnia parowa 100 m od wyciągów narciarskich: odkryj, jak wygląda zima w Livigno w Ironwood.",124,Zimowe wakacje w Livigno | Sauna 100 m od wyciągów,"Prywatna sauna na podczerwień i łaźnia parowa 100 m od wyciągów narciarskich: odkryj, jak wygląda zima w Livigno w Ironwood.",https://ironwoodlivigno.com/images/livigno-skilift-vallata-nebbia.jpg,pl_PL,0,summary_large_image
https://ironwoodlivigno.com/inverno/cs,cs,Zimní dovolená v Livignu | Apartmán se saunou 100 m od vleků,60,"Soukromá infrasauna a parní lázeň 100 m od vleků: objevte, jaké je trávit zimu v Livignu v Ironwood.",100,Zimní dovolená v Livignu | Apartmán se saunou 100 m od vleků,"Soukromá infrasauna a parní lázeň 100 m od vleků: objevte, jaké je trávit zimu v Livignu v Ironwood.",https://ironwoodlivigno.com/images/livigno-skilift-vallata-nebbia.jpg,cs_CZ,0,summary_large_image
https://ironwoodlivigno.com/inverno/no,no,Vinterferie i Livigno | Badstue 100 m fra heisene,49,Privat infrarød badstue og dampbad 100 m fra skiheisene: oppdag hvordan vinteren i Livigno oppleves hos Ironwood.,113,Vinterferie i Livigno | Badstue 100 m fra heisene,Privat infrarød badstue og dampbad 100 m fra skiheisene: oppdag hvordan vinteren i Livigno oppleves hos Ironwood.,https://ironwoodlivigno.com/images/livigno-skilift-vallata-nebbia.jpg,nb_NO,0,summary_large_image
https://ironwoodlivigno.com/inverno/nl,nl,"Wintervakantie in Livigno | Sauna, 100 m van de liften",54,"Privé infraroodsauna en stoombad, 100 m van de skiliften: ontdek hoe de winter in Livigno aanvoelt bij Ironwood.",112,"Wintervakantie in Livigno | Sauna, 100 m van de liften","Privé infraroodsauna en stoombad, 100 m van de skiliften: ontdek hoe de winter in Livigno aanvoelt bij Ironwood.",https://ironwoodlivigno.com/images/livigno-skilift-vallata-nebbia.jpg,nl_NL,0,summary_large_image
https://ironwoodlivigno.com/inverno/zh,zh,利维尼奥冬季度假 | 距缆车仅100米的带桑拿公寓 | Ironwood Livigno,44,"私人红外线桑拿与土耳其蒸汽浴,距滑雪缆车仅100米:在Ironwood体验利维尼奥的冬日时光。",47,利维尼奥冬季度假 | 距缆车仅100米的带桑拿公寓,"私人红外线桑拿与土耳其蒸汽浴,距滑雪缆车仅100米:在Ironwood体验利维尼奥的冬日时光。",https://ironwoodlivigno.com/images/livigno-skilift-vallata-nebbia.jpg,zh_CN,0,summary_large_image
https://ironwoodlivigno.com/inverno/ja,ja,リヴィーニョ冬のバカンス | リフトから100mのサウナ付きアパートメント | Ironwood Livigno,56,リフトから100m、専用の赤外線サウナとスチームバス。Ironwoodでリヴィーニョの冬を体験しませんか。,53,リヴィーニョ冬のバカンス | リフトから100mのサウナ付きアパートメント,リフトから100m、専用の赤外線サウナとスチームバス。Ironwoodでリヴィーニョの冬を体験しませんか。,https://ironwoodlivigno.com/images/livigno-skilift-vallata-nebbia.jpg,ja_JP,0,summary_large_image
https://ironwoodlivigno.com/estate,it,"Vacanza estiva a Livigno | Bike, trekking e sauna privata",57,"Bike park, sentieri per tutti i livelli e il Lago di Livigno: scopri l'estate a Livigno e perché un appartamento con sauna privata è la base ideale.",148,"Vacanza estiva a Livigno | Bike, trekking e sauna privata","Bike park, sentieri per tutti i livelli e il Lago di Livigno: scopri l'estate a Livigno e perché un appartamento con sauna privata è la base ideale.",https://ironwoodlivigno.com/images/mountain-bike-estate.jpg,it_IT,0,summary_large_image
https://ironwoodlivigno.com/estate/en,en,"Summer Holiday in Livigno | Biking, Hiking, Private Sauna",57,"Bike park, trails for every level and Lake Livigno: discover summer in Livigno and why an apartment with a private sauna is the ideal base.",139,"Summer Holiday in Livigno | Biking, Hiking, Private Sauna","Bike park, trails for every level and Lake Livigno: discover summer in Livigno and why an apartment with a private sauna is the ideal base.",https://ironwoodlivigno.com/images/mountain-bike-estate.jpg,en_GB,0,summary_large_image
https://ironwoodlivigno.com/estate/en-us,en-us,"Summer Vacation in Livigno, Italy | Biking and Private Sauna",60,"Bike park, trails for every level and Lake Livigno: discover summer in the Italian Alps and why an apartment with a private sauna is the ideal base.",148,"Summer Vacation in Livigno, Italy | Biking and Private Sauna","Bike park, trails for every level and Lake Livigno: discover summer in the Italian Alps and why an apartment with a private sauna is the ideal base.",https://ironwoodlivigno.com/images/mountain-bike-estate.jpg,en_US,0,summary_large_image
https://ironwoodlivigno.com/estate/de,de,"Sommerurlaub in Livigno | Bike, Wandern, private Sauna",54,"Bikepark, Wege für jedes Niveau und der Lago di Livigno: entdecken Sie den Sommer in Livigno bei Ironwood.",106,"Sommerurlaub in Livigno | Bike, Wandern, private Sauna","Bikepark, Wege für jedes Niveau und der Lago di Livigno: entdecken Sie den Sommer in Livigno bei Ironwood.",https://ironwoodlivigno.com/images/mountain-bike-estate.jpg,de_DE,0,summary_large_image
https://ironwoodlivigno.com/estate/fr,fr,"Vacances d'été à Livigno | VTT, randonnée et sauna privé",56,"Bike park, sentiers pour tous niveaux et le lac de Livigno : découvrez l'été à Livigno et pourquoi un appartement avec sauna privé est la base idéale.",150,"Vacances d'été à Livigno | VTT, randonnée et sauna privé","Bike park, sentiers pour tous niveaux et le lac de Livigno : découvrez l'été à Livigno et pourquoi un appartement avec sauna privé est la base idéale.",https://ironwoodlivigno.com/images/mountain-bike-estate.jpg,fr_FR,0,summary_large_image
https://ironwoodlivigno.com/estate/da,da,Sommerferie i Livigno | Mountainbike og privat sauna,52,"Bikepark, stier til alle niveauer og Livigno-søen: oplev sommeren i Livigno, og hvorfor en lejlighed med privat sauna er den ideelle base.",138,Sommerferie i Livigno | Mountainbike og privat sauna,"Bikepark, stier til alle niveauer og Livigno-søen: oplev sommeren i Livigno, og hvorfor en lejlighed med privat sauna er den ideelle base.",https://ironwoodlivigno.com/images/mountain-bike-estate.jpg,da_DK,0,summary_large_image
https://ironwoodlivigno.com/estate/pl,pl,Letnie wakacje w Livigno | Rowery i prywatna sauna,50,"Bike park, szlaki dla każdego poziomu i Jezioro Livigno: odkryj lato w Livigno i dlaczego apartament z prywatną sauną to idealna baza.",134,Letnie wakacje w Livigno | Rowery i prywatna sauna,"Bike park, szlaki dla każdego poziomu i Jezioro Livigno: odkryj lato w Livigno i dlaczego apartament z prywatną sauną to idealna baza.",https://ironwoodlivigno.com/images/mountain-bike-estate.jpg,pl_PL,0,summary_large_image
https://ironwoodlivigno.com/estate/cs,cs,Letní dovolená v Livignu | Kola a soukromá sauna,48,"Bikepark, trasy pro všechny úrovně a jezero Livigno: objevte léto v Livignu a proč je apartmán se soukromou saunou ideální základnou.",133,Letní dovolená v Livignu | Kola a soukromá sauna,"Bikepark, trasy pro všechny úrovně a jezero Livigno: objevte léto v Livignu a proč je apartmán se soukromou saunou ideální základnou.",https://ironwoodlivigno.com/images/mountain-bike-estate.jpg,cs_CZ,0,summary_large_image
https://ironwoodlivigno.com/estate/no,no,Sommerferie i Livigno | Fjellsykling og privat badstue,54,"Bikepark, stier for alle nivåer og Livigno-sjøen: oppdag sommeren i Livigno, og hvorfor en leilighet med privat badstue er den ideelle basen.",141,Sommerferie i Livigno | Fjellsykling og privat badstue,"Bikepark, stier for alle nivåer og Livigno-sjøen: oppdag sommeren i Livigno, og hvorfor en leilighet med privat badstue er den ideelle basen.",https://ironwoodlivigno.com/images/mountain-bike-estate.jpg,nb_NO,0,summary_large_image
https://ironwoodlivigno.com/estate/nl,nl,Zomervakantie in Livigno | Mountainbiken en privésauna,54,"Bikepark, paden voor elk niveau en het Meer van Livigno: ontdek de zomer in Livigno en waarom een appartement met privésauna de ideale uitvalsbasis is.",151,Zomervakantie in Livigno | Mountainbiken en privésauna,"Bikepark, paden voor elk niveau en het Meer van Livigno: ontdek de zomer in Livigno en waarom een appartement met privésauna de ideale uitvalsbasis is.",https://ironwoodlivigno.com/images/mountain-bike-estate.jpg,nl_NL,0,summary_large_image
https://ironwoodlivigno.com/estate/zh,zh,利维尼奥夏季度假 | 山地自行车、徒步与私人桑拿 | Ironwood Livigno,43,"自行车公园、适合各水平的步道与利维尼奥湖:探索利维尼奥的夏天,了解为什么带私人桑拿的公寓是理想的落脚点。",52,利维尼奥夏季度假 | 山地自行车、徒步与私人桑拿,"自行车公园、适合各水平的步道与利维尼奥湖:探索利维尼奥的夏天,了解为什么带私人桑拿的公寓是理想的落脚点。",https://ironwoodlivigno.com/images/mountain-bike-estate.jpg,zh_CN,0,summary_large_image
https://ironwoodlivigno.com/estate/ja,ja,リヴィーニョ夏のバカンス | マウンテンバイク、トレッキング、専用サウナ | Ironwood Livigno,55,バイクパーク、あらゆるレベルに対応するトレイル、リヴィーニョ湖。リヴィーニョの夏と、専用サウナ付きアパートメントが理想的な拠点である理由をご紹介します。,76,リヴィーニョ夏のバカンス | マウンテンバイク、トレッキング、専用サウナ,バイクパーク、あらゆるレベルに対応するトレイル、リヴィーニョ湖。リヴィーニョの夏と、専用サウナ付きアパートメントが理想的な拠点である理由をご紹介します。,https://ironwoodlivigno.com/images/mountain-bike-estate.jpg,ja_JP,0,summary_large_image
https://ironwoodlivigno.com/famiglie,it,"Appartamento per famiglie a Livigno, fino a 6 persone",53,"3 camere, 2 bagni, culla e seggiolone su richiesta: scopri perché Ironwood Livigno è pensato per famiglie e gruppi fino a 6 persone.",132,"Appartamento per famiglie a Livigno, fino a 6 persone","3 camere, 2 bagni, culla e seggiolone su richiesta: scopri perché Ironwood Livigno è pensato per famiglie e gruppi fino a 6 persone.",https://ironwoodlivigno.com/images/appartamento-soggiorno.jpg,it_IT,0,summary_large_image
https://ironwoodlivigno.com/famiglie/en,en,"Family Apartment in Livigno, Up to 6 Guests",43,"3 bedrooms, 2 bathrooms, cot and high chair on request: discover why Ironwood Livigno is designed for families and groups up to 6.",130,"Family Apartment in Livigno, Up to 6 Guests","3 bedrooms, 2 bathrooms, cot and high chair on request: discover why Ironwood Livigno is designed for families and groups up to 6.",https://ironwoodlivigno.com/images/appartamento-soggiorno.jpg,en_GB,0,summary_large_image
https://ironwoodlivigno.com/famiglie/en-us,en-us,"Family Apartment in Livigno, Italy | Up to 6 Guests",51,"3 bedrooms, 2 bathrooms, crib and high chair on request: discover why Ironwood Livigno, in the Italian Alps, is designed for families and groups up to 6.",153,"Family Apartment in Livigno, Italy | Up to 6 Guests","3 bedrooms, 2 bathrooms, crib and high chair on request: discover why Ironwood Livigno, in the Italian Alps, is designed for families and groups up to 6.",https://ironwoodlivigno.com/images/appartamento-soggiorno.jpg,en_US,0,summary_large_image
https://ironwoodlivigno.com/famiglie/de,de,"Familienwohnung in Livigno, bis zu 6 Personen",45,"3 Schlafzimmer, 2 Bäder, Kinderbett und Hochstuhl auf Anfrage: entdecken Sie, warum Ironwood Livigno für Familien und Gruppen bis 6 Personen konzipiert ist.",156,"Familienwohnung in Livigno, bis zu 6 Personen","3 Schlafzimmer, 2 Bäder, Kinderbett und Hochstuhl auf Anfrage: entdecken Sie, warum Ironwood Livigno für Familien und Gruppen bis 6 Personen konzipiert ist.",https://ironwoodlivigno.com/images/appartamento-soggiorno.jpg,de_DE,0,summary_large_image
https://ironwoodlivigno.com/famiglie/fr,fr,"Appartement familial à Livigno, jusqu'à 6 personnes",51,"3 chambres, 2 salles de bains, lit bébé et chaise haute sur demande : pensé pour les familles jusqu'à 6 personnes.",114,"Appartement familial à Livigno, jusqu'à 6 personnes","3 chambres, 2 salles de bains, lit bébé et chaise haute sur demande : pensé pour les familles jusqu'à 6 personnes.",https://ironwoodlivigno.com/images/appartamento-soggiorno.jpg,fr_FR,0,summary_large_image
https://ironwoodlivigno.com/famiglie/da,da,"Familielejlighed i Livigno, op til 6 personer",45,"3 soveværelser, 2 badeværelser, barneseng og højstol efter ønske: oplev hvorfor Ironwood Livigno er designet til familier og grupper på op til 6 personer.",154,"Familielejlighed i Livigno, op til 6 personer","3 soveværelser, 2 badeværelser, barneseng og højstol efter ønske: oplev hvorfor Ironwood Livigno er designet til familier og grupper på op til 6 personer.",https://ironwoodlivigno.com/images/appartamento-soggiorno.jpg,da_DK,0,summary_large_image
https://ironwoodlivigno.com/famiglie/pl,pl,"Apartament dla rodzin w Livigno, do 6 osób",42,"3 sypialnie, 2 łazienki, łóżeczko i krzesełko na życzenie: odkryj, dlaczego Ironwood Livigno jest pomyślany dla rodzin i grup do 6 osób.",136,"Apartament dla rodzin w Livigno, do 6 osób","3 sypialnie, 2 łazienki, łóżeczko i krzesełko na życzenie: odkryj, dlaczego Ironwood Livigno jest pomyślany dla rodzin i grup do 6 osób.",https://ironwoodlivigno.com/images/appartamento-soggiorno.jpg,pl_PL,0,summary_large_image
https://ironwoodlivigno.com/famiglie/cs,cs,"Rodinný apartmán v Livignu, až 6 osob | Ironwood Livigno",56,"3 ložnice, 2 koupelny, dětská postýlka a jídelní židlička na přání: objevte, proč je Ironwood Livigno navržen pro rodiny a skupiny až 6 osob.",141,"Rodinný apartmán v Livignu, až 6 osob","3 ložnice, 2 koupelny, dětská postýlka a jídelní židlička na přání: objevte, proč je Ironwood Livigno navržen pro rodiny a skupiny až 6 osob.",https://ironwoodlivigno.com/images/appartamento-soggiorno.jpg,cs_CZ,0,summary_large_image
https://ironwoodlivigno.com/famiglie/no,no,"Familieleilighet i Livigno, opptil 6 personer",45,"3 soverom, 2 bad, barneseng og barnestol på forespørsel: oppdag hvorfor Ironwood Livigno er designet for familier og grupper på opptil 6 personer.",146,"Familieleilighet i Livigno, opptil 6 personer","3 soverom, 2 bad, barneseng og barnestol på forespørsel: oppdag hvorfor Ironwood Livigno er designet for familier og grupper på opptil 6 personer.",https://ironwoodlivigno.com/images/appartamento-soggiorno.jpg,nb_NO,0,summary_large_image
https://ironwoodlivigno.com/famiglie/nl,nl,"Gezinsappartement in Livigno, tot 6 personen",44,"3 slaapkamers, 2 badkamers, kinderbedje en kinderstoel op aanvraag: ontdek waarom Ironwood Livigno is ontworpen voor gezinnen en groepen tot 6 personen.",152,"Gezinsappartement in Livigno, tot 6 personen","3 slaapkamers, 2 badkamers, kinderbedje en kinderstoel op aanvraag: ontdek waarom Ironwood Livigno is ontworpen voor gezinnen en groepen tot 6 personen.",https://ironwoodlivigno.com/images/appartamento-soggiorno.jpg,nl_NL,0,summary_large_image
https://ironwoodlivigno.com/famiglie/zh,zh,"利维尼奥家庭公寓 | 可住6人,提供婴儿床与餐椅 | Ironwood Livigno",43,"3间卧室、2间浴室,婴儿床和餐椅可应要求提供:了解为什么Ironwood Livigno专为家庭及最多6人的团体而设计。",60,"利维尼奥家庭公寓 | 可住6人,提供婴儿床与餐椅","3间卧室、2间浴室,婴儿床和餐椅可应要求提供:了解为什么Ironwood Livigno专为家庭及最多6人的团体而设计。",https://ironwoodlivigno.com/images/appartamento-soggiorno.jpg,zh_CN,0,summary_large_image
https://ironwoodlivigno.com/famiglie/ja,ja,リヴィーニョのファミリー向けアパートメント | 最大6名、ベビーベッド・チェア対応 | Ironwood Livigno,60,3ベッドルーム、2バスルーム、ご要望に応じてベビーベッドとハイチェアもご用意。Ironwood Livignoが最大6名のご家族・グループのために設計されている理由をご紹介します。,90,リヴィーニョのファミリー向けアパートメント | 最大6名、ベビーベッド・チェア対応,3ベッドルーム、2バスルーム、ご要望に応じてベビーベッドとハイチェアもご用意。Ironwood Livignoが最大6名のご家族・グループのために設計されている理由をご紹介します。,https://ironwoodlivigno.com/images/appartamento-soggiorno.jpg,ja_JP,0,summary_large_image
https://ironwoodlivigno.com/come-arrivare,it,Come arrivare a Ironwood Livigno | Indirizzo e parcheggio,57,"Indirizzo, parcheggio gratuito e distanza dagli impianti: la guida pratica per arrivare a Ironwood Livigno, via Saroch 767, senza sorprese.",139,Come arrivare a Ironwood Livigno | Indirizzo e parcheggio,"Indirizzo, parcheggio gratuito e distanza dagli impianti: la guida pratica per arrivare a Ironwood Livigno, via Saroch 767, senza sorprese.",https://ironwoodlivigno.com/images/esterno-giorno.jpg,it_IT,0,summary_large_image
https://ironwoodlivigno.com/come-arrivare/en,en,How to Get to Ironwood Livigno | Address and Parking,52,"Address, free parking and distance from the lifts: the practical guide to reaching Ironwood Livigno, Via Saroch 767, with no surprises.",135,How to Get to Ironwood Livigno | Address and Parking,"Address, free parking and distance from the lifts: the practical guide to reaching Ironwood Livigno, Via Saroch 767, with no surprises.",https://ironwoodlivigno.com/images/esterno-giorno.jpg,en_GB,0,summary_large_image
https://ironwoodlivigno.com/come-arrivare/en-us,en-us,"How to Get to Ironwood Livigno, Italy | Address and Parking",59,"Address, free parking and distance from the lifts: the practical guide to reaching Ironwood Livigno, Via Saroch 767, Italy, with no surprises.",142,"How to Get to Ironwood Livigno, Italy | Address and Parking","Address, free parking and distance from the lifts: the practical guide to reaching Ironwood Livigno, Via Saroch 767, Italy, with no surprises.",https://ironwoodlivigno.com/images/esterno-giorno.jpg,en_US,0,summary_large_image
https://ironwoodlivigno.com/come-arrivare/de,de,Anreise zu Ironwood Livigno | Adresse und Parkplatz,51,"Adresse, kostenloser Parkplatz und Entfernung zu den Liften: der praktische Guide zur Anreise nach Ironwood Livigno, Via Saroch 767, ganz ohne Überraschungen.",158,Anreise zu Ironwood Livigno | Adresse und Parkplatz,"Adresse, kostenloser Parkplatz und Entfernung zu den Liften: der praktische Guide zur Anreise nach Ironwood Livigno, Via Saroch 767, ganz ohne Überraschungen.",https://ironwoodlivigno.com/images/esterno-giorno.jpg,de_DE,0,summary_large_image
https://ironwoodlivigno.com/come-arrivare/fr,fr,Comment venir à Ironwood Livigno | Adresse et parking,53,"Adresse, parking gratuit et distance des remontées : le guide pratique pour rejoindre Ironwood Livigno, via Saroch 767, sans surprises.",135,Comment venir à Ironwood Livigno | Adresse et parking,"Adresse, parking gratuit et distance des remontées : le guide pratique pour rejoindre Ironwood Livigno, via Saroch 767, sans surprises.",https://ironwoodlivigno.com/images/esterno-giorno.jpg,fr_FR,0,summary_large_image
https://ironwoodlivigno.com/come-arrivare/da,da,Sådan kommer du til Ironwood Livigno | Adresse og parkering,59,"Adresse, gratis parkering og afstand til liftene: den praktiske guide til at komme til Ironwood Livigno, Via Saroch 767, uden overraskelser.",140,Sådan kommer du til Ironwood Livigno | Adresse og parkering,"Adresse, gratis parkering og afstand til liftene: den praktiske guide til at komme til Ironwood Livigno, Via Saroch 767, uden overraskelser.",https://ironwoodlivigno.com/images/esterno-giorno.jpg,da_DK,0,summary_large_image
https://ironwoodlivigno.com/come-arrivare/pl,pl,Jak dojechać do Ironwood Livigno | Adres i parking,50,"Adres, bezpłatny parking i odległość od wyciągów: praktyczny przewodnik dojazdu do Ironwood Livigno, via Saroch 767, bez niespodzianek.",135,Jak dojechać do Ironwood Livigno | Adres i parking,"Adres, bezpłatny parking i odległość od wyciągów: praktyczny przewodnik dojazdu do Ironwood Livigno, via Saroch 767, bez niespodzianek.",https://ironwoodlivigno.com/images/esterno-giorno.jpg,pl_PL,0,summary_large_image
https://ironwoodlivigno.com/come-arrivare/cs,cs,Jak se dostat do Ironwood Livigno | Adresa a parkování,54,"Adresa, bezplatné parkování a vzdálenost od vleků: praktický průvodce cestou do Ironwood Livigno, Via Saroch 767, bez překvapení.",129,Jak se dostat do Ironwood Livigno | Adresa a parkování,"Adresa, bezplatné parkování a vzdálenost od vleků: praktický průvodce cestou do Ironwood Livigno, Via Saroch 767, bez překvapení.",https://ironwoodlivigno.com/images/esterno-giorno.jpg,cs_CZ,0,summary_large_image
https://ironwoodlivigno.com/come-arrivare/no,no,Slik kommer du til Ironwood Livigno | Adresse og parkering,58,"Adresse, gratis parkering og avstand til heisene: den praktiske guiden til å komme til Ironwood Livigno, Via Saroch 767, uten overraskelser.",140,Slik kommer du til Ironwood Livigno | Adresse og parkering,"Adresse, gratis parkering og avstand til heisene: den praktiske guiden til å komme til Ironwood Livigno, Via Saroch 767, uten overraskelser.",https://ironwoodlivigno.com/images/esterno-giorno.jpg,nb_NO,0,summary_large_image
https://ironwoodlivigno.com/come-arrivare/nl,nl,Zo kom je bij Ironwood Livigno | Adres en parkeren,50,"Adres, gratis parkeren en afstand tot de liften: de praktische gids om Ironwood Livigno, Via Saroch 767, zonder verrassingen te bereiken.",137,Zo kom je bij Ironwood Livigno | Adres en parkeren,"Adres, gratis parkeren en afstand tot de liften: de praktische gids om Ironwood Livigno, Via Saroch 767, zonder verrassingen te bereiken.",https://ironwoodlivigno.com/images/esterno-giorno.jpg,nl_NL,0,summary_large_image
https://ironwoodlivigno.com/come-arrivare/zh,zh,如何抵达Ironwood Livigno | 地址、停车与最后路段 | Ironwood Livigno,52,"地址、免费停车位与距缆车的距离:前往Ironwood Livigno(via Saroch 767)的实用指南,不会有任何意外。",64,如何抵达Ironwood Livigno | 地址、停车与最后路段,"地址、免费停车位与距缆车的距离:前往Ironwood Livigno(via Saroch 767)的实用指南,不会有任何意外。",https://ironwoodlivigno.com/images/esterno-giorno.jpg,zh_CN,0,summary_large_image
https://ironwoodlivigno.com/come-arrivare/ja,ja,Ironwood Livignoへのアクセス | 住所、駐車場、最後の区間 | Ironwood Livigno,56,住所、無料駐車場、リフトまでの距離。Ironwood Livigno(Via Saroch 767)へ迷わずたどり着くための実用ガイドです。,70,Ironwood Livignoへのアクセス | 住所、駐車場、最後の区間,住所、無料駐車場、リフトまでの距離。Ironwood Livigno(Via Saroch 767)へ迷わずたどり着くための実用ガイドです。,https://ironwoodlivigno.com/images/esterno-giorno.jpg,ja_JP,0,summary_large_image
https://ironwoodlivigno.com/chi-siamo,it,Chi Siamo | Ironwood Livigno — Famiglia Host a Livigno,54,"Ironwood Livigno è gestito direttamente da Francesco e famiglia, livignaschi da sempre: scopri la nostra storia e le recensioni, prenota senza commissioni.",155,Chi Siamo | Ironwood Livigno — Famiglia Host a Livigno,"Ironwood Livigno è gestito direttamente da Francesco e famiglia, livignaschi da sempre: scopri la nostra storia e le recensioni, prenota senza commissioni.",https://ironwoodlivigno.com/images/esterno-giorno.jpg,it_IT,0,summary_large_image
https://ironwoodlivigno.com/chi-siamo/en,en,About Us | Ironwood Livigno — A Host Family in Livigno,54,"Ironwood Livigno is run directly by Francesco and his family, Livigno natives through and through: read our story and reviews, book with no commission.",151,About Us | Ironwood Livigno — A Host Family in Livigno,"Ironwood Livigno is run directly by Francesco and his family, Livigno natives through and through: read our story and reviews, book with no commission.",https://ironwoodlivigno.com/images/esterno-giorno.jpg,en_GB,0,summary_large_image
https://ironwoodlivigno.com/chi-siamo/en-us,en-us,About Us | Ironwood Livigno — A Host Family,43,"Ironwood Livigno, Italy is run directly by Francesco and his family, Livigno natives through and through: read our story and reviews, book with no commission.",158,About Us | Ironwood Livigno — A Host Family,"Ironwood Livigno, Italy is run directly by Francesco and his family, Livigno natives through and through: read our story and reviews, book with no commission.",https://ironwoodlivigno.com/images/esterno-giorno.jpg,en_US,0,summary_large_image
https://ironwoodlivigno.com/chi-siamo/de,de,Über Uns | Ironwood Livigno — Eine Gastgeberfamilie,51,"Ironwood Livigno wird direkt von Francesco und seiner Familie geführt, waschechten Livignesern: lesen Sie unsere Geschichte.",124,Über Uns | Ironwood Livigno — Eine Gastgeberfamilie,"Ironwood Livigno wird direkt von Francesco und seiner Familie geführt, waschechten Livignesern: lesen Sie unsere Geschichte.",https://ironwoodlivigno.com/images/esterno-giorno.jpg,de_DE,0,summary_large_image
https://ironwoodlivigno.com/chi-siamo/fr,fr,Qui Sommes-Nous | Ironwood Livigno — Famille d'Hôtes,52,"Ironwood Livigno est géré directement par Francesco et sa famille, natifs de Livigno depuis toujours.",101,Qui Sommes-Nous | Ironwood Livigno — Famille d'Hôtes,"Ironwood Livigno est géré directement par Francesco et sa famille, natifs de Livigno depuis toujours.",https://ironwoodlivigno.com/images/esterno-giorno.jpg,fr_FR,0,summary_large_image
https://ironwoodlivigno.com/chi-siamo/da,da,Om Os | Ironwood Livigno — En værtsfamilie i Livigno,52,"Ironwood Livigno drives direkte af Francesco og hans familie, ægte livignesere: læs vores historie og anmeldelser, book uden kommission.",136,Om Os | Ironwood Livigno — En værtsfamilie i Livigno,"Ironwood Livigno drives direkte af Francesco og hans familie, ægte livignesere: læs vores historie og anmeldelser, book uden kommission.",https://ironwoodlivigno.com/images/esterno-giorno.jpg,da_DK,0,summary_large_image
https://ironwoodlivigno.com/chi-siamo/pl,pl,O Nas | Ironwood Livigno — Rodzina Gospodarzy w Livigno,55,"Ironwood Livigno jest prowadzony bezpośrednio przez Francesco i jego rodzinę, mieszkańców Livigno od zawsze.",108,O Nas | Ironwood Livigno — Rodzina Gospodarzy w Livigno,"Ironwood Livigno jest prowadzony bezpośrednio przez Francesco i jego rodzinę, mieszkańców Livigno od zawsze.",https://ironwoodlivigno.com/images/esterno-giorno.jpg,pl_PL,0,summary_large_image
https://ironwoodlivigno.com/chi-siamo/cs,cs,O Nás | Ironwood Livigno — Rodina Hostitelů v Livignu,53,"Ironwood Livigno vede přímo Francesco a jeho rodina, rodilí obyvatelé Livigna: přečtěte si náš příběh a recenze, rezervujte bez provize.",136,O Nás | Ironwood Livigno — Rodina Hostitelů v Livignu,"Ironwood Livigno vede přímo Francesco a jeho rodina, rodilí obyvatelé Livigna: přečtěte si náš příběh a recenze, rezervujte bez provize.",https://ironwoodlivigno.com/images/esterno-giorno.jpg,cs_CZ,0,summary_large_image
https://ironwoodlivigno.com/chi-siamo/no,no,Om Oss | Ironwood Livigno — En vertsfamilie i Livigno,53,"Ironwood Livigno drives direkte av Francesco og hans familie, ekte livignesere: les vår historie og anmeldelser, book uten provisjon.",133,Om Oss | Ironwood Livigno — En vertsfamilie i Livigno,"Ironwood Livigno drives direkte av Francesco og hans familie, ekte livignesere: les vår historie og anmeldelser, book uten provisjon.",https://ironwoodlivigno.com/images/esterno-giorno.jpg,nb_NO,0,summary_large_image
https://ironwoodlivigno.com/chi-siamo/nl,nl,Over Ons | Ironwood Livigno — Een gastfamilie in Livigno,56,"Ironwood Livigno wordt rechtstreeks beheerd door Francesco en zijn familie, geboren en getogen in Livigno.",106,Over Ons | Ironwood Livigno — Een gastfamilie in Livigno,"Ironwood Livigno wordt rechtstreeks beheerd door Francesco en zijn familie, geboren en getogen in Livigno.",https://ironwoodlivigno.com/images/esterno-giorno.jpg,nl_NL,0,summary_large_image
https://ironwoodlivigno.com/chi-siamo/zh,zh,关于我们 | Ironwood Livigno——利维尼奥的房东家庭 | Ironwood Livigno,53,"Ironwood Livigno由Francesco及其家人亲自经营,世代扎根利维尼奥:了解我们的故事和评价,预订无需支付佣金。",64,关于我们 | Ironwood Livigno——利维尼奥的房东家庭,"Ironwood Livigno由Francesco及其家人亲自经营,世代扎根利维尼奥:了解我们的故事和评价,预订无需支付佣金。",https://ironwoodlivigno.com/images/esterno-giorno.jpg,zh_CN,0,summary_large_image
https://ironwoodlivigno.com/chi-siamo/ja,ja,私たちについて | Ironwood Livigno — リヴィーニョのホストファミリー,44,Ironwood Livignoは、代々リヴィーニョに暮らすFrancescoとその家族が直接運営しています。私たちのストーリーとレビューをご覧いただき、手数料なしでご予約ください。,91,私たちについて | Ironwood Livigno — リヴィーニョのホストファミリー,Ironwood Livignoは、代々リヴィーニョに暮らすFrancescoとその家族が直接運営しています。私たちのストーリーとレビューをご覧いただき、手数料なしでご予約ください。,https://ironwoodlivigno.com/images/esterno-giorno.jpg,ja_JP,0,summary_large_image
https://ironwoodlivigno.com/sauna-bagno-turco-privato-livigno,it,Sauna Privata Livigno | Appartamento con Bagno Turco Privato,60,"A Livigno, un appartamento con sauna a infrarossi e bagno turco privati, mai condivisi: nessuna prenotazione, disponibili ogni giorno a qualsiasi ora.",150,Sauna Privata Livigno | Appartamento con Bagno Turco Privato,"A Livigno, un appartamento con sauna a infrarossi e bagno turco privati, mai condivisi: nessuna prenotazione, disponibili ogni giorno a qualsiasi ora.",https://ironwoodlivigno.com/images/sauna.jpg,it_IT,0,summary_large_image
https://ironwoodlivigno.com/sauna-bagno-turco-privato-livigno/en,en,Private Sauna Livigno | Apartment with Private Steam Bath,57,"In Livigno, an apartment with a private infrared sauna and steam bath, never shared: no booking needed, available every day at any time.",136,Private Sauna Livigno | Apartment with Private Steam Bath,"In Livigno, an apartment with a private infrared sauna and steam bath, never shared: no booking needed, available every day at any time.",https://ironwoodlivigno.com/images/sauna.jpg,en_GB,0,summary_large_image
https://ironwoodlivigno.com/sauna-bagno-turco-privato-livigno/en-us,en-us,"Private Sauna Livigno, Italy | Private Steam Bath",49,"In Livigno, Italy, an apartment with a private infrared sauna and steam bath, never shared: no reservation needed, available every day at any time.",147,"Private Sauna Livigno, Italy | Private Steam Bath","In Livigno, Italy, an apartment with a private infrared sauna and steam bath, never shared: no reservation needed, available every day at any time.",https://ironwoodlivigno.com/images/sauna.jpg,en_US,0,summary_large_image
https://ironwoodlivigno.com/sauna-bagno-turco-privato-livigno/de,de,Private Sauna Livigno | Ferienwohnung mit privatem Dampfbad,59,"In Livigno, eine Ferienwohnung mit privater Infrarotsauna und Dampfbad, nie geteilt: keine Buchung nötig, jeden Tag zu jeder Zeit verfügbar.",140,Private Sauna Livigno | Ferienwohnung mit privatem Dampfbad,"In Livigno, eine Ferienwohnung mit privater Infrarotsauna und Dampfbad, nie geteilt: keine Buchung nötig, jeden Tag zu jeder Zeit verfügbar.",https://ironwoodlivigno.com/images/sauna.jpg,de_DE,0,summary_large_image
https://ironwoodlivigno.com/sauna-bagno-turco-privato-livigno/fr,fr,Sauna Privé Livigno | Appartement avec Hammam Privé,51,"À Livigno, un appartement avec sauna infrarouge et hammam privés, jamais partagés : aucune réservation, disponibles chaque jour à toute heure.",142,Sauna Privé Livigno | Appartement avec Hammam Privé,"À Livigno, un appartement avec sauna infrarouge et hammam privés, jamais partagés : aucune réservation, disponibles chaque jour à toute heure.",https://ironwoodlivigno.com/images/sauna.jpg,fr_FR,0,summary_large_image
https://ironwoodlivigno.com/sauna-bagno-turco-privato-livigno/da,da,Privat Sauna Livigno | Lejlighed med Privat Dampbad,51,"I Livigno, en lejlighed med privat infrarød sauna og dampbad, aldrig delt: ingen booking, tilgængelig hver dag på ethvert tidspunkt.",132,Privat Sauna Livigno | Lejlighed med Privat Dampbad,"I Livigno, en lejlighed med privat infrarød sauna og dampbad, aldrig delt: ingen booking, tilgængelig hver dag på ethvert tidspunkt.",https://ironwoodlivigno.com/images/sauna.jpg,da_DK,0,summary_large_image
https://ironwoodlivigno.com/sauna-bagno-turco-privato-livigno/pl,pl,Prywatna Sauna Livigno | Apartament z Prywatną Łaźnią Parową,60,"W Livigno apartament z prywatną sauną na podczerwień i łaźnią parową, nigdy niedzieloną: bez rezerwacji, dostępna codziennie o każdej porze.",140,Prywatna Sauna Livigno | Apartament z Prywatną Łaźnią Parową,"W Livigno apartament z prywatną sauną na podczerwień i łaźnią parową, nigdy niedzieloną: bez rezerwacji, dostępna codziennie o każdej porze.",https://ironwoodlivigno.com/images/sauna.jpg,pl_PL,0,summary_large_image
https://ironwoodlivigno.com/sauna-bagno-turco-privato-livigno/cs,cs,Soukromá Sauna Livigno | Apartmán se Soukromou Parní Lázní,58,"V Livignu apartmán se soukromou infrasaunou a parní lázní, nikdy sdílené: žádná rezervace, dostupné každý den v kteroukoli hodinu.",130,Soukromá Sauna Livigno | Apartmán se Soukromou Parní Lázní,"V Livignu apartmán se soukromou infrasaunou a parní lázní, nikdy sdílené: žádná rezervace, dostupné každý den v kteroukoli hodinu.",https://ironwoodlivigno.com/images/sauna.jpg,cs_CZ,0,summary_large_image
https://ironwoodlivigno.com/sauna-bagno-turco-privato-livigno/no,no,Privat Badstue Livigno | Leilighet med Privat Dampbad,53,"I Livigno, en leilighet med privat infrarød badstue og dampbad, aldri delt: ingen booking, tilgjengelig hver dag når som helst.",127,Privat Badstue Livigno | Leilighet med Privat Dampbad,"I Livigno, en leilighet med privat infrarød badstue og dampbad, aldri delt: ingen booking, tilgjengelig hver dag når som helst.",https://ironwoodlivigno.com/images/sauna.jpg,nb_NO,0,summary_large_image
https://ironwoodlivigno.com/sauna-bagno-turco-privato-livigno/nl,nl,Privésauna Livigno | Appartement met Privé Stoombad,51,"In Livigno, een appartement met privé infraroodsauna en stoombad, nooit gedeeld: geen reservering nodig, elke dag op elk moment beschikbaar.",140,Privésauna Livigno | Appartement met Privé Stoombad,"In Livigno, een appartement met privé infraroodsauna en stoombad, nooit gedeeld: geen reservering nodig, elke dag op elk moment beschikbaar.",https://ironwoodlivigno.com/images/sauna.jpg,nl_NL,0,summary_large_image
https://ironwoodlivigno.com/sauna-bagno-turco-privato-livigno/zh,zh,利维尼奥私人桑拿 | 带私人土耳其蒸汽浴的公寓 | Ironwood Livigno,42,"在利维尼奥,一间带私人红外线桑拿与土耳其蒸汽浴的公寓,绝不与他人共用:无需预约,每天任何时间均可使用。",51,利维尼奥私人桑拿 | 带私人土耳其蒸汽浴的公寓,"在利维尼奥,一间带私人红外线桑拿与土耳其蒸汽浴的公寓,绝不与他人共用:无需预约,每天任何时间均可使用。",https://ironwoodlivigno.com/images/sauna.jpg,zh_CN,0,summary_large_image
https://ironwoodlivigno.com/sauna-bagno-turco-privato-livigno/ja,ja,リヴィーニョの専用サウナ | 専用スチームバス付きアパートメント | Ironwood Livigno,51,リヴィーニョで、専用の赤外線サウナとスチームバスを備えたアパートメント。他の宿泊客とは共有せず、予約不要で毎日いつでもご利用いただけます。,69,リヴィーニョの専用サウナ | 専用スチームバス付きアパートメント,リヴィーニョで、専用の赤外線サウナとスチームバスを備えたアパートメント。他の宿泊客とは共有せず、予約不要で毎日いつでもご利用いただけます。,https://ironwoodlivigno.com/images/sauna.jpg,ja_JP,0,summary_large_image
https://ironwoodlivigno.com/camere-appartamento-livigno,it,Appartamento 3 Camere a Livigno | Layout delle Stanze,53,"3 camere, 2 bagni, 90 m²: scopri il layout dettagliato dell'appartamento a Livigno, camera per camera, pensato per famiglie e gruppi fino a 6 persone.",150,Appartamento 3 Camere a Livigno | Layout delle Stanze,"3 camere, 2 bagni, 90 m²: scopri il layout dettagliato dell'appartamento a Livigno, camera per camera, pensato per famiglie e gruppi fino a 6 persone.",https://ironwoodlivigno.com/images/camera3.jpg,it_IT,0,summary_large_image
https://ironwoodlivigno.com/camere-appartamento-livigno/en,en,3-Bedroom Apartment in Livigno | Room Layout,44,"3 bedrooms, 2 bathrooms, 90 sqm: discover the detailed layout of the apartment in Livigno, room by room, designed for families and groups up to 6.",146,3-Bedroom Apartment in Livigno | Room Layout,"3 bedrooms, 2 bathrooms, 90 sqm: discover the detailed layout of the apartment in Livigno, room by room, designed for families and groups up to 6.",https://ironwoodlivigno.com/images/camera3.jpg,en_GB,0,summary_large_image
https://ironwoodlivigno.com/camere-appartamento-livigno/en-us,en-us,"3-Bedroom Apartment in Livigno, Italy | Room Layout",51,"3 bedrooms, 2 bathrooms, 970 sqft: discover the detailed layout of the apartment in Livigno, Italy, room by room, designed for families and groups up to 6.",155,"3-Bedroom Apartment in Livigno, Italy | Room Layout","3 bedrooms, 2 bathrooms, 970 sqft: discover the detailed layout of the apartment in Livigno, Italy, room by room, designed for families and groups up to 6.",https://ironwoodlivigno.com/images/camera3.jpg,en_US,0,summary_large_image
https://ironwoodlivigno.com/camere-appartamento-livigno/de,de,3-Zimmer-Wohnung in Livigno | Raumaufteilung,44,"3 Schlafzimmer, 2 Bäder, 90 m²: entdecken Sie die detaillierte Aufteilung der Wohnung in Livigno, Zimmer für Zimmer.",116,3-Zimmer-Wohnung in Livigno | Raumaufteilung,"3 Schlafzimmer, 2 Bäder, 90 m²: entdecken Sie die detaillierte Aufteilung der Wohnung in Livigno, Zimmer für Zimmer.",https://ironwoodlivigno.com/images/camera3.jpg,de_DE,0,summary_large_image
https://ironwoodlivigno.com/camere-appartamento-livigno/fr,fr,Appartement 3 Chambres à Livigno | Disposition des Pièces,57,"3 chambres, 2 salles de bains, 90 m² : découvrez la disposition détaillée de l'appartement à Livigno, pièce par pièce.",118,Appartement 3 Chambres à Livigno | Disposition des Pièces,"3 chambres, 2 salles de bains, 90 m² : découvrez la disposition détaillée de l'appartement à Livigno, pièce par pièce.",https://ironwoodlivigno.com/images/camera3.jpg,fr_FR,0,summary_large_image
https://ironwoodlivigno.com/camere-appartamento-livigno/da,da,Lejlighed med 3 Soveværelser i Livigno | Værelsesindretning,59,"3 soveværelser, 2 badeværelser, 90 m²: oplev den detaljerede indretning af lejligheden i Livigno, værelse for værelse.",118,Lejlighed med 3 Soveværelser i Livigno | Værelsesindretning,"3 soveværelser, 2 badeværelser, 90 m²: oplev den detaljerede indretning af lejligheden i Livigno, værelse for værelse.",https://ironwoodlivigno.com/images/camera3.jpg,da_DK,0,summary_large_image
https://ironwoodlivigno.com/camere-appartamento-livigno/pl,pl,Apartament z 3 Sypialniami w Livigno | Układ Pomieszczeń,56,"3 sypialnie, 2 łazienki, 90 m²: poznaj szczegółowy układ apartamentu w Livigno, pokój po pokoju, pomyślany dla rodzin i grup do 6 osób.",135,Apartament z 3 Sypialniami w Livigno | Układ Pomieszczeń,"3 sypialnie, 2 łazienki, 90 m²: poznaj szczegółowy układ apartamentu w Livigno, pokój po pokoju, pomyślany dla rodzin i grup do 6 osób.",https://ironwoodlivigno.com/images/camera3.jpg,pl_PL,0,summary_large_image
https://ironwoodlivigno.com/camere-appartamento-livigno/cs,cs,Apartmán se 3 Ložnicemi v Livignu | Rozvržení Pokojů,52,"3 ložnice, 2 koupelny, 90 m²: objevte podrobné rozvržení apartmánu v Livignu, pokoj po pokoji, navrženého pro rodiny a skupiny až 6 osob.",137,Apartmán se 3 Ložnicemi v Livignu | Rozvržení Pokojů,"3 ložnice, 2 koupelny, 90 m²: objevte podrobné rozvržení apartmánu v Livignu, pokoj po pokoji, navrženého pro rodiny a skupiny až 6 osob.",https://ironwoodlivigno.com/images/camera3.jpg,cs_CZ,0,summary_large_image
https://ironwoodlivigno.com/camere-appartamento-livigno/no,no,Leilighet med 3 Soverom i Livigno | Romoppsett,46,"3 soverom, 2 bad, 90 m²: oppdag den detaljerte planløsningen til leiligheten i Livigno, rom for rom, utformet for familier og grupper på opptil 6 personer.",155,Leilighet med 3 Soverom i Livigno | Romoppsett,"3 soverom, 2 bad, 90 m²: oppdag den detaljerte planløsningen til leiligheten i Livigno, rom for rom, utformet for familier og grupper på opptil 6 personer.",https://ironwoodlivigno.com/images/camera3.jpg,nb_NO,0,summary_large_image
https://ironwoodlivigno.com/camere-appartamento-livigno/nl,nl,Appartement met 3 Slaapkamers in Livigno | Ironwood Livigno,59,"3 slaapkamers, 2 badkamers, 90 m²: ontdek de gedetailleerde indeling van het appartement in Livigno, kamer voor kamer.",118,Appartement met 3 Slaapkamers in Livigno,"3 slaapkamers, 2 badkamers, 90 m²: ontdek de gedetailleerde indeling van het appartement in Livigno, kamer voor kamer.",https://ironwoodlivigno.com/images/camera3.jpg,nl_NL,0,summary_large_image
https://ironwoodlivigno.com/camere-appartamento-livigno/zh,zh,利维尼奥3卧室公寓 | 房间布局 | Ironwood Livigno,35,"3间卧室、2间浴室、90平方米:详细了解利维尼奥公寓逐间卧室的布局,专为最多6人的家庭或团体设计。",49,利维尼奥3卧室公寓 | 房间布局,"3间卧室、2间浴室、90平方米:详细了解利维尼奥公寓逐间卧室的布局,专为最多6人的家庭或团体设计。",https://ironwoodlivigno.com/images/camera3.jpg,zh_CN,0,summary_large_image
https://ironwoodlivigno.com/camere-appartamento-livigno/ja,ja,リヴィーニョの3ベッドルーム・アパートメント | 部屋の間取り | Ironwood Livigno,50,3ベッドルーム、2バスルーム、90㎡。最大6名のご家族・グループのために設計された、リヴィーニョのアパートメントの部屋ごとの詳しい間取りをご紹介します。,76,リヴィーニョの3ベッドルーム・アパートメント | 部屋の間取り,3ベッドルーム、2バスルーム、90㎡。最大6名のご家族・グループのために設計された、リヴィーニョのアパートメントの部屋ごとの詳しい間取りをご紹介します。,https://ironwoodlivigno.com/images/camera3.jpg,ja_JP,0,summary_large_image
