url,h1_count,h1,h2_count,h3_count,level_skips,outline,landmarks
https://ironwoodlivigno.com/it,1,"Appartamento a Livigno, il tuo rifugio in ogni stagione",14,17,,"h1 Appartamento a Livigno, il tuo rifugio in ogni stagione /   h2 Il tempo a Livigno, adesso /   h2 Ambienti caldi, dettagli curati /   h2 Il tour virtuale a 360° /   h2 3 camere, pensate per famiglie e gruppi /     h3 Camera Doppia (letti uniti) /     h3 Camera Letti Singoli /     h3 Camera Matrimoniale Principale /   h2 Richiedi disponibilità /     h3 Perché prenotare con noi /   h2 Livigno, ogni giorno uno scatto diverso /   h2 Tariffe stagionali indicative /     h3 Bassa stagione /     h3 Media stagione /     h3 Alta stagione /     h3 Altissima stagione /   h2 Ogni comfort della tua casa vacanze a Livigno, senza pensieri /     h3 Cucina /     h3 Soggiorno /     h3 Pratici /     h3 Per le famiglie /   h2 Colazione ed e-bike, prenotabili in anticipo /     h3 Colazione /     h3 Noleggio e-bike /   h2 A due passi da tutto /   h2 Livigno è meraviglia anche d'estate /   h2 Sauna e bagno turco privati /     h3 Sauna a infrarossi /     h3 Bagno turco privato /     h3 Camino elettrico /   h2 Le parole dei nostri ospiti /   h2 Tutto quello che serve sapere",header nav main footer
https://ironwoodlivigno.com/en,1,"Apartment in Livigno, your retreat in every season",14,17,,"h1 Apartment in Livigno, your retreat in every season /   h2 The weather in Livigno, right now /   h2 Warm spaces, curated details /   h2 The 360° virtual tour /   h2 3 bedrooms, designed for families and groups /     h3 Double Room (joined twin beds) /     h3 Twin Bedroom /     h3 Main Double Bedroom /   h2 Check availability /     h3 Why book directly with us /   h2 Livigno, a different shot every day /   h2 Indicative seasonal rates /     h3 Low season /     h3 Mid season /     h3 High season /     h3 Peak season /   h2 Every comfort of a holiday home in Livigno, without a care /     h3 Kitchen /     h3 Living room /     h3 Practical /     h3 For families /   h2 Breakfast and e-bikes, bookable in advance /     h3 Breakfast /     h3 E-bike rental /   h2 Steps away from everything /   h2 Livigno is just as stunning in summer /   h2 Private sauna and steam bath /     h3 Infrared sauna /     h3 Private steam bath /     h3 Electric fireplace /   h2 In our guests' words /   h2 Everything you need to know",header nav main footer
https://ironwoodlivigno.com/de,1,Ferienwohnung in Livigno – Ihr Rückzugsort zu jeder Jahreszeit,14,17,,"h1 Ferienwohnung in Livigno – Ihr Rückzugsort zu jeder Jahreszeit /   h2 Das Wetter in Livigno, jetzt gerade /   h2 Warme Räume, liebevolle Details /   h2 Die 360°-Tour /   h2 3 Schlafzimmer, gemacht für Familien und Gruppen /     h3 Doppelzimmer (zusammengeschobene Einzelbetten) /     h3 Zweibettzimmer /     h3 Hauptschlafzimmer (Doppelbett) /   h2 Verfügbarkeit anfragen /     h3 Warum direkt bei uns buchen /   h2 Livigno, jeden Tag ein anderes Bild /   h2 Voraussichtliche Saisonpreise /     h3 Nebensaison /     h3 Zwischensaison /     h3 Hauptsaison /     h3 Spitzensaison /   h2 Aller Komfort Ihrer Ferienwohnung in Livigno, ganz ohne Sorgen /     h3 Küche /     h3 Wohnzimmer /     h3 Praktisch /     h3 Für Familien /   h2 Frühstück und E-Bikes, im Voraus buchbar /     h3 Frühstück /     h3 E-Bike-Verleih /   h2 Nur wenige Schritte von allem entfernt /   h2 Livigno ist auch im Sommer wunderschön /   h2 Private Sauna und Dampfbad /     h3 Infrarotsauna /     h3 Privates Dampfbad /     h3 Elektrokamin /   h2 In den Worten unserer Gäste /   h2 Alles, was Sie wissen müssen",header nav main footer
https://ironwoodlivigno.com/fr,1,"Appartement à Livigno, votre refuge en toute saison",14,17,,"h1 Appartement à Livigno, votre refuge en toute saison /   h2 La météo à Livigno, en ce moment /   h2 Espaces chaleureux, détails soignés /   h2 La visite virtuelle à 360° /   h2 3 chambres, pensées pour les familles et les groupes /     h3 Chambre double (lits jumeaux réunis) /     h3 Chambre jumelle /     h3 Chambre principale (lit double) /   h2 Demander la disponibilité /     h3 Pourquoi réserver directement avec nous /   h2 Livigno, chaque jour une image différente /   h2 Tarifs saisonniers indicatifs /     h3 Basse saison /     h3 Moyenne saison /     h3 Haute saison /     h3 Très haute saison /   h2 Tout le confort de votre location de vacances à Livigno, sans souci /     h3 Cuisine /     h3 Salon /     h3 Pratique /     h3 Pour les familles /   h2 Petit-déjeuner et vélos électriques, réservables à l'avance /     h3 Petit-déjeuner /     h3 Location de vélos électriques /   h2 À deux pas de tout /   h2 Livigno est tout aussi magnifique en été /   h2 Sauna et hammam privés /     h3 Sauna infrarouge /     h3 Hammam privé /     h3 Cheminée électrique /   h2 Les mots de nos hôtes /   h2 Tout ce qu'il faut savoir",header nav main footer
https://ironwoodlivigno.com/da,1,"Lejlighed i Livigno, dit fristed hele året",14,17,,"h1 Lejlighed i Livigno, dit fristed hele året /   h2 Vejret i Livigno, lige nu /   h2 Varme rum, omhyggelige detaljer /   h2 360°-rundvisningen /   h2 3 soveværelser, designet til familier og grupper /     h3 Dobbeltværelse (sammensatte enkeltsenge) /     h3 Værelse med to enkeltsenge /     h3 Hovedsoveværelse (dobbeltseng) /   h2 Forespørg ledighed /     h3 Hvorfor booke direkte hos os /   h2 Livigno, et nyt billede hver dag /   h2 Vejledende sæsonpriser /     h3 Lavsæson /     h3 Mellemsæson /     h3 Højsæson /     h3 Topsæson /   h2 Al komfort i din ferielejlighed i Livigno, uden bekymringer /     h3 Køkken /     h3 Stue /     h3 Praktisk /     h3 Til familier /   h2 Morgenmad og el-cykler, kan bookes på forhånd /     h3 Morgenmad /     h3 El-cykeludlejning /   h2 Få skridt fra alt /   h2 Livigno er lige så smukt om sommeren /   h2 Privat sauna og dampbad /     h3 Infrarød sauna /     h3 Privat dampbad /     h3 Elektrisk pejs /   h2 Vores gæsters egne ord /   h2 Alt hvad I behøver at vide",header nav main footer
https://ironwoodlivigno.com/pl,1,"Apartament w Livigno, twoje schronienie o każdej porze roku",14,17,,"h1 Apartament w Livigno, twoje schronienie o każdej porze roku /   h2 Pogoda w Livigno, teraz /   h2 Ciepłe wnętrza, dopracowane detale /   h2 Wirtualna wycieczka 360° /   h2 3 sypialnie, stworzone dla rodzin i grup /     h3 Pokój dwuosobowy (połączone łóżka pojedyncze) /     h3 Sypialnia z łóżkami pojedynczymi /     h3 Główna sypialnia (łóżko małżeńskie) /   h2 Zapytaj o dostępność /     h3 Dlaczego warto rezerwować bezpośrednio u nas /   h2 Livigno, każdego dnia inne ujęcie /   h2 Orientacyjne ceny sezonowe /     h3 Sezon niski /     h3 Sezon średni /     h3 Sezon wysoki /     h3 Sezon szczytowy /   h2 Każdy komfort twojego domu wakacyjnego w Livigno, bez zmartwień /     h3 Kuchnia /     h3 Salon /     h3 Praktyczne /     h3 Dla rodzin /   h2 Śniadanie i e-rowery, do zarezerwowania z wyprzedzeniem /     h3 Śniadanie /     h3 Wypożyczenie e-roweru /   h2 Kilka kroków od wszystkiego /   h2 Livigno zachwyca również latem /   h2 Prywatna sauna i łaźnia parowa /     h3 Sauna na podczerwień /     h3 Prywatna łaźnia parowa /     h3 Elektryczny kominek /   h2 Słowami naszych gości /   h2 Wszystko, co warto wiedzieć",header nav main footer
https://ironwoodlivigno.com/cs,1,"Apartmán v Livignu, vaše útočiště po celý rok",14,17,,"h1 Apartmán v Livignu, vaše útočiště po celý rok /   h2 Počasí v Livignu právě teď /   h2 Vřelé prostory, pečlivé detaily /   h2 Virtuální prohlídka 360° /   h2 3 ložnice, navržené pro rodiny a skupiny /     h3 Dvoulůžkový pokoj (spojené postele) /     h3 Ložnice s oddělenými postelemi /     h3 Hlavní ložnice (manželská postel) /   h2 Poptat dostupnost /     h3 Proč rezervovat přímo u nás /   h2 Livigno, každý den jiný záběr /   h2 Orientační sezónní ceny /     h3 Nízká sezóna /     h3 Střední sezóna /     h3 Vysoká sezóna /     h3 Nejvyšší sezóna /   h2 Veškeré pohodlí vašeho apartmánu v Livignu, bez starostí /     h3 Kuchyň /     h3 Obývací pokoj /     h3 Praktické /     h3 Pro rodiny /   h2 Snídaně a elektrokola, rezervovatelné předem /     h3 Snídaně /     h3 Půjčení e-kola /   h2 Pár kroků od všeho /   h2 Livigno okouzlí i v létě /   h2 Soukromá sauna a parní lázeň /     h3 Infrasauna /     h3 Soukromá parní lázeň /     h3 Elektrický krb /   h2 Slovy našich hostů /   h2 Vše, co potřebujete vědět",header nav main footer
https://ironwoodlivigno.com/no,1,"Leilighet i Livigno, ditt tilfluktssted i alle sesonger",14,17,,"h1 Leilighet i Livigno, ditt tilfluktssted i alle sesonger /   h2 Været i Livigno, akkurat nå /   h2 Varme rom, gjennomtenkte detaljer /   h2 360°-omvisningen /   h2 3 soverom, laget for familier og grupper /     h3 Dobbeltrom (sammenkoblede enkeltsenger) /     h3 Tosengsrom /     h3 Hovedsoverom (dobbeltseng) /   h2 Forespør tilgjengelighet /     h3 Hvorfor bestille direkte hos oss /   h2 Livigno, et nytt bilde hver dag /   h2 Veiledende sesongpriser /     h3 Lavsesong /     h3 Mellomsesong /     h3 Høysesong /     h3 Toppsesong /   h2 All komfort i din ferieleilighet i Livigno, uten bekymringer /     h3 Kjøkken /     h3 Stue /     h3 Praktisk /     h3 For familier /   h2 Frokost og el-sykler, kan bookes på forhånd /     h3 Frokost /     h3 Utleie av el-sykkel /   h2 Få skritt unna alt /   h2 Livigno er like vakkert om sommeren /   h2 Privat badstue og dampbad /     h3 Infrarød badstue /     h3 Privat dampbad /     h3 Elektrisk peis /   h2 Med gjestenes egne ord /   h2 Alt du trenger å vite",header nav main footer
https://ironwoodlivigno.com/nl,1,"Appartement in Livigno, jouw toevluchtsoord in elk seizoen",14,17,,"h1 Appartement in Livigno, jouw toevluchtsoord in elk seizoen /   h2 Het weer in Livigno, nu /   h2 Warme ruimtes, verzorgde details /   h2 De virtuele 360°-tour /   h2 3 slaapkamers, ontworpen voor gezinnen en groepen /     h3 Tweepersoonskamer (samengevoegde eenpersoonsbedden) /     h3 Twee-persoonskamer met eenpersoonsbedden /     h3 Hoofdslaapkamer (tweepersoonsbed) /   h2 Vraag beschikbaarheid aan /     h3 Waarom rechtstreeks bij ons boeken /   h2 Livigno, elke dag een ander beeld /   h2 Indicatieve seizoensprijzen /     h3 Laagseizoen /     h3 Middenseizoen /     h3 Hoogseizoen /     h3 Piekseizoen /   h2 Al het comfort van je vakantieappartement in Livigno, zonder zorgen /     h3 Keuken /     h3 Woonkamer /     h3 Praktisch /     h3 Voor gezinnen /   h2 Ontbijt en elektrische fietsen, vooraf te boeken /     h3 Ontbijt /     h3 Verhuur elektrische fietsen /   h2 Een paar stappen van alles /   h2 Livigno is ook in de zomer prachtig /   h2 Privé sauna en stoombad /     h3 Infraroodsauna /     h3 Privé stoombad /     h3 Elektrische open haard /   h2 In de woorden van onze gasten /   h2 Alles wat je moet weten",header nav main footer
https://ironwoodlivigno.com/zh,1,利维尼奥公寓，四季皆宜的度假居所,14,17,,h1 利维尼奥公寓，四季皆宜的度假居所 /   h2 利维尼奥当前天气 /   h2 温馨的空间，用心的细节 /   h2 360° 虚拟游览 /   h2 3间卧室，专为家庭和团体设计 /     h3 双人房（拼接单人床） /     h3 双床房 /     h3 主卧室（双人床） /   h2 咨询空房情况 /     h3 为什么直接向我们预订 /   h2 利维尼奥，每天一张新照片 /   h2 季节性参考价格 /     h3 淡季 /     h3 平季 /     h3 旺季 /     h3 超旺季 /   h2 利维尼奥度假公寓的全部舒适配置，无需操心 /     h3 厨房 /     h3 客厅 /     h3 实用设施 /     h3 家庭友好设施 /   h2 早餐与电动自行车，可提前预订 /     h3 早餐 /     h3 电动自行车租赁 /   h2 步行即可抵达所有设施 /   h2 利维尼奥的夏天同样迷人 /   h2 私人桑拿和蒸汽浴室 /     h3 红外线桑拿 /     h3 私人蒸汽浴室 /     h3 电壁炉 /   h2 客人的真实反馈 /   h2 您需要了解的一切,header nav main footer
https://ironwoodlivigno.com/ja,1,リヴィーニョのアパートメント、一年を通じて過ごせる隠れ家,14,17,,h1 リヴィーニョのアパートメント、一年を通じて過ごせる隠れ家 /   h2 リヴィーニョの現在の天気 /   h2 温かみのある空間、細部までこだわったディテール /   h2 360°バーチャルツアー /   h2 家族やグループのための寝室3室 /     h3 ダブルルーム（連結シングルベッド） /     h3 ツインベッドルーム /     h3 メイン寝室（ダブルベッド） /   h2 空室状況を問い合わせる /     h3 直接ご予約いただく理由 /   h2 リヴィーニョ、毎日ちがう一枚 /   h2 季節ごとの目安料金 /     h3 オフシーズン /     h3 中間シーズン /     h3 ハイシーズン /     h3 ピークシーズン /   h2 リヴィーニョのヴァケーションアパートメントで、何の心配もなくお過ごしいただける快適設備 /     h3 キッチン /     h3 リビングルーム /     h3 実用設備 /     h3 ご家族向け設備 /   h2 朝食と電動自転車、事前予約制 /     h3 朝食 /     h3 電動自転車レンタル /   h2 すべてが徒歩圏内 /   h2 リヴィーニョは夏も同じくらい美しい /   h2 専用サウナとスチームバス /     h3 遠赤外線サウナ /     h3 専用スチームバス /     h3 電気式暖炉 /   h2 ゲストの生の声 /   h2 知っておきたいすべてのこと,header nav main footer
https://ironwoodlivigno.com/en-us,1,"Apartment in Livigno, Italy, your retreat in every season",14,17,,"h1 Apartment in Livigno, Italy, your retreat in every season /   h2 The weather in Livigno, right now /   h2 Warm spaces, curated details /   h2 The 360° virtual tour /   h2 3 bedrooms, designed for families and groups /     h3 Double Room (joined twin beds) /     h3 Twin Bedroom /     h3 Main Double Bedroom /   h2 Check availability /     h3 Why book directly with us /   h2 Livigno, a different shot every day /   h2 Indicative seasonal rates /     h3 Low season /     h3 Mid season /     h3 High season /     h3 Peak season /   h2 Every comfort of a vacation rental in Livigno, Italy, without a care /     h3 Kitchen /     h3 Living room /     h3 Practical /     h3 For families /   h2 Breakfast and e-bikes, bookable in advance /     h3 Breakfast /     h3 E-bike rental /   h2 Steps away from everything /   h2 Livigno, Italy is just as stunning in summer /   h2 Private sauna and steam bath /     h3 Infrared sauna /     h3 Private steam bath /     h3 Electric fireplace /   h2 In our guests' words /   h2 Everything you need to know",header nav main footer
https://ironwoodlivigno.com/it/contatti,1,Come contattarci,2,0,,h1 Come contattarci /   h2 Contatti diretti /   h2 Scrivici direttamente,header nav main footer
https://ironwoodlivigno.com/en/contact,1,How to reach us,2,0,,h1 How to reach us /   h2 Direct contact /   h2 Send us a message,header nav main footer
https://ironwoodlivigno.com/de/kontakt,1,So erreichen Sie uns,2,0,,h1 So erreichen Sie uns /   h2 Direkter Kontakt /   h2 Schreiben Sie uns direkt,header nav main footer
https://ironwoodlivigno.com/fr/contact,1,Comment nous contacter,2,0,,h1 Comment nous contacter /   h2 Contact direct /   h2 Écrivez-nous directement,header nav main footer
https://ironwoodlivigno.com/da/kontakt,1,Sådan kontakter du os,2,0,,h1 Sådan kontakter du os /   h2 Direkte kontakt /   h2 Skriv direkte til os,header nav main footer
https://ironwoodlivigno.com/pl/kontakt,1,Jak się z nami skontaktować,2,0,,h1 Jak się z nami skontaktować /   h2 Kontakt bezpośredni /   h2 Napisz do nas bezpośrednio,header nav main footer
https://ironwoodlivigno.com/cs/kontakt,1,Jak nás kontaktovat,2,0,,h1 Jak nás kontaktovat /   h2 Přímý kontakt /   h2 Napište nám přímo,header nav main footer
https://ironwoodlivigno.com/no/kontakt,1,Slik når du oss,2,0,,h1 Slik når du oss /   h2 Direkte kontakt /   h2 Skriv direkte til oss,header nav main footer
https://ironwoodlivigno.com/nl/contact,1,Zo bereik je ons,2,0,,h1 Zo bereik je ons /   h2 Direct contact /   h2 Stuur ons rechtstreeks een bericht,header nav main footer
https://ironwoodlivigno.com/zh/contact,1,如何联系我们,2,0,,h1 如何联系我们 /   h2 直接联系方式 /   h2 直接给我们留言,header nav main footer
https://ironwoodlivigno.com/ja/contact,1,お問い合わせ方法,2,0,,h1 お問い合わせ方法 /   h2 直接のお問い合わせ先 /   h2 直接メッセージを送る,header nav main footer
https://ironwoodlivigno.com/en-us/contact,1,"How to reach us in Livigno, Italy",2,0,,"h1 How to reach us in Livigno, Italy /   h2 Direct contact /   h2 Send us a message",header nav main footer
https://ironwoodlivigno.com/blog,1,Consigli pratici per la tua vacanza a Livigno,22,0,,"h1 Consigli pratici per la tua vacanza a Livigno /   h2 Come arrivare a Livigno: guida pratica /   h2 Sci a Livigno: guida al comprensorio Carosello 3000 /   h2 Livigno d'estate: mountain bike, trekking e il lago /   h2 Cosa mangiare a Livigno: piatti tipici e dove provarli /   h2 Cosa comprare a Livigno: guida allo shopping duty-free /   h2 Livigno con bambini: cosa fare in famiglia /   h2 Cosa fare a Livigno in estate: 10 esperienze da non perdere /   h2 Migliori piste da sci a Livigno per famiglie /   h2 Sauna privata vs condivisa a Livigno: perché sceglierla /   h2 Quanto costa sciare a Livigno: guida ai prezzi /   h2 Natale e Capodanno a Livigno: cosa aspettarsi /   h2 Carosello 3000 vs Mottolino: quale scegliere a Livigno /   h2 Quanto costa un appartamento a Livigno: guida per stagione /   h2 Appartamento con sauna privata a Livigno vs hotel /   h2 Livigno per gruppi numerosi: come organizzare il soggiorno /   h2 Deposito sci e attrezzatura a Livigno: cosa cercare /   h2 Quando prenotare Livigno: calendario stagionale /   h2 Vacanza senza pensieri a Livigno: colazione ed e-bike /   h2 Livigno tax free: guida pratica per chi arriva dall'estero /   h2 I migliori periodi per evitare la folla a Livigno /   h2 Livigno con il cane: regole e alternative /   h2 Da dove ammirare il tramonto a Livigno",header nav main footer
https://ironwoodlivigno.com/blog/en,1,Practical tips for your holiday in Livigno,22,0,,"h1 Practical tips for your holiday in Livigno /   h2 How to Get to Livigno: A Practical Guide /   h2 Skiing in Livigno: A Guide to the Carosello 3000 Ski Area /   h2 Livigno in Summer: Mountain Biking, Hiking and the Lake /   h2 What to Eat in Livigno: Traditional Valtellina Dishes /   h2 What to Buy in Livigno: Duty-Free Shopping Guide /   h2 Livigno with Kids: Things to Do as a Family /   h2 What to Do in Livigno in Summer: 10 Unmissable Experiences /   h2 Best Ski Slopes in Livigno for Families /   h2 Private Sauna vs Shared: Why Choose an Exclusive Spa /   h2 How Much Does It Cost to Ski in Livigno: A Price Guide /   h2 Christmas and New Year in Livigno: What to Expect /   h2 Carosello 3000 vs Mottolino: Which Ski Area to Choose /   h2 How Much Does an Apartment in Livigno Cost? Prices by Season /   h2 Apartment with a Private Sauna in Livigno vs a Hotel Spa /   h2 Livigno for Groups: How to Plan a Stay for Up to 6 People /   h2 Ski Storage in Livigno: What to Look For in Your Accommodation /   h2 When to Book Livigno: A Seasonal Calendar /   h2 A Carefree Holiday in Livigno: Breakfast and E-Bike Rental /   h2 Livigno Tax Free: A Practical Guide for Visitors from Abroad /   h2 The Best Times to Avoid the Crowds in Livigno /   h2 Livigno with Your Dog: Rules and Alternatives /   h2 Where to Watch the Sunset in Livigno",header nav main footer
https://ironwoodlivigno.com/blog/de,1,Praktische Tipps für Ihren Urlaub in Livigno,22,0,,"h1 Praktische Tipps für Ihren Urlaub in Livigno /   h2 Anreise nach Livigno: praktischer Reiseführer /   h2 Skifahren in Livigno: Leitfaden zum Skigebiet Carosello 3000 /   h2 Livigno im Sommer: Mountainbiken, Wandern und der See /   h2 Was man in Livigno isst: Gerichte der Valtellina /   h2 Livigno zollfrei: Shopping-Tipps und was sich lohnt /   h2 Livigno mit Kindern: Familienaktivitäten /   h2 Was man in Livigno im Sommer erleben kann: 10 Highlights /   h2 Die besten Skipisten in Livigno für Familien /   h2 Private vs. geteilte Sauna: Warum ein eigenes Spa wählen /   h2 Wie viel kostet Skifahren in Livigno? Ein Preisleitfaden /   h2 Weihnachten und Silvester in Livigno: Was Sie erwartet /   h2 Carosello 3000 oder Mottolino: Welches Skigebiet wählen /   h2 Was kostet eine Ferienwohnung in Livigno? Preise nach Saison /   h2 Ferienwohnung mit privater Sauna in Livigno oder Hotel-Spa? /   h2 Livigno mit der Gruppe: Aufenthalt für bis zu 6 Personen planen /   h2 Skiraum in Livigno: Worauf Sie bei der Unterkunft achten sollten /   h2 Wann Livigno buchen? Der Saisonkalender /   h2 Sorgenfreier Urlaub in Livigno: Frühstück und E-Bike-Verleih /   h2 Livigno zollfrei: Praktischer Guide für Gäste aus dem Ausland /   h2 Die besten Reisezeiten, um in Livigno den Massen zu entgehen /   h2 Livigno mit Hund: Regeln und Alternativen /   h2 Die schönsten Orte für den Sonnenuntergang in Livigno",header nav main footer
https://ironwoodlivigno.com/blog/pl,1,Praktyczne porady na urlop w Livigno,22,0,,"h1 Praktyczne porady na urlop w Livigno /   h2 Jak dojechać do Livigno: praktyczny przewodnik /   h2 Narty w Livigno: przewodnik po ośrodku Carosello 3000 /   h2 Livigno latem: rower górski, trekking i jezioro /   h2 Co zjeść w Livigno: typowe dania Valtelliny /   h2 Co kupić w Livigno: przewodnik po zakupach bez cła /   h2 Livigno z dziećmi: co robić z rodziną /   h2 Co robić w Livigno latem: 10 atrakcji, których nie przegapisz /   h2 Najlepsze trasy narciarskie w Livigno dla rodzin /   h2 Prywatna sauna czy wspólna: dlaczego wybrać własne spa /   h2 Ile kosztują narty w Livigno? Przewodnik po cenach /   h2 Boże Narodzenie i Sylwester w Livigno: czego się spodziewać /   h2 Carosello 3000 czy Mottolino: który ośrodek wybrać /   h2 Ile kosztuje apartament w Livigno? Ceny według sezonu /   h2 Apartament z prywatną sauną w Livigno czy hotelowe spa? /   h2 Livigno w grupie: jak zaplanować pobyt do 6 osób /   h2 Narciarnia w Livigno: na co zwrócić uwagę przy wyborze noclegu /   h2 Kiedy rezerwować Livigno: kalendarz sezonów /   h2 Beztroski urlop w Livigno: śniadanie i rowery elektryczne /   h2 Livigno bez cła: praktyczny przewodnik dla gości z zagranicy /   h2 Najlepsze terminy, by uniknąć tłumów w Livigno /   h2 Livigno z psem: zasady i alternatywy /   h2 Gdzie podziwiać zachód słońca w Livigno",header nav main footer
https://ironwoodlivigno.com/blog/nl,1,Praktische tips voor je vakantie in Livigno,22,0,,"h1 Praktische tips voor je vakantie in Livigno /   h2 Naar Livigno reizen: praktische gids /   h2 Skiën in Livigno: gids voor skigebied Carosello 3000 /   h2 Livigno in de zomer: mountainbiken, wandelen en het meer /   h2 Wat eten in Livigno: typische gerechten uit Valtellina /   h2 Wat kopen in Livigno: gids voor belastingvrij winkelen /   h2 Livigno met kinderen: wat te doen met het gezin /   h2 Wat te doen in Livigno in de zomer: 10 belevenissen /   h2 De beste skipistes in Livigno voor gezinnen /   h2 Privésauna of gedeelde sauna: waarom een eigen spa /   h2 Wat kost skiën in Livigno? Een prijsgids /   h2 Kerst en Oud en Nieuw in Livigno: wat je kunt verwachten /   h2 Carosello 3000 of Mottolino: welk skigebied kiezen /   h2 Wat kost een appartement in Livigno? Prijzen per seizoen /   h2 Appartement met privésauna in Livigno of een hotelspa? /   h2 Livigno met een groep: een verblijf tot 6 personen plannen /   h2 Skiberging in Livigno: waar je op let bij je accommodatie /   h2 Wanneer Livigno boeken: de seizoenskalender /   h2 Zorgeloze vakantie in Livigno: ontbijt en e-bikeverhuur /   h2 Livigno belastingvrij: praktische gids voor buitenlanders /   h2 De beste periodes om de drukte in Livigno te vermijden /   h2 Livigno met je hond: regels en alternatieven /   h2 Waar je de zonsondergang in Livigno het best ziet",header nav main footer
https://ironwoodlivigno.com/blog/cs,1,Praktické tipy pro vaši dovolenou v Livignu,22,0,,"h1 Praktické tipy pro vaši dovolenou v Livignu /   h2 Jak se dostat do Livigna: praktický průvodce /   h2 Lyžování v Livignu: průvodce areálem Carosello 3000 /   h2 Livigno v létě: horská kola, turistika a jezero /   h2 Co jíst v Livignu: typická jídla z Valtelliny /   h2 Co koupit v Livignu: průvodce bezcelními nákupy /   h2 Livigno s dětmi: co dělat s rodinou /   h2 Co dělat v Livignu v létě: 10 zážitků, které nevynechat /   h2 Nejlepší sjezdovky v Livignu pro rodiny /   h2 Soukromá, nebo sdílená sauna: proč zvolit vlastní spa /   h2 Kolik stojí lyžování v Livignu? Průvodce cenami /   h2 Vánoce a Silvestr v Livignu: co čekat /   h2 Carosello 3000, nebo Mottolino: který areál zvolit /   h2 Kolik stojí apartmán v Livignu? Ceny podle sezóny /   h2 Apartmán se soukromou saunou v Livignu, nebo hotelové spa? /   h2 Livigno ve skupině: jak naplánovat pobyt až pro 6 osob /   h2 Lyžárna v Livignu: na co se dívat při výběru ubytování /   h2 Kdy rezervovat Livigno: sezónní kalendář /   h2 Bezstarostná dovolená v Livignu: snídaně a elektrokola /   h2 Livigno bez cla: praktický průvodce pro návštěvníky ze zahraničí /   h2 Nejlepší termíny, jak se v Livignu vyhnout davům /   h2 Livigno se psem: pravidla a alternativy /   h2 Odkud v Livignu pozorovat západ slunce",header nav main footer
https://ironwoodlivigno.com/blog/fr,1,Conseils pratiques pour vos vacances à Livigno,22,0,,"h1 Conseils pratiques pour vos vacances à Livigno /   h2 Comment aller à Livigno : guide pratique /   h2 Skier à Livigno : guide du domaine Carosello 3000 /   h2 Livigno en été : VTT, randonnée et le lac /   h2 Que manger à Livigno : les plats typiques de la Valteline /   h2 Quoi acheter à Livigno : guide du shopping détaxé /   h2 Livigno avec des enfants : que faire en famille /   h2 Que faire à Livigno en été : 10 expériences incontournables /   h2 Les meilleures pistes de ski de Livigno pour les familles /   h2 Sauna privé ou partagé : pourquoi choisir son propre spa /   h2 Combien coûte le ski à Livigno ? Guide des prix /   h2 Noël et Nouvel An à Livigno : à quoi s'attendre /   h2 Carosello 3000 ou Mottolino : quel domaine choisir /   h2 Combien coûte un appartement à Livigno ? Prix par saison /   h2 Appartement avec sauna privé à Livigno ou spa d'hôtel ? /   h2 Livigno en groupe : organiser un séjour jusqu'à 6 personnes /   h2 Local à skis à Livigno : que vérifier dans votre hébergement /   h2 Quand réserver Livigno : le calendrier des saisons /   h2 Vacances sans souci à Livigno : petit-déjeuner et VTT électrique /   h2 Livigno détaxé : guide pratique pour les visiteurs étrangers /   h2 Les meilleures périodes pour éviter la foule à Livigno /   h2 Livigno avec son chien : règles et alternatives /   h2 Où admirer le coucher de soleil à Livigno",header nav main footer
https://ironwoodlivigno.com/blog/da,1,Praktiske råd til din ferie i Livigno,22,0,,"h1 Praktiske råd til din ferie i Livigno /   h2 Sådan kommer du til Livigno: praktisk guide /   h2 Skiferie i Livigno: guide til skiområdet Carosello 3000 /   h2 Livigno om sommeren: mountainbike, vandreture og søen /   h2 Hvad skal man spise i Livigno: typiske retter fra Valtellina /   h2 Hvad skal man købe i Livigno: guide til toldfri shopping /   h2 Livigno med børn: hvad familien kan lave /   h2 Hvad kan man lave i Livigno om sommeren: 10 oplevelser /   h2 De bedste skipister i Livigno for familier /   h2 Privat eller delt sauna: hvorfor vælge sit eget spa /   h2 Hvad koster en skiferie i Livigno? En prisguide /   h2 Jul og nytår i Livigno: hvad du kan forvente /   h2 Carosello 3000 eller Mottolino: hvilket skiområde skal du vælge /   h2 Hvad koster en lejlighed i Livigno? Priser efter sæson /   h2 Lejlighed med privat sauna i Livigno eller hotelspa? /   h2 Livigno med en gruppe: ophold for op til 6 personer /   h2 Skirum i Livigno: hvad du skal kigge efter i din bolig /   h2 Hvornår skal man booke Livigno: sæsonkalenderen /   h2 Bekymringsfri ferie i Livigno: morgenmad og elcykler /   h2 Livigno toldfrit: praktisk guide til udenlandske gæster /   h2 De bedste tidspunkter at undgå trængsel i Livigno /   h2 Livigno med hund: regler og alternativer /   h2 Hvor du kan se solnedgangen i Livigno",header nav main footer
https://ironwoodlivigno.com/blog/no,1,Praktiske tips til ferien i Livigno,22,0,,"h1 Praktiske tips til ferien i Livigno /   h2 Slik kommer du deg til Livigno: praktisk guide /   h2 Skikjøring i Livigno: guide til Carosello 3000 /   h2 Livigno om sommeren: terrengsykkel, fotturer og innsjøen /   h2 Hva spiser man i Livigno: typiske retter fra Valtellina /   h2 Hva kan man kjøpe i Livigno: guide til tollfri shopping /   h2 Livigno med barn: hva familien kan gjøre /   h2 Hva kan man gjøre i Livigno om sommeren: 10 opplevelser /   h2 De beste skibakkene i Livigno for familier /   h2 Privat eller delt badstue: hvorfor velge ditt eget spa /   h2 Hva koster en skiferie i Livigno? En prisguide /   h2 Jul og nyttår i Livigno: hva du kan forvente /   h2 Carosello 3000 eller Mottolino: hvilket skiområde bør du velge /   h2 Hva koster en leilighet i Livigno? Priser etter sesong /   h2 Leilighet med privat badstue i Livigno eller hotellspa? /   h2 Livigno med en gruppe: opphold for opptil 6 personer /   h2 Skirom i Livigno: hva du bør se etter i overnattingen /   h2 Når bør du bestille Livigno: sesongkalenderen /   h2 Bekymringsfri ferie i Livigno: frokost og elsykler /   h2 Livigno tollfritt: praktisk guide for utenlandske gjester /   h2 De beste tidspunktene for å unngå trengsel i Livigno /   h2 Hund på ferie i Livigno: regler og alternativer /   h2 Her ser du solnedgangen best i Livigno",header nav main footer
https://ironwoodlivigno.com/blog/zh,1,利维尼奥度假实用建议,22,0,,h1 利维尼奥度假实用建议 /   h2 如何前往利维尼奥：实用交通指南 /   h2 利维尼奥滑雪：Carosello 3000 雪场指南 /   h2 夏日利维尼奥：山地车、徒步与湖泊 /   h2 利维尼奥吃什么：瓦尔泰利纳特色菜 /   h2 利维尼奥买什么：免税购物指南 /   h2 带孩子游利维尼奥：亲子活动推荐 /   h2 夏季利维尼奥玩什么：10 种不容错过的体验 /   h2 利维尼奥最适合家庭的滑雪道 /   h2 私人桑拿还是共享桑拿：为什么选择专属水疗 /   h2 在利维尼奥滑雪要花多少钱？价格指南 /   h2 在利维尼奥过圣诞和新年：你可以期待什么 /   h2 Carosello 3000 还是 Mottolino：该选哪个雪场 /   h2 利维尼奥公寓要多少钱？各季节价格指南 /   h2 利维尼奥带私人桑拿的公寓，还是酒店水疗？ /   h2 多人结伴游利维尼奥：如何安排 6 人住宿 /   h2 利维尼奥雪具存放：选住宿时要注意什么 /   h2 什么时候预订利维尼奥：季节日历 /   h2 轻松畅游利维尼奥：早餐和电动山地车租赁 /   h2 利维尼奥免税：外国游客实用指南 /   h2 避开利维尼奥人潮的最佳时间 /   h2 带狗去利维尼奥：规定与替代方案 /   h2 在利维尼奥哪里看日落,header nav main footer
https://ironwoodlivigno.com/blog/ja,1,リヴィーニョでの休暇に役立つ実用情報,22,0,,h1 リヴィーニョでの休暇に役立つ実用情報 /   h2 リヴィーニョへの行き方：実用ガイド /   h2 リヴィーニョでスキー：カロゼッロ3000ガイド /   h2 夏のリヴィーニョ：マウンテンバイク、ハイキング、湖 /   h2 リヴィーニョで何を食べる？ヴァルテッリーナの郷土料理 /   h2 リヴィーニョで何を買う？免税ショッピングガイド /   h2 子連れでリヴィーニョ：家族で楽しめること /   h2 夏のリヴィーニョでしたい10のこと /   h2 家族におすすめのリヴィーニョのゲレンデ /   h2 プライベートサウナと共用サウナ：専用スパを選ぶ理由 /   h2 リヴィーニョのスキー費用はいくら？料金ガイド /   h2 リヴィーニョのクリスマスと年末年始：過ごし方ガイド /   h2 カロゼッロ3000とモットリーノ：どちらのスキー場を選ぶ？ /   h2 リヴィーニョのアパートの料金は？季節別ガイド /   h2 リヴィーニョのプライベートサウナ付きアパートとホテルのスパ /   h2 グループでリヴィーニョへ：最大6名の滞在の計画 /   h2 リヴィーニョのスキールーム：宿選びでチェックしたい点 /   h2 リヴィーニョはいつ予約する？季節カレンダー /   h2 リヴィーニョで気ままな休暇を：朝食とe-バイクレンタル /   h2 リヴィーニョの免税：海外から訪れる人のための実用ガイド /   h2 リヴィーニョの混雑を避けるベストシーズン /   h2 犬と一緒にリヴィーニョへ：ルールと代わりの選択肢 /   h2 リヴィーニョで夕日を眺めるならここ,header nav main footer
https://ironwoodlivigno.com/blog/come-arrivare-a-livigno,1,Come arrivare a Livigno: guida pratica,4,0,,h1 Come arrivare a Livigno: guida pratica /   h2 In treno /   h2 In auto /   h2 In aereo /   h2 Un consiglio pratico,header nav main footer
https://ironwoodlivigno.com/blog/come-arrivare-a-livigno/en,1,How to Get to Livigno: A Practical Guide,4,0,,h1 How to Get to Livigno: A Practical Guide /   h2 By train /   h2 By car /   h2 By plane /   h2 A practical tip,header nav main footer
https://ironwoodlivigno.com/blog/come-arrivare-a-livigno/de,1,Anreise nach Livigno: praktischer Reiseführer,4,0,,h1 Anreise nach Livigno: praktischer Reiseführer /   h2 Mit dem Zug /   h2 Mit dem Auto /   h2 Mit dem Flugzeug /   h2 Ein praktischer Tipp,header nav main footer
https://ironwoodlivigno.com/blog/come-arrivare-a-livigno/pl,1,Jak dojechać do Livigno: praktyczny przewodnik,4,0,,h1 Jak dojechać do Livigno: praktyczny przewodnik /   h2 Pociągiem /   h2 Samochodem /   h2 Samolotem /   h2 Praktyczna rada,header nav main footer
https://ironwoodlivigno.com/blog/come-arrivare-a-livigno/nl,1,Naar Livigno reizen: praktische gids,4,0,,h1 Naar Livigno reizen: praktische gids /   h2 Met de trein /   h2 Met de auto /   h2 Met het vliegtuig /   h2 Een praktische tip,header nav main footer
https://ironwoodlivigno.com/blog/come-arrivare-a-livigno/cs,1,Jak se dostat do Livigna: praktický průvodce,4,0,,h1 Jak se dostat do Livigna: praktický průvodce /   h2 Vlakem /   h2 Autem /   h2 Letadlem /   h2 Praktická rada,header nav main footer
https://ironwoodlivigno.com/blog/come-arrivare-a-livigno/fr,1,Comment aller à Livigno : guide pratique,4,0,,h1 Comment aller à Livigno : guide pratique /   h2 En train /   h2 En voiture /   h2 En avion /   h2 Un conseil pratique,header nav main footer
https://ironwoodlivigno.com/blog/come-arrivare-a-livigno/da,1,Sådan kommer du til Livigno: praktisk guide,4,0,,h1 Sådan kommer du til Livigno: praktisk guide /   h2 Med tog /   h2 Med bil /   h2 Med fly /   h2 Et praktisk råd,header nav main footer
https://ironwoodlivigno.com/blog/come-arrivare-a-livigno/no,1,Slik kommer du deg til Livigno: praktisk guide,4,0,,h1 Slik kommer du deg til Livigno: praktisk guide /   h2 Med tog /   h2 Med bil /   h2 Med fly /   h2 Et praktisk tips,header nav main footer
https://ironwoodlivigno.com/blog/come-arrivare-a-livigno/zh,1,如何前往利维尼奥：实用交通指南,4,0,,h1 如何前往利维尼奥：实用交通指南 /   h2 乘火车 /   h2 自驾 /   h2 乘飞机 /   h2 实用建议,header nav main footer
https://ironwoodlivigno.com/blog/come-arrivare-a-livigno/ja,1,リヴィーニョへの行き方：実用ガイド,4,0,,h1 リヴィーニョへの行き方：実用ガイド /   h2 電車で /   h2 車で /   h2 飛行機で /   h2 実用的なアドバイス,header nav main footer
https://ironwoodlivigno.com/blog/sci-a-livigno-guida-carosello-3000,1,Sci a Livigno: guida al comprensorio Carosello 3000,5,0,,h1 Sci a Livigno: guida al comprensorio Carosello 3000 /   h2 Quando sciare: la stagione 2025/2026 /   h2 Non solo piste da discesa /   h2 Livigno Park: il snowpark per freestyle e rail /   h2 Skipass: le opzioni disponibili /   h2 Un consiglio,header nav main footer
https://ironwoodlivigno.com/blog/sci-a-livigno-guida-carosello-3000/en,1,Skiing in Livigno: A Guide to the Carosello 3000 Ski Area,4,0,,h1 Skiing in Livigno: A Guide to the Carosello 3000 Ski Area /   h2 When to ski: the 2025/2026 season /   h2 More than just downhill runs /   h2 The advantage of staying at Ironwood Livigno /   h2 One tip,header nav main footer
https://ironwoodlivigno.com/blog/sci-a-livigno-guida-carosello-3000/de,1,Skifahren in Livigno: Leitfaden zum Skigebiet Carosello 3000,4,0,,h1 Skifahren in Livigno: Leitfaden zum Skigebiet Carosello 3000 /   h2 Wann man Ski fahren kann: die Saison 2025/2026 /   h2 Nicht nur Abfahrtspisten /   h2 Der Vorteil eines Aufenthalts im Ironwood Livigno /   h2 Ein Tipp,header nav main footer
https://ironwoodlivigno.com/blog/sci-a-livigno-guida-carosello-3000/pl,1,Narty w Livigno: przewodnik po ośrodku Carosello 3000,4,0,,h1 Narty w Livigno: przewodnik po ośrodku Carosello 3000 /   h2 Kiedy jeździć: sezon 2025/2026 /   h2 Nie tylko trasy zjazdowe /   h2 Zaleta pobytu w Ironwood Livigno /   h2 Jedna rada,header nav main footer
https://ironwoodlivigno.com/blog/sci-a-livigno-guida-carosello-3000/nl,1,Skiën in Livigno: gids voor skigebied Carosello 3000,4,0,,h1 Skiën in Livigno: gids voor skigebied Carosello 3000 /   h2 Wanneer skiën: het seizoen 2025/2026 /   h2 Meer dan alleen afdalingen /   h2 Het voordeel van verblijven in Ironwood Livigno /   h2 Eén tip,header nav main footer
https://ironwoodlivigno.com/blog/sci-a-livigno-guida-carosello-3000/cs,1,Lyžování v Livignu: průvodce areálem Carosello 3000,4,0,,h1 Lyžování v Livignu: průvodce areálem Carosello 3000 /   h2 Kdy lyžovat: sezóna 2025/2026 /   h2 Nejen sjezdovky /   h2 Výhoda pobytu v Ironwood Livigno /   h2 Jedna rada,header nav main footer
https://ironwoodlivigno.com/blog/sci-a-livigno-guida-carosello-3000/fr,1,Skier à Livigno : guide du domaine Carosello 3000,4,0,,h1 Skier à Livigno : guide du domaine Carosello 3000 /   h2 Quand skier : la saison 2025/2026 /   h2 Pas seulement des pistes de descente /   h2 L'avantage de séjourner à Ironwood Livigno /   h2 Un conseil,header nav main footer
https://ironwoodlivigno.com/blog/sci-a-livigno-guida-carosello-3000/da,1,Skiferie i Livigno: guide til skiområdet Carosello 3000,4,0,,h1 Skiferie i Livigno: guide til skiområdet Carosello 3000 /   h2 Hvornår du kan stå på ski: sæsonen 2025/2026 /   h2 Mere end bare alpinpister /   h2 Fordelen ved at bo på Ironwood Livigno /   h2 Et råd,header nav main footer
https://ironwoodlivigno.com/blog/sci-a-livigno-guida-carosello-3000/no,1,Skikjøring i Livigno: guide til Carosello 3000,4,0,,h1 Skikjøring i Livigno: guide til Carosello 3000 /   h2 Når du kan stå på ski: sesongen 2025/2026 /   h2 Mer enn bare alpinbakker /   h2 Fordelen ved å bo på Ironwood Livigno /   h2 Ett tips,header nav main footer
https://ironwoodlivigno.com/blog/sci-a-livigno-guida-carosello-3000/zh,1,利维尼奥滑雪：Carosello 3000 雪场指南,4,0,,h1 利维尼奥滑雪：Carosello 3000 雪场指南 /   h2 何时滑雪：2025/2026 雪季 /   h2 不只是高山滑雪 /   h2 入住 Ironwood Livigno 的优势 /   h2 一个建议,header nav main footer
https://ironwoodlivigno.com/blog/sci-a-livigno-guida-carosello-3000/ja,1,リヴィーニョでスキー：カロゼッロ3000ガイド,4,0,,h1 リヴィーニョでスキー：カロゼッロ3000ガイド /   h2 スキーシーズン：2025/2026年 /   h2 ゲレンデスキーだけではない /   h2 Ironwood Livignoに泊まるメリット /   h2 ひとつのアドバイス,header nav main footer
https://ironwoodlivigno.com/blog/livigno-estate-mountain-bike-trekking-lago,1,"Livigno d'estate: mountain bike, trekking e il lago",4,0,,"h1 Livigno d'estate: mountain bike, trekking e il lago /   h2 Mottolino Bike Park e Carosello 3000 d'estate /   h2 Trekking e il Lago di Livigno /   h2 5 sentieri da non perdere /   h2 Il nostro consiglio",header nav main footer
https://ironwoodlivigno.com/blog/livigno-estate-mountain-bike-trekking-lago/en,1,"Livigno in Summer: Mountain Biking, Hiking and the Lake",4,0,,"h1 Livigno in Summer: Mountain Biking, Hiking and the Lake /   h2 Mottolino Bike Park and Carosello 3000 in summer /   h2 Hiking and Lake Livigno /   h2 5 trails not to miss /   h2 Our tip",header nav main footer
https://ironwoodlivigno.com/blog/livigno-estate-mountain-bike-trekking-lago/de,1,"Livigno im Sommer: Mountainbiken, Wandern und der See",4,0,,"h1 Livigno im Sommer: Mountainbiken, Wandern und der See /   h2 Mottolino Bikepark und Carosello 3000 im Sommer /   h2 Wandern und der Lago di Livigno /   h2 5 Wege, die man nicht verpassen sollte /   h2 Unser Tipp",header nav main footer
https://ironwoodlivigno.com/blog/livigno-estate-mountain-bike-trekking-lago/pl,1,"Livigno latem: rower górski, trekking i jezioro",4,0,,"h1 Livigno latem: rower górski, trekking i jezioro /   h2 Mottolino Bike Park i Carosello 3000 latem /   h2 Trekking i jezioro Lago di Livigno /   h2 5 tras, których nie można przegapić /   h2 Nasza rada",header nav main footer
https://ironwoodlivigno.com/blog/livigno-estate-mountain-bike-trekking-lago/nl,1,"Livigno in de zomer: mountainbiken, wandelen en het meer",4,0,,"h1 Livigno in de zomer: mountainbiken, wandelen en het meer /   h2 Mottolino Bike Park en Carosello 3000 in de zomer /   h2 Wandelen en het Lago di Livigno /   h2 5 routes die je niet mag missen /   h2 Onze tip",header nav main footer
https://ironwoodlivigno.com/blog/livigno-estate-mountain-bike-trekking-lago/cs,1,"Livigno v létě: horská kola, turistika a jezero",4,0,,"h1 Livigno v létě: horská kola, turistika a jezero /   h2 Mottolino Bike Park a Carosello 3000 v létě /   h2 Turistika a jezero Lago di Livigno /   h2 5 tras, které nesmíte vynechat /   h2 Naše rada",header nav main footer
https://ironwoodlivigno.com/blog/livigno-estate-mountain-bike-trekking-lago/fr,1,"Livigno en été : VTT, randonnée et le lac",4,0,,"h1 Livigno en été : VTT, randonnée et le lac /   h2 Le Mottolino Bike Park et le Carosello 3000 en été /   h2 La randonnée et le lac de Livigno /   h2 5 itinéraires à ne pas manquer /   h2 Notre conseil",header nav main footer
https://ironwoodlivigno.com/blog/livigno-estate-mountain-bike-trekking-lago/da,1,"Livigno om sommeren: mountainbike, vandreture og søen",4,0,,"h1 Livigno om sommeren: mountainbike, vandreture og søen /   h2 Mottolino Bike Park og Carosello 3000 om sommeren /   h2 Vandreture og Lago di Livigno /   h2 5 ruter, du ikke må gå glip af /   h2 Vores råd",header nav main footer
https://ironwoodlivigno.com/blog/livigno-estate-mountain-bike-trekking-lago/no,1,"Livigno om sommeren: terrengsykkel, fotturer og innsjøen",4,0,,"h1 Livigno om sommeren: terrengsykkel, fotturer og innsjøen /   h2 Mottolino Bike Park og Carosello 3000 om sommeren /   h2 Fotturer og Lago di Livigno /   h2 5 ruter du ikke bør gå glipp av /   h2 Vårt tips",header nav main footer
https://ironwoodlivigno.com/blog/livigno-estate-mountain-bike-trekking-lago/zh,1,夏日利维尼奥：山地车、徒步与湖泊,4,0,,h1 夏日利维尼奥：山地车、徒步与湖泊 /   h2 夏季的 Mottolino 山地车公园与 Carosello 3000 /   h2 徒步与利维尼奥湖 /   h2 不容错过的 5 条路线 /   h2 我们的建议,header nav main footer
https://ironwoodlivigno.com/blog/livigno-estate-mountain-bike-trekking-lago/ja,1,夏のリヴィーニョ：マウンテンバイク、ハイキング、湖,4,0,,h1 夏のリヴィーニョ：マウンテンバイク、ハイキング、湖 /   h2 夏のモットリーノ・バイクパークとカロゼッロ3000 /   h2 ハイキングとリヴィーニョ湖 /   h2 見逃せない5つのルート /   h2 私たちからのアドバイス,header nav main footer
https://ironwoodlivigno.com/blog/cosa-mangiare-a-livigno-piatti-tipici,1,Cosa mangiare a Livigno: piatti tipici e dove provarli,4,0,,"h1 Cosa mangiare a Livigno: piatti tipici e dove provarli /   h2 Pizzoccheri, il piatto simbolo /   h2 Sciatt: il fritto tipico /   h2 Bresaola della Valtellina IGP /   h2 Dove provarli",header nav main footer
https://ironwoodlivigno.com/blog/cosa-mangiare-a-livigno-piatti-tipici/en,1,What to Eat in Livigno: Traditional Valtellina Dishes,4,0,,"h1 What to Eat in Livigno: Traditional Valtellina Dishes /   h2 Pizzoccheri, the signature dish /   h2 Sciatt: the traditional fried snack /   h2 Bresaola della Valtellina IGP /   h2 Where to try them",header nav main footer
https://ironwoodlivigno.com/blog/cosa-mangiare-a-livigno-piatti-tipici/de,1,Was man in Livigno isst: Gerichte der Valtellina,4,0,,"h1 Was man in Livigno isst: Gerichte der Valtellina /   h2 Pizzoccheri, das Symbolgericht /   h2 Sciatt: das typische Frittierte /   h2 Bresaola della Valtellina g.g.A. /   h2 Wo man sie probieren kann",header nav main footer
https://ironwoodlivigno.com/blog/cosa-mangiare-a-livigno-piatti-tipici/pl,1,Co zjeść w Livigno: typowe dania Valtelliny,4,0,,"h1 Co zjeść w Livigno: typowe dania Valtelliny /   h2 Pizzoccheri, danie symbol /   h2 Sciatt: typowa smażona przekąska /   h2 Bresaola della Valtellina ChOG /   h2 Gdzie ich spróbować",header nav main footer
https://ironwoodlivigno.com/blog/cosa-mangiare-a-livigno-piatti-tipici/nl,1,Wat eten in Livigno: typische gerechten uit Valtellina,4,0,,"h1 Wat eten in Livigno: typische gerechten uit Valtellina /   h2 Pizzoccheri, het symboolgerecht /   h2 Sciatt: het typische gefrituurde hapje /   h2 Bresaola della Valtellina BGA /   h2 Waar je ze kunt proeven",header nav main footer
https://ironwoodlivigno.com/blog/cosa-mangiare-a-livigno-piatti-tipici/cs,1,Co jíst v Livignu: typická jídla z Valtelliny,4,0,,"h1 Co jíst v Livignu: typická jídla z Valtelliny /   h2 Pizzoccheri, symbolické jídlo /   h2 Sciatt: typická smažená pochoutka /   h2 Bresaola della Valtellina CHZO /   h2 Kde je ochutnat",header nav main footer
https://ironwoodlivigno.com/blog/cosa-mangiare-a-livigno-piatti-tipici/fr,1,Que manger à Livigno : les plats typiques de la Valteline,4,0,,"h1 Que manger à Livigno : les plats typiques de la Valteline /   h2 Les pizzoccheri, le plat emblème /   h2 Les sciatt, la friture typique /   h2 La bresaola della Valtellina IGP /   h2 Où les goûter",header nav main footer
https://ironwoodlivigno.com/blog/cosa-mangiare-a-livigno-piatti-tipici/da,1,Hvad skal man spise i Livigno: typiske retter fra Valtellina,4,0,,"h1 Hvad skal man spise i Livigno: typiske retter fra Valtellina /   h2 Pizzoccheri, egnens signaturret /   h2 Sciatt: den typiske friturestegte snack /   h2 Bresaola della Valtellina BGB /   h2 Hvor du kan smage dem",header nav main footer
https://ironwoodlivigno.com/blog/cosa-mangiare-a-livigno-piatti-tipici/no,1,Hva spiser man i Livigno: typiske retter fra Valtellina,4,0,,"h1 Hva spiser man i Livigno: typiske retter fra Valtellina /   h2 Pizzoccheri, den mest kjente retten /   h2 Sciatt: den typiske frityrsnacken /   h2 Bresaola della Valtellina BGB /   h2 Hvor du kan smake dem",header nav main footer
https://ironwoodlivigno.com/blog/cosa-mangiare-a-livigno-piatti-tipici/zh,1,利维尼奥吃什么：瓦尔泰利纳特色菜,4,0,,h1 利维尼奥吃什么：瓦尔泰利纳特色菜 /   h2 Pizzoccheri：招牌菜 /   h2 Sciatt：传统炸物 /   h2 瓦尔泰利纳风干牛肉 Bresaola（IGP） /   h2 在哪里品尝,header nav main footer
https://ironwoodlivigno.com/blog/cosa-mangiare-a-livigno-piatti-tipici/ja,1,リヴィーニョで何を食べる？ヴァルテッリーナの郷土料理,4,0,,h1 リヴィーニョで何を食べる？ヴァルテッリーナの郷土料理 /   h2 代表料理ピッツォッケリ /   h2 伝統の揚げ物シャット /   h2 ブレザオラ・デッラ・ヴァルテッリーナ（IGP） /   h2 どこで味わえるか,header nav main footer
https://ironwoodlivigno.com/blog/shopping-duty-free-livigno-cosa-comprare,1,Cosa comprare a Livigno: guida allo shopping duty-free,5,0,,h1 Cosa comprare a Livigno: guida allo shopping duty-free /   h2 Alcolici /   h2 Tabacco /   h2 Profumi e cosmetici /   h2 Limiti di franchigia doganale /   h2 Dove fare shopping,header nav main footer
https://ironwoodlivigno.com/blog/shopping-duty-free-livigno-cosa-comprare/en,1,What to Buy in Livigno: Duty-Free Shopping Guide,5,0,,h1 What to Buy in Livigno: Duty-Free Shopping Guide /   h2 Spirits and wine /   h2 Tobacco /   h2 Perfumes and cosmetics /   h2 Duty-free allowance limits /   h2 Where to shop,header nav main footer
https://ironwoodlivigno.com/blog/shopping-duty-free-livigno-cosa-comprare/de,1,Livigno zollfrei: Shopping-Tipps und was sich lohnt,5,0,,h1 Livigno zollfrei: Shopping-Tipps und was sich lohnt /   h2 Spirituosen und Wein /   h2 Tabakwaren /   h2 Parfüm und Kosmetik /   h2 Zollfreie Freigrenzen /   h2 Wo man einkaufen kann,header nav main footer
https://ironwoodlivigno.com/blog/shopping-duty-free-livigno-cosa-comprare/pl,1,Co kupić w Livigno: przewodnik po zakupach bez cła,5,0,,h1 Co kupić w Livigno: przewodnik po zakupach bez cła /   h2 Alkohole i wino /   h2 Tytoń /   h2 Perfumy i kosmetyki /   h2 Limity zwolnienia z cła /   h2 Gdzie robić zakupy,header nav main footer
https://ironwoodlivigno.com/blog/shopping-duty-free-livigno-cosa-comprare/nl,1,Wat kopen in Livigno: gids voor belastingvrij winkelen,5,0,,h1 Wat kopen in Livigno: gids voor belastingvrij winkelen /   h2 Sterke drank en wijn /   h2 Tabak /   h2 Parfum en cosmetica /   h2 Vrijstellingsgrenzen /   h2 Waar je winkelt,header nav main footer
https://ironwoodlivigno.com/blog/shopping-duty-free-livigno-cosa-comprare/cs,1,Co koupit v Livignu: průvodce bezcelními nákupy,5,0,,h1 Co koupit v Livignu: průvodce bezcelními nákupy /   h2 Alkohol a víno /   h2 Tabák /   h2 Parfémy a kosmetika /   h2 Limity osvobození od cla /   h2 Kde nakupovat,header nav main footer
https://ironwoodlivigno.com/blog/shopping-duty-free-livigno-cosa-comprare/fr,1,Quoi acheter à Livigno : guide du shopping détaxé,5,0,,h1 Quoi acheter à Livigno : guide du shopping détaxé /   h2 Alcools et vins /   h2 Tabac /   h2 Parfums et cosmétiques /   h2 Les franchises douanières /   h2 Où faire ses achats,header nav main footer
https://ironwoodlivigno.com/blog/shopping-duty-free-livigno-cosa-comprare/da,1,Hvad skal man købe i Livigno: guide til toldfri shopping,5,0,,h1 Hvad skal man købe i Livigno: guide til toldfri shopping /   h2 Spiritus og vin /   h2 Tobak /   h2 Parfume og kosmetik /   h2 Toldfrie mængder /   h2 Hvor du handler,header nav main footer
https://ironwoodlivigno.com/blog/shopping-duty-free-livigno-cosa-comprare/no,1,Hva kan man kjøpe i Livigno: guide til tollfri shopping,5,0,,h1 Hva kan man kjøpe i Livigno: guide til tollfri shopping /   h2 Brennevin og vin /   h2 Tobakk /   h2 Parfyme og kosmetikk /   h2 Tollfrie kvoter /   h2 Hvor du handler,header nav main footer
https://ironwoodlivigno.com/blog/shopping-duty-free-livigno-cosa-comprare/zh,1,利维尼奥买什么：免税购物指南,5,0,,h1 利维尼奥买什么：免税购物指南 /   h2 酒类与葡萄酒 /   h2 烟草 /   h2 香水与化妆品 /   h2 免税限额 /   h2 去哪里购物,header nav main footer
https://ironwoodlivigno.com/blog/shopping-duty-free-livigno-cosa-comprare/ja,1,リヴィーニョで何を買う？免税ショッピングガイド,5,0,,h1 リヴィーニョで何を買う？免税ショッピングガイド /   h2 お酒とワイン /   h2 たばこ /   h2 香水と化粧品 /   h2 免税範囲 /   h2 どこで買い物するか,header nav main footer
https://ironwoodlivigno.com/blog/livigno-con-bambini-attivita-famiglia,1,Livigno con bambini: cosa fare in famiglia,4,0,,h1 Livigno con bambini: cosa fare in famiglia /   h2 Slittino e minibob per i più piccoli /   h2 Parchi neve e kids club /   h2 D'estate: bici e trekking in famiglia /   h2 Ironwood Livigno per famiglie,header nav main footer
https://ironwoodlivigno.com/blog/livigno-con-bambini-attivita-famiglia/en,1,Livigno with Kids: Things to Do as a Family,4,0,,h1 Livigno with Kids: Things to Do as a Family /   h2 Tobogganing and minibob for the little ones /   h2 Snow parks and kids' clubs /   h2 In summer: cycling and hiking as a family /   h2 Ironwood Livigno for families,header nav main footer
https://ironwoodlivigno.com/blog/livigno-con-bambini-attivita-famiglia/de,1,Livigno mit Kindern: Familienaktivitäten,4,0,,h1 Livigno mit Kindern: Familienaktivitäten /   h2 Rodeln und Minibob für die Kleinsten /   h2 Schneeparks und Kinderclubs /   h2 Im Sommer: Radfahren und Wandern mit der Familie /   h2 Ironwood Livigno für Familien,header nav main footer
https://ironwoodlivigno.com/blog/livigno-con-bambini-attivita-famiglia/pl,1,Livigno z dziećmi: co robić z rodziną,4,0,,h1 Livigno z dziećmi: co robić z rodziną /   h2 Sanki i minibob dla najmłodszych /   h2 Snowparki i kluby dla dzieci /   h2 Latem: rower i trekking z rodziną /   h2 Ironwood Livigno dla rodzin,header nav main footer
https://ironwoodlivigno.com/blog/livigno-con-bambini-attivita-famiglia/nl,1,Livigno met kinderen: wat te doen met het gezin,4,0,,h1 Livigno met kinderen: wat te doen met het gezin /   h2 Rodelen en minibob voor de kleintjes /   h2 Sneeuwparken en kinderclubs /   h2 In de zomer: fietsen en wandelen met het gezin /   h2 Ironwood Livigno voor gezinnen,header nav main footer
https://ironwoodlivigno.com/blog/livigno-con-bambini-attivita-famiglia/cs,1,Livigno s dětmi: co dělat s rodinou,4,0,,h1 Livigno s dětmi: co dělat s rodinou /   h2 Sáňkování a minibob pro nejmenší /   h2 Sněhové parky a dětské kluby /   h2 V létě: kolo a turistika s rodinou /   h2 Ironwood Livigno pro rodiny,header nav main footer
https://ironwoodlivigno.com/blog/livigno-con-bambini-attivita-famiglia/fr,1,Livigno avec des enfants : que faire en famille,4,0,,h1 Livigno avec des enfants : que faire en famille /   h2 Luge et minibob pour les plus petits /   h2 Snowparks et clubs enfants /   h2 En été : vélo et randonnée en famille /   h2 Ironwood Livigno pour les familles,header nav main footer
https://ironwoodlivigno.com/blog/livigno-con-bambini-attivita-famiglia/da,1,Livigno med børn: hvad familien kan lave,4,0,,h1 Livigno med børn: hvad familien kan lave /   h2 Kælkning og minibob for de mindste /   h2 Snowparker og børneklubber /   h2 Om sommeren: cykling og vandreture med familien /   h2 Ironwood Livigno for familier,header nav main footer
https://ironwoodlivigno.com/blog/livigno-con-bambini-attivita-famiglia/no,1,Livigno med barn: hva familien kan gjøre,4,0,,h1 Livigno med barn: hva familien kan gjøre /   h2 Aking og minibob for de minste /   h2 Snowparker og barneklubber /   h2 Om sommeren: sykkel og fotturer med familien /   h2 Ironwood Livigno for familier,header nav main footer
https://ironwoodlivigno.com/blog/livigno-con-bambini-attivita-famiglia/zh,1,带孩子游利维尼奥：亲子活动推荐,4,0,,h1 带孩子游利维尼奥：亲子活动推荐 /   h2 小朋友的雪橇和迷你雪车 /   h2 雪上乐园和儿童俱乐部 /   h2 夏季：全家骑行和徒步 /   h2 适合家庭的 Ironwood Livigno,header nav main footer
https://ironwoodlivigno.com/blog/livigno-con-bambini-attivita-famiglia/ja,1,子連れでリヴィーニョ：家族で楽しめること,4,0,,h1 子連れでリヴィーニョ：家族で楽しめること /   h2 小さな子ども向けのそりとミニボブ /   h2 スノーパークとキッズクラブ /   h2 夏：家族でサイクリングとハイキング /   h2 家族にやさしいIronwood Livigno,header nav main footer
https://ironwoodlivigno.com/blog/livigno-estate-10-esperienze-imperdibili,1,Cosa fare a Livigno in estate: 10 esperienze da non perdere,10,0,,h1 Cosa fare a Livigno in estate: 10 esperienze da non perdere /   h2 1. Mountain bike al Mottolino Bike Park /   h2 2. La Bike Academy per chi viaggia con bambini /   h2 3. Trekking intorno al Lago di Livigno /   h2 4. Escursioni tra gli alpeggi fioriti /   h2 5. Carosello 3000 aperto anche in estate /   h2 6. Un giro in canoa sul lago /   h2 7. Shopping nel centro pedonale duty-free /   h2 8. I piatti tipici della Valtellina /   h2 9. Relax nella sauna privata dopo una giornata attiva /   h2 10. Temperature fresche anche in agosto,header nav main footer
https://ironwoodlivigno.com/blog/livigno-estate-10-esperienze-imperdibili/en,1,What to Do in Livigno in Summer: 10 Unmissable Experiences,10,0,,h1 What to Do in Livigno in Summer: 10 Unmissable Experiences /   h2 1. Mountain biking at Mottolino Bike Park /   h2 2. The Bike Academy for families with children /   h2 3. Hiking around Lake Livigno /   h2 4. Excursions among the blooming alpine pastures /   h2 5. Carosello 3000 open in summer too /   h2 6. A canoe trip on the lake /   h2 7. Shopping in the duty-free pedestrian centre /   h2 8. Traditional Valtellina dishes /   h2 9. Unwinding in the private sauna after an active day /   h2 10. Cool temperatures even in August,header nav main footer
https://ironwoodlivigno.com/blog/livigno-estate-10-esperienze-imperdibili/de,1,Was man in Livigno im Sommer erleben kann: 10 Highlights,10,0,,h1 Was man in Livigno im Sommer erleben kann: 10 Highlights /   h2 1. Mountainbiken im Mottolino Bikepark /   h2 2. Die Bike Academy für Familien mit Kindern /   h2 3. Wandern rund um den Lago di Livigno /   h2 4. Ausflüge zu den blühenden Almwiesen /   h2 5. Carosello 3000 auch im Sommer geöffnet /   h2 6. Eine Kanufahrt auf dem See /   h2 7. Shopping im zollfreien Fußgängerzentrum /   h2 8. Typische Gerichte der Valtellina /   h2 9. Entspannung in der privaten Sauna nach einem aktiven Tag /   h2 10. Kühle Temperaturen auch im August,header nav main footer
https://ironwoodlivigno.com/blog/livigno-estate-10-esperienze-imperdibili/pl,1,"Co robić w Livigno latem: 10 atrakcji, których nie przegapisz",10,0,,"h1 Co robić w Livigno latem: 10 atrakcji, których nie przegapisz /   h2 1. Rower górski w Mottolino Bike Park /   h2 2. Bike Academy dla rodzin z dziećmi /   h2 3. Spacer wokół jeziora Lago di Livigno /   h2 4. Wycieczki przez kwitnące hale /   h2 5. Carosello 3000 otwarte także latem /   h2 6. Wycieczka kajakiem po jeziorze /   h2 7. Zakupy w wolnocłowym centrum /   h2 8. Typowe dania Valtelliny /   h2 9. Relaks w prywatnej saunie po aktywnym dniu /   h2 10. Chłodne temperatury nawet w sierpniu",header nav main footer
https://ironwoodlivigno.com/blog/livigno-estate-10-esperienze-imperdibili/nl,1,Wat te doen in Livigno in de zomer: 10 belevenissen,10,0,,"h1 Wat te doen in Livigno in de zomer: 10 belevenissen /   h2 1. Mountainbiken in het Mottolino Bike Park /   h2 2. De Bike Academy voor gezinnen met kinderen /   h2 3. Wandelen rond het Lago di Livigno /   h2 4. Tochten langs bloeiende alpenweiden /   h2 5. Carosello 3000 ook in de zomer open /   h2 6. Een kanotocht op het meer /   h2 7. Winkelen in het belastingvrije voetgangerscentrum /   h2 8. Typische gerechten uit Valtellina /   h2 9. Ontspannen in de privésauna na een actieve dag /   h2 10. Koele temperaturen, zelfs in augustus",header nav main footer
https://ironwoodlivigno.com/blog/livigno-estate-10-esperienze-imperdibili/cs,1,"Co dělat v Livignu v létě: 10 zážitků, které nevynechat",10,0,,"h1 Co dělat v Livignu v létě: 10 zážitků, které nevynechat /   h2 1. Horská kola v Mottolino Bike Parku /   h2 2. Bike Academy pro rodiny s dětmi /   h2 3. Procházka kolem jezera Lago di Livigno /   h2 4. Výlety po kvetoucích horských loukách /   h2 5. Carosello 3000 otevřené i v létě /   h2 6. Projížďka na kánoi po jezeře /   h2 7. Nákupy v bezcelním pěším centru /   h2 8. Typická jídla z Valtelliny /   h2 9. Relax v soukromé sauně po aktivním dni /   h2 10. Chladné teploty i v srpnu",header nav main footer
https://ironwoodlivigno.com/blog/livigno-estate-10-esperienze-imperdibili/fr,1,Que faire à Livigno en été : 10 expériences incontournables,10,0,,h1 Que faire à Livigno en été : 10 expériences incontournables /   h2 1. Le VTT au Mottolino Bike Park /   h2 2. La Bike Academy pour les familles avec enfants /   h2 3. La balade autour du lac de Livigno /   h2 4. Excursions dans les alpages fleuris /   h2 5. Le Carosello 3000 ouvert aussi en été /   h2 6. Une sortie en canoë sur le lac /   h2 7. Le shopping dans le centre piéton détaxé /   h2 8. Les plats typiques de la Valteline /   h2 9. Se détendre au sauna privé après une journée active /   h2 10. Des températures fraîches même en août,header nav main footer
https://ironwoodlivigno.com/blog/livigno-estate-10-esperienze-imperdibili/da,1,Hvad kan man lave i Livigno om sommeren: 10 oplevelser,10,0,,h1 Hvad kan man lave i Livigno om sommeren: 10 oplevelser /   h2 1. Mountainbike i Mottolino Bike Park /   h2 2. Bike Academy for familier med børn /   h2 3. Gåtur rundt om Lago di Livigno /   h2 4. Ture gennem blomstrende alpenge /   h2 5. Carosello 3000 åbent også om sommeren /   h2 6. En kanotur på søen /   h2 7. Shopping i det toldfrie gågadecentrum /   h2 8. Typiske retter fra Valtellina /   h2 9. Afslapning i den private sauna efter en aktiv dag /   h2 10. Kølige temperaturer selv i august,header nav main footer
https://ironwoodlivigno.com/blog/livigno-estate-10-esperienze-imperdibili/no,1,Hva kan man gjøre i Livigno om sommeren: 10 opplevelser,10,0,,h1 Hva kan man gjøre i Livigno om sommeren: 10 opplevelser /   h2 1. Terrengsykkel i Mottolino Bike Park /   h2 2. Bike Academy for familier med barn /   h2 3. Tur rundt Lago di Livigno /   h2 4. Turer gjennom blomstrende setervoller /   h2 5. Carosello 3000 åpent også om sommeren /   h2 6. En kanotur på innsjøen /   h2 7. Shopping i det tollfrie gågatesentrum /   h2 8. Typiske retter fra Valtellina /   h2 9. Avslapning i den private badstuen etter en aktiv dag /   h2 10. Kjølige temperaturer selv i august,header nav main footer
https://ironwoodlivigno.com/blog/livigno-estate-10-esperienze-imperdibili/zh,1,夏季利维尼奥玩什么：10 种不容错过的体验,10,0,,h1 夏季利维尼奥玩什么：10 种不容错过的体验 /   h2 1. 在 Mottolino 山地车公园骑行 /   h2 2. 适合亲子家庭的 Bike Academy /   h2 3. 环利维尼奥湖散步 /   h2 4. 穿越盛开的高山草甸 /   h2 5. 夏季同样开放的 Carosello 3000 /   h2 6. 湖上划独木舟 /   h2 7. 在免税步行街购物 /   h2 8. 瓦尔泰利纳特色菜 /   h2 9. 活动一天后在私人桑拿放松 /   h2 10. 八月依然凉爽,header nav main footer
https://ironwoodlivigno.com/blog/livigno-estate-10-esperienze-imperdibili/ja,1,夏のリヴィーニョでしたい10のこと,10,0,,h1 夏のリヴィーニョでしたい10のこと /   h2 1. モットリーノ・バイクパークでマウンテンバイク /   h2 2. 子ども連れにはBike Academy /   h2 3. リヴィーニョ湖を一周散策 /   h2 4. 花咲く高原へのハイキング /   h2 5. 夏も営業するカロゼッロ3000 /   h2 6. 湖でカヌー /   h2 7. 免税の歩行者エリアでショッピング /   h2 8. ヴァルテッリーナの郷土料理 /   h2 9. アクティブな一日の後はプライベートサウナで /   h2 10. 8月でも涼しい気候,header nav main footer
https://ironwoodlivigno.com/blog/migliori-piste-sci-livigno-famiglie,1,Migliori piste da sci a Livigno per famiglie,5,0,,h1 Migliori piste da sci a Livigno per famiglie /   h2 Carosello 3000: il versante più adatto a chi inizia /   h2 Sci di fondo: un'alternativa più tranquilla /   h2 Minibob e slittino a San Rocco /   h2 Corsi di sci e kids club /   h2 Perché la posizione dell'alloggio conta più di quanto pensi,header nav main footer
https://ironwoodlivigno.com/blog/migliori-piste-sci-livigno-famiglie/en,1,Best Ski Slopes in Livigno for Families,5,0,,h1 Best Ski Slopes in Livigno for Families /   h2 Carosello 3000: the side best suited to beginners /   h2 Cross-country skiing: a calmer alternative /   h2 Minibob and tobogganing at San Rocco /   h2 Ski lessons and kids' clubs /   h2 Why where you stay matters more than you'd think,header nav main footer
https://ironwoodlivigno.com/blog/migliori-piste-sci-livigno-famiglie/de,1,Die besten Skipisten in Livigno für Familien,5,0,,"h1 Die besten Skipisten in Livigno für Familien /   h2 Carosello 3000: die für Einsteiger geeignetere Seite /   h2 Langlauf: eine ruhigere Alternative /   h2 Minibob und Rodeln in San Rocco /   h2 Skikurse und Kinderclubs /   h2 Warum die Lage der Unterkunft wichtiger ist, als man denkt",header nav main footer
https://ironwoodlivigno.com/blog/migliori-piste-sci-livigno-famiglie/pl,1,Najlepsze trasy narciarskie w Livigno dla rodzin,5,0,,"h1 Najlepsze trasy narciarskie w Livigno dla rodzin /   h2 Carosello 3000: zbocze najlepsze dla początkujących /   h2 Narciarstwo biegowe: spokojniejsza alternatywa /   h2 Minibob i sanki w San Rocco /   h2 Lekcje jazdy i kluby dla dzieci /   h2 Dlaczego miejsce noclegu ma większe znaczenie, niż myślisz",header nav main footer
https://ironwoodlivigno.com/blog/migliori-piste-sci-livigno-famiglie/nl,1,De beste skipistes in Livigno voor gezinnen,5,0,,h1 De beste skipistes in Livigno voor gezinnen /   h2 Carosello 3000: de kant die het best past bij beginners /   h2 Langlaufen: een rustiger alternatief /   h2 Minibob en rodelen bij San Rocco /   h2 Skilessen en kinderclubs /   h2 Waarom je verblijfplaats belangrijker is dan je denkt,header nav main footer
https://ironwoodlivigno.com/blog/migliori-piste-sci-livigno-famiglie/cs,1,Nejlepší sjezdovky v Livignu pro rodiny,5,0,,"h1 Nejlepší sjezdovky v Livignu pro rodiny /   h2 Carosello 3000: svah nejvhodnější pro začátečníky /   h2 Běžecké lyžování: klidnější alternativa /   h2 Minibob a sáňky v San Roccu /   h2 Lekce lyžování a dětské kluby /   h2 Proč na místě ubytování záleží víc, než si myslíte",header nav main footer
https://ironwoodlivigno.com/blog/migliori-piste-sci-livigno-famiglie/fr,1,Les meilleures pistes de ski de Livigno pour les familles,5,0,,h1 Les meilleures pistes de ski de Livigno pour les familles /   h2 Carosello 3000 : le versant le plus adapté aux débutants /   h2 Le ski de fond : une alternative plus calme /   h2 Minibob et luge à San Rocco /   h2 Cours de ski et clubs enfants /   h2 Pourquoi l'emplacement compte plus qu'on ne le pense,header nav main footer
https://ironwoodlivigno.com/blog/migliori-piste-sci-livigno-famiglie/da,1,De bedste skipister i Livigno for familier,5,0,,"h1 De bedste skipister i Livigno for familier /   h2 Carosello 3000: den side, der passer bedst til begyndere /   h2 Langrend: et roligere alternativ /   h2 Minibob og kælkning ved San Rocco /   h2 Skiskole og børneklubber /   h2 Hvorfor beliggenheden betyder mere, end du tror",header nav main footer
https://ironwoodlivigno.com/blog/migliori-piste-sci-livigno-famiglie/no,1,De beste skibakkene i Livigno for familier,5,0,,h1 De beste skibakkene i Livigno for familier /   h2 Carosello 3000: siden som passer best for nybegynnere /   h2 Langrenn: et roligere alternativ /   h2 Minibob og aking ved San Rocco /   h2 Skikurs og barneklubber /   h2 Hvorfor beliggenheten betyr mer enn du tror,header nav main footer
https://ironwoodlivigno.com/blog/migliori-piste-sci-livigno-famiglie/zh,1,利维尼奥最适合家庭的滑雪道,5,0,,h1 利维尼奥最适合家庭的滑雪道 /   h2 Carosello 3000：最适合初学者的一侧 /   h2 越野滑雪：更轻松的选择 /   h2 San Rocco 的迷你雪车和雪橇 /   h2 滑雪课和儿童俱乐部 /   h2 为什么住在哪里比你想的更重要,header nav main footer
https://ironwoodlivigno.com/blog/migliori-piste-sci-livigno-famiglie/ja,1,家族におすすめのリヴィーニョのゲレンデ,5,0,,h1 家族におすすめのリヴィーニョのゲレンデ /   h2 カロゼッロ3000：初心者に最適な斜面 /   h2 クロスカントリースキー：もっと穏やかな選択肢 /   h2 サン・ロッコのミニボブとそり /   h2 スキーレッスンとキッズクラブ /   h2 宿の場所が思った以上に大切な理由,header nav main footer
https://ironwoodlivigno.com/blog/sauna-privata-vs-condivisa-livigno,1,Sauna privata vs condivisa a Livigno: perché sceglierla,4,0,,"h1 Sauna privata vs condivisa a Livigno: perché sceglierla /   h2 Orari e prenotazione: nessuna attesa con la sauna privata /   h2 Igiene: uno spazio solo tuo /   h2 Il momento giusto: dopo l'ultima discesa, non prima di cena in un orario fisso /   h2 La scelta di Ironwood Livigno",header nav main footer
https://ironwoodlivigno.com/blog/sauna-privata-vs-condivisa-livigno/en,1,Private Sauna vs Shared: Why Choose an Exclusive Spa,4,0,,"h1 Private Sauna vs Shared: Why Choose an Exclusive Spa /   h2 Timing and booking: no waiting with a private sauna /   h2 Hygiene: a space that's entirely yours /   h2 The right moment: after the last run, not before dinner at a fixed time /   h2 Ironwood Livigno's choice",header nav main footer
https://ironwoodlivigno.com/blog/sauna-privata-vs-condivisa-livigno/de,1,Private vs. geteilte Sauna: Warum ein eigenes Spa wählen,4,0,,"h1 Private vs. geteilte Sauna: Warum ein eigenes Spa wählen /   h2 Zeitplanung und Buchung: keine Wartezeit bei einer privaten Sauna /   h2 Hygiene: ein Bereich, der wirklich nur Ihnen gehört /   h2 Der richtige Moment: nach der letzten Abfahrt, nicht vor dem Abendessen zu fester Zeit /   h2 Die Entscheidung von Ironwood Livigno",header nav main footer
https://ironwoodlivigno.com/blog/sauna-privata-vs-condivisa-livigno/pl,1,Prywatna sauna czy wspólna: dlaczego wybrać własne spa,4,0,,"h1 Prywatna sauna czy wspólna: dlaczego wybrać własne spa /   h2 Czas i rezerwacje: z prywatną sauną bez czekania /   h2 Higiena: przestrzeń naprawdę tylko Twoja /   h2 Właściwy moment: po ostatnim zjeździe, nie o ustalonej godzinie /   h2 Wybór Ironwood Livigno",header nav main footer
https://ironwoodlivigno.com/blog/sauna-privata-vs-condivisa-livigno/nl,1,Privésauna of gedeelde sauna: waarom een eigen spa,4,0,,"h1 Privésauna of gedeelde sauna: waarom een eigen spa /   h2 Tijd en reserveren: geen wachttijd met een privésauna /   h2 Hygiëne: een ruimte die echt van jou is /   h2 Het juiste moment: na de laatste afdaling, niet op een vast tijdstip /   h2 De keuze van Ironwood Livigno",header nav main footer
https://ironwoodlivigno.com/blog/sauna-privata-vs-condivisa-livigno/cs,1,"Soukromá, nebo sdílená sauna: proč zvolit vlastní spa",4,0,,"h1 Soukromá, nebo sdílená sauna: proč zvolit vlastní spa /   h2 Čas a rezervace: se soukromou saunou bez čekání /   h2 Hygiena: prostor opravdu jen pro vás /   h2 Správná chvíle: po posledním sjezdu, ne v pevně daný čas /   h2 Volba Ironwood Livigno",header nav main footer
https://ironwoodlivigno.com/blog/sauna-privata-vs-condivisa-livigno/fr,1,Sauna privé ou partagé : pourquoi choisir son propre spa,4,0,,"h1 Sauna privé ou partagé : pourquoi choisir son propre spa /   h2 Horaires et réservation : aucune attente avec un sauna privé /   h2 Hygiène : un espace vraiment à vous /   h2 Le bon moment : après la dernière descente, pas à heure fixe /   h2 Le choix d'Ironwood Livigno",header nav main footer
https://ironwoodlivigno.com/blog/sauna-privata-vs-condivisa-livigno/da,1,Privat eller delt sauna: hvorfor vælge sit eget spa,4,0,,"h1 Privat eller delt sauna: hvorfor vælge sit eget spa /   h2 Tid og booking: ingen ventetid med en privat sauna /   h2 Hygiejne: et rum, der virkelig er dit /   h2 Det rette tidspunkt: efter sidste tur, ikke på et fast klokkeslæt /   h2 Ironwood Livignos valg",header nav main footer
https://ironwoodlivigno.com/blog/sauna-privata-vs-condivisa-livigno/no,1,Privat eller delt badstue: hvorfor velge ditt eget spa,4,0,,"h1 Privat eller delt badstue: hvorfor velge ditt eget spa /   h2 Tid og bestilling: ingen venting med privat badstue /   h2 Hygiene: et rom som virkelig er ditt /   h2 Rett øyeblikk: etter siste tur, ikke på et fast klokkeslett /   h2 Ironwood Livignos valg",header nav main footer
https://ironwoodlivigno.com/blog/sauna-privata-vs-condivisa-livigno/zh,1,私人桑拿还是共享桑拿：为什么选择专属水疗,4,0,,h1 私人桑拿还是共享桑拿：为什么选择专属水疗 /   h2 时间与预约：私人桑拿无需等待 /   h2 卫生：真正属于你的空间 /   h2 合适的时间：滑完最后一趟之后，而不是固定时间 /   h2 Ironwood Livigno 的选择,header nav main footer
https://ironwoodlivigno.com/blog/sauna-privata-vs-condivisa-livigno/ja,1,プライベートサウナと共用サウナ：専用スパを選ぶ理由,4,0,,h1 プライベートサウナと共用サウナ：専用スパを選ぶ理由 /   h2 時間と予約：プライベートサウナなら待ち時間なし /   h2 衛生面：本当に自分たちだけの空間 /   h2 ちょうどいいタイミング：決まった時間ではなく最後の一本の後に /   h2 Ironwood Livignoの選択,header nav main footer
https://ironwoodlivigno.com/blog/quanto-costa-sciare-a-livigno-guida-prezzi,1,Quanto costa sciare a Livigno: guida ai prezzi,5,0,,h1 Quanto costa sciare a Livigno: guida ai prezzi /   h2 Skipass: quanto cambia tra bassa e alta stagione /   h2 Noleggio sci e snowboard /   h2 Scuola sci: lezioni private o di gruppo /   h2 Dove si risparmia davvero: alloggio e pasti /   h2 Budget indicativo per una settimana bianca,header nav main footer
https://ironwoodlivigno.com/blog/quanto-costa-sciare-a-livigno-guida-prezzi/en,1,How Much Does It Cost to Ski in Livigno: A Price Guide,5,0,,h1 How Much Does It Cost to Ski in Livigno: A Price Guide /   h2 Ski pass: how much it changes between low and high season /   h2 Ski and snowboard rental /   h2 Ski school: private or group lessons /   h2 Where you really save: accommodation and meals /   h2 Indicative budget for a ski week,header nav main footer
https://ironwoodlivigno.com/blog/quanto-costa-sciare-a-livigno-guida-prezzi/de,1,Wie viel kostet Skifahren in Livigno? Ein Preisleitfaden,5,0,,h1 Wie viel kostet Skifahren in Livigno? Ein Preisleitfaden /   h2 Skipass: wie stark er sich zwischen Neben- und Hochsaison unterscheidet /   h2 Ski- und Snowboardverleih /   h2 Skischule: Privat- oder Gruppenunterricht /   h2 Wo man wirklich spart: Unterkunft und Verpflegung /   h2 Indikatives Budget für eine Skiwoche,header nav main footer
https://ironwoodlivigno.com/blog/quanto-costa-sciare-a-livigno-guida-prezzi/pl,1,Ile kosztują narty w Livigno? Przewodnik po cenach,5,0,,h1 Ile kosztują narty w Livigno? Przewodnik po cenach /   h2 Karnet: jak bardzo różni się w niskim i wysokim sezonie /   h2 Wypożyczenie nart i snowboardu /   h2 Szkoła narciarska: lekcje indywidualne czy grupowe /   h2 Gdzie naprawdę oszczędzasz: nocleg i posiłki /   h2 Orientacyjny budżet na tydzień na nartach,header nav main footer
https://ironwoodlivigno.com/blog/quanto-costa-sciare-a-livigno-guida-prezzi/nl,1,Wat kost skiën in Livigno? Een prijsgids,5,0,,h1 Wat kost skiën in Livigno? Een prijsgids /   h2 Skipas: hoeveel het verschilt tussen laag- en hoogseizoen /   h2 Ski- en snowboardhuur /   h2 Skischool: privé- of groepsles /   h2 Waar je echt bespaart: accommodatie en maaltijden /   h2 Indicatief budget voor een skiweek,header nav main footer
https://ironwoodlivigno.com/blog/quanto-costa-sciare-a-livigno-guida-prezzi/cs,1,Kolik stojí lyžování v Livignu? Průvodce cenami,5,0,,"h1 Kolik stojí lyžování v Livignu? Průvodce cenami /   h2 Skipas: jak moc se liší v nízké a vysoké sezóně /   h2 Půjčovna lyží a snowboardu /   h2 Lyžařská škola: soukromé, nebo skupinové lekce /   h2 Kde opravdu ušetříte: ubytování a jídlo /   h2 Orientační rozpočet na lyžařský týden",header nav main footer
https://ironwoodlivigno.com/blog/quanto-costa-sciare-a-livigno-guida-prezzi/fr,1,Combien coûte le ski à Livigno ? Guide des prix,5,0,,h1 Combien coûte le ski à Livigno ? Guide des prix /   h2 Forfait : l'écart entre basse et haute saison /   h2 Location de skis et de snowboard /   h2 École de ski : cours particuliers ou collectifs /   h2 Où l'on économise vraiment : hébergement et repas /   h2 Budget indicatif pour une semaine de ski,header nav main footer
https://ironwoodlivigno.com/blog/quanto-costa-sciare-a-livigno-guida-prezzi/da,1,Hvad koster en skiferie i Livigno? En prisguide,5,0,,h1 Hvad koster en skiferie i Livigno? En prisguide /   h2 Liftkort: hvor meget prisen svinger mellem lav- og højsæson /   h2 Leje af ski og snowboard /   h2 Skiskole: privat- eller gruppeundervisning /   h2 Hvor du virkelig sparer: overnatning og måltider /   h2 Vejledende budget for en skiuge,header nav main footer
https://ironwoodlivigno.com/blog/quanto-costa-sciare-a-livigno-guida-prezzi/no,1,Hva koster en skiferie i Livigno? En prisguide,5,0,,h1 Hva koster en skiferie i Livigno? En prisguide /   h2 Heiskort: hvor mye prisen varierer mellom lav- og høysesong /   h2 Leie av ski og snowboard /   h2 Skiskole: privattimer eller gruppekurs /   h2 Der du virkelig sparer: overnatting og måltider /   h2 Veiledende budsjett for en skiuke,header nav main footer
https://ironwoodlivigno.com/blog/quanto-costa-sciare-a-livigno-guida-prezzi/zh,1,在利维尼奥滑雪要花多少钱？价格指南,5,0,,h1 在利维尼奥滑雪要花多少钱？价格指南 /   h2 雪票：淡季和旺季差多少 /   h2 双板和单板租赁 /   h2 滑雪学校：私教课还是团体课 /   h2 真正能省钱的地方：住宿和餐饮 /   h2 一周滑雪的参考预算,header nav main footer
https://ironwoodlivigno.com/blog/quanto-costa-sciare-a-livigno-guida-prezzi/ja,1,リヴィーニョのスキー費用はいくら？料金ガイド,5,0,,h1 リヴィーニョのスキー費用はいくら？料金ガイド /   h2 リフト券：オフシーズンとハイシーズンの差 /   h2 スキー・スノーボードのレンタル /   h2 スキースクール：プライベートかグループか /   h2 本当に節約できるのは宿泊と食事 /   h2 スキー一週間の予算の目安,header nav main footer
https://ironwoodlivigno.com/blog/natale-capodanno-a-livigno,1,Natale e Capodanno a Livigno: cosa aspettarsi,4,0,,h1 Natale e Capodanno a Livigno: cosa aspettarsi /   h2 Il paese in versione natalizia /   h2 Sciare durante le feste /   h2 Capodanno in piazza /   h2 Perché prenotare con largo anticipo,header nav main footer
https://ironwoodlivigno.com/blog/natale-capodanno-a-livigno/en,1,Christmas and New Year in Livigno: What to Expect,4,0,,h1 Christmas and New Year in Livigno: What to Expect /   h2 The town in its festive dress /   h2 Skiing over the holidays /   h2 New Year's Eve in the square /   h2 Why you should book well in advance,header nav main footer
https://ironwoodlivigno.com/blog/natale-capodanno-a-livigno/de,1,Weihnachten und Silvester in Livigno: Was Sie erwartet,4,0,,h1 Weihnachten und Silvester in Livigno: Was Sie erwartet /   h2 Der Ort im Festtagskleid /   h2 Skifahren über die Feiertage /   h2 Silvester auf dem Platz /   h2 Warum man frühzeitig buchen sollte,header nav main footer
https://ironwoodlivigno.com/blog/natale-capodanno-a-livigno/pl,1,Boże Narodzenie i Sylwester w Livigno: czego się spodziewać,4,0,,h1 Boże Narodzenie i Sylwester w Livigno: czego się spodziewać /   h2 Miasteczko w świątecznej odsłonie /   h2 Narty w czasie świąt /   h2 Sylwester na placu /   h2 Dlaczego warto rezerwować z dużym wyprzedzeniem,header nav main footer
https://ironwoodlivigno.com/blog/natale-capodanno-a-livigno/nl,1,Kerst en Oud en Nieuw in Livigno: wat je kunt verwachten,4,0,,h1 Kerst en Oud en Nieuw in Livigno: wat je kunt verwachten /   h2 Het dorp in feesttooi /   h2 Skiën tijdens de feestdagen /   h2 Oudejaarsavond op het plein /   h2 Waarom je ruim van tevoren moet boeken,header nav main footer
https://ironwoodlivigno.com/blog/natale-capodanno-a-livigno/cs,1,Vánoce a Silvestr v Livignu: co čekat,4,0,,h1 Vánoce a Silvestr v Livignu: co čekat /   h2 Městečko ve svátečním hávu /   h2 Lyžování o svátcích /   h2 Silvestr na náměstí /   h2 Proč rezervovat s velkým předstihem,header nav main footer
https://ironwoodlivigno.com/blog/natale-capodanno-a-livigno/fr,1,Noël et Nouvel An à Livigno : à quoi s'attendre,4,0,,h1 Noël et Nouvel An à Livigno : à quoi s'attendre /   h2 La station en habits de fête /   h2 Skier pendant les fêtes /   h2 Le réveillon sur la place /   h2 Pourquoi réserver longtemps à l'avance,header nav main footer
https://ironwoodlivigno.com/blog/natale-capodanno-a-livigno/da,1,Jul og nytår i Livigno: hvad du kan forvente,4,0,,h1 Jul og nytår i Livigno: hvad du kan forvente /   h2 Byen i festtøjet /   h2 Skiløb i højtiden /   h2 Nytårsaften på torvet /   h2 Hvorfor du skal booke i god tid,header nav main footer
https://ironwoodlivigno.com/blog/natale-capodanno-a-livigno/no,1,Jul og nyttår i Livigno: hva du kan forvente,4,0,,h1 Jul og nyttår i Livigno: hva du kan forvente /   h2 Stedet i julepynt /   h2 Skikjøring i høytiden /   h2 Nyttårsaften på torget /   h2 Hvorfor du bør bestille i god tid,header nav main footer
https://ironwoodlivigno.com/blog/natale-capodanno-a-livigno/zh,1,在利维尼奥过圣诞和新年：你可以期待什么,4,0,,h1 在利维尼奥过圣诞和新年：你可以期待什么 /   h2 节日氛围中的小镇 /   h2 节日期间滑雪 /   h2 广场跨年夜 /   h2 为什么要尽早预订,header nav main footer
https://ironwoodlivigno.com/blog/natale-capodanno-a-livigno/ja,1,リヴィーニョのクリスマスと年末年始：過ごし方ガイド,4,0,,h1 リヴィーニョのクリスマスと年末年始：過ごし方ガイド /   h2 お祭りムードに包まれる町 /   h2 休暇中のスキー /   h2 広場での大晦日 /   h2 早めに予約すべき理由,header nav main footer
https://ironwoodlivigno.com/blog/carosello-3000-vs-mottolino-quale-scegliere,1,Carosello 3000 vs Mottolino: quale scegliere a Livigno,4,0,,"h1 Carosello 3000 vs Mottolino: quale scegliere a Livigno /   h2 Carosello 3000: il versante più adatto a chi inizia /   h2 Mottolino: sport, snowpark e ritmo più vivace /   h2 Un solo skipass per sciare su entrambi /   h2 Perché la posizione dell'alloggio conta più della scelta del versante",header nav main footer
https://ironwoodlivigno.com/blog/carosello-3000-vs-mottolino-quale-scegliere/en,1,Carosello 3000 vs Mottolino: Which Ski Area to Choose,4,0,,"h1 Carosello 3000 vs Mottolino: Which Ski Area to Choose /   h2 Carosello 3000: the side best suited to beginners /   h2 Mottolino: sport, snowpark and a livelier pace /   h2 One ski pass for both areas /   h2 Why where you stay matters more than which side you choose",header nav main footer
https://ironwoodlivigno.com/blog/carosello-3000-vs-mottolino-quale-scegliere/de,1,Carosello 3000 oder Mottolino: Welches Skigebiet wählen,4,0,,"h1 Carosello 3000 oder Mottolino: Welches Skigebiet wählen /   h2 Carosello 3000: die für Einsteiger besser geeignete Seite /   h2 Mottolino: Sport, Snowpark und lebendigeres Tempo /   h2 Ein Skipass für beide Gebiete /   h2 Warum die Lage der Unterkunft wichtiger ist als die Wahl der Seite",header nav main footer
https://ironwoodlivigno.com/blog/carosello-3000-vs-mottolino-quale-scegliere/pl,1,Carosello 3000 czy Mottolino: który ośrodek wybrać,4,0,,"h1 Carosello 3000 czy Mottolino: który ośrodek wybrać /   h2 Carosello 3000: zbocze najlepsze dla początkujących /   h2 Mottolino: sport, snowpark i szybsze tempo /   h2 Jeden karnet na oba ośrodki /   h2 Dlaczego miejsce noclegu jest ważniejsze niż wybór zbocza",header nav main footer
https://ironwoodlivigno.com/blog/carosello-3000-vs-mottolino-quale-scegliere/nl,1,Carosello 3000 of Mottolino: welk skigebied kiezen,4,0,,"h1 Carosello 3000 of Mottolino: welk skigebied kiezen /   h2 Carosello 3000: de kant die het best past bij beginners /   h2 Mottolino: sport, snowpark en een levendiger tempo /   h2 Eén skipas voor beide gebieden /   h2 Waarom je verblijfplaats belangrijker is dan de gekozen kant",header nav main footer
https://ironwoodlivigno.com/blog/carosello-3000-vs-mottolino-quale-scegliere/cs,1,"Carosello 3000, nebo Mottolino: který areál zvolit",4,0,,"h1 Carosello 3000, nebo Mottolino: který areál zvolit /   h2 Carosello 3000: svah nejvhodnější pro začátečníky /   h2 Mottolino: sport, snowpark a živější tempo /   h2 Jeden skipas pro oba areály /   h2 Proč je poloha ubytování důležitější než volba svahu",header nav main footer
https://ironwoodlivigno.com/blog/carosello-3000-vs-mottolino-quale-scegliere/fr,1,Carosello 3000 ou Mottolino : quel domaine choisir,4,0,,"h1 Carosello 3000 ou Mottolino : quel domaine choisir /   h2 Carosello 3000 : le versant le plus adapté aux débutants /   h2 Mottolino : sport, snowpark et rythme plus animé /   h2 Un seul forfait pour les deux domaines /   h2 Pourquoi l'emplacement compte plus que le versant choisi",header nav main footer
https://ironwoodlivigno.com/blog/carosello-3000-vs-mottolino-quale-scegliere/da,1,Carosello 3000 eller Mottolino: hvilket skiområde skal du vælge,4,0,,"h1 Carosello 3000 eller Mottolino: hvilket skiområde skal du vælge /   h2 Carosello 3000: den side, der passer bedst til begyndere /   h2 Mottolino: sport, snowpark og et højere tempo /   h2 Ét liftkort til begge områder /   h2 Hvorfor beliggenheden betyder mere end valget af side",header nav main footer
https://ironwoodlivigno.com/blog/carosello-3000-vs-mottolino-quale-scegliere/no,1,Carosello 3000 eller Mottolino: hvilket skiområde bør du velge,4,0,,"h1 Carosello 3000 eller Mottolino: hvilket skiområde bør du velge /   h2 Carosello 3000: siden som passer best for nybegynnere /   h2 Mottolino: sport, snowpark og høyere tempo /   h2 Ett heiskort for begge områdene /   h2 Hvorfor beliggenheten betyr mer enn valget av side",header nav main footer
https://ironwoodlivigno.com/blog/carosello-3000-vs-mottolino-quale-scegliere/zh,1,Carosello 3000 还是 Mottolino：该选哪个雪场,4,0,,h1 Carosello 3000 还是 Mottolino：该选哪个雪场 /   h2 Carosello 3000：最适合初学者的一侧 /   h2 Mottolino：运动、单板公园和更活跃的节奏 /   h2 一张雪票通用两个雪场 /   h2 为什么住在哪里比选哪一侧更重要,header nav main footer
https://ironwoodlivigno.com/blog/carosello-3000-vs-mottolino-quale-scegliere/ja,1,カロゼッロ3000とモットリーノ：どちらのスキー場を選ぶ？,4,0,,h1 カロゼッロ3000とモットリーノ：どちらのスキー場を選ぶ？ /   h2 カロゼッロ3000：初心者に最適な斜面 /   h2 モットリーノ：スポーツ、スノーパーク、にぎやかな雰囲気 /   h2 両方のスキー場で使える共通リフト券 /   h2 斜面選びより宿の場所が大切な理由,header nav main footer
https://ironwoodlivigno.com/blog/quanto-costa-un-appartamento-a-livigno,1,Quanto costa un appartamento a Livigno: guida per stagione,4,0,,"h1 Quanto costa un appartamento a Livigno: guida per stagione /   h2 Alta stagione, bassa stagione e periodi intermedi /   h2 Cosa fa salire il prezzo, oltre alla data /   h2 Prenotare in anticipo o all'ultimo: pro e contro /   h2 Come scoprire le tariffe aggiornate di Ironwood Livigno",header nav main footer
https://ironwoodlivigno.com/blog/quanto-costa-un-appartamento-a-livigno/en,1,How Much Does an Apartment in Livigno Cost? Prices by Season,4,0,,"h1 How Much Does an Apartment in Livigno Cost? Prices by Season /   h2 High season, low season and the weeks in between /   h2 What raises the price, besides the dates /   h2 Booking early or last minute: pros and cons /   h2 How to get Ironwood Livigno's current rates",header nav main footer
https://ironwoodlivigno.com/blog/quanto-costa-un-appartamento-a-livigno/de,1,Was kostet eine Ferienwohnung in Livigno? Preise nach Saison,4,0,,"h1 Was kostet eine Ferienwohnung in Livigno? Preise nach Saison /   h2 Hochsaison, Nebensaison und die Wochen dazwischen /   h2 Was den Preis außer dem Reisedatum erhöht /   h2 Früh buchen oder Last Minute: Vor- und Nachteile /   h2 So erfahren Sie die aktuellen Preise von Ironwood Livigno",header nav main footer
https://ironwoodlivigno.com/blog/quanto-costa-un-appartamento-a-livigno/pl,1,Ile kosztuje apartament w Livigno? Ceny według sezonu,4,0,,"h1 Ile kosztuje apartament w Livigno? Ceny według sezonu /   h2 Wysoki sezon, niski sezon i tygodnie pomiędzy /   h2 Co podnosi cenę poza samym terminem /   h2 Rezerwacja wcześnie czy last minute: plusy i minusy /   h2 Jak poznać aktualne ceny Ironwood Livigno",header nav main footer
https://ironwoodlivigno.com/blog/quanto-costa-un-appartamento-a-livigno/nl,1,Wat kost een appartement in Livigno? Prijzen per seizoen,4,0,,"h1 Wat kost een appartement in Livigno? Prijzen per seizoen /   h2 Hoogseizoen, laagseizoen en de weken ertussen /   h2 Wat de prijs verhoogt, naast de data /   h2 Vroeg boeken of last minute: voor- en nadelen /   h2 Zo krijg je de actuele tarieven van Ironwood Livigno",header nav main footer
https://ironwoodlivigno.com/blog/quanto-costa-un-appartamento-a-livigno/cs,1,Kolik stojí apartmán v Livignu? Ceny podle sezóny,4,0,,"h1 Kolik stojí apartmán v Livignu? Ceny podle sezóny /   h2 Vysoká sezóna, nízká sezóna a týdny mezi nimi /   h2 Co kromě termínu zvyšuje cenu /   h2 Rezervovat dopředu, nebo na poslední chvíli: pro a proti /   h2 Jak zjistit aktuální ceny Ironwood Livigno",header nav main footer
https://ironwoodlivigno.com/blog/quanto-costa-un-appartamento-a-livigno/fr,1,Combien coûte un appartement à Livigno ? Prix par saison,4,0,,"h1 Combien coûte un appartement à Livigno ? Prix par saison /   h2 Haute saison, basse saison et semaines intermédiaires /   h2 Ce qui fait monter le prix, en plus des dates /   h2 Réserver tôt ou à la dernière minute : avantages et inconvénients /   h2 Comment connaître les tarifs actuels d'Ironwood Livigno",header nav main footer
https://ironwoodlivigno.com/blog/quanto-costa-un-appartamento-a-livigno/da,1,Hvad koster en lejlighed i Livigno? Priser efter sæson,4,0,,"h1 Hvad koster en lejlighed i Livigno? Priser efter sæson /   h2 Højsæson, lavsæson og ugerne derimellem /   h2 Hvad der hæver prisen, ud over datoerne /   h2 Book tidligt eller i sidste øjeblik: fordele og ulemper /   h2 Sådan får du Ironwood Livignos aktuelle priser",header nav main footer
https://ironwoodlivigno.com/blog/quanto-costa-un-appartamento-a-livigno/no,1,Hva koster en leilighet i Livigno? Priser etter sesong,4,0,,"h1 Hva koster en leilighet i Livigno? Priser etter sesong /   h2 Høysesong, lavsesong og ukene imellom /   h2 Hva som øker prisen, i tillegg til datoene /   h2 Bestille tidlig eller i siste liten: fordeler og ulemper /   h2 Slik får du Ironwood Livignos oppdaterte priser",header nav main footer
https://ironwoodlivigno.com/blog/quanto-costa-un-appartamento-a-livigno/zh,1,利维尼奥公寓要多少钱？各季节价格指南,4,0,,h1 利维尼奥公寓要多少钱？各季节价格指南 /   h2 旺季、淡季和中间时段 /   h2 除了日期，还有什么会推高价格 /   h2 提前预订还是最后一刻：利弊分析 /   h2 如何获取 Ironwood Livigno 的最新价格,header nav main footer
https://ironwoodlivigno.com/blog/quanto-costa-un-appartamento-a-livigno/ja,1,リヴィーニョのアパートの料金は？季節別ガイド,4,0,,h1 リヴィーニョのアパートの料金は？季節別ガイド /   h2 ハイシーズン、オフシーズン、その間の時期 /   h2 日程以外で料金が上がる要因 /   h2 早めの予約か直前予約か：メリットとデメリット /   h2 Ironwood Livignoの最新料金を知るには,header nav main footer
https://ironwoodlivigno.com/blog/appartamento-con-sauna-privata-livigno-vs-hotel,1,Appartamento con sauna privata a Livigno vs hotel,4,0,,"h1 Appartamento con sauna privata a Livigno vs hotel /   h2 Il problema della spa condivisa in hotel /   h2 Sauna e bagno turco come parte dell'appartamento, non come extra /   h2 Un rituale che diventa parte della vacanza /   h2 Per chi conviene davvero",header nav main footer
https://ironwoodlivigno.com/blog/appartamento-con-sauna-privata-livigno-vs-hotel/en,1,Apartment with a Private Sauna in Livigno vs a Hotel Spa,4,0,,"h1 Apartment with a Private Sauna in Livigno vs a Hotel Spa /   h2 The trouble with a shared hotel spa /   h2 Sauna and steam bath as part of the apartment, not an extra /   h2 A ritual that becomes part of the holiday /   h2 Who it really makes a difference for",header nav main footer
https://ironwoodlivigno.com/blog/appartamento-con-sauna-privata-livigno-vs-hotel/de,1,Ferienwohnung mit privater Sauna in Livigno oder Hotel-Spa?,4,0,,"h1 Ferienwohnung mit privater Sauna in Livigno oder Hotel-Spa? /   h2 Das Problem mit dem geteilten Hotel-Spa /   h2 Sauna und Dampfbad als Teil der Wohnung, nicht als Extra /   h2 Ein Ritual, das zum Urlaub gehört /   h2 Für wen es sich wirklich lohnt",header nav main footer
https://ironwoodlivigno.com/blog/appartamento-con-sauna-privata-livigno-vs-hotel/pl,1,Apartament z prywatną sauną w Livigno czy hotelowe spa?,4,0,,"h1 Apartament z prywatną sauną w Livigno czy hotelowe spa? /   h2 Problem wspólnego spa w hotelu /   h2 Sauna i łaźnia parowa jako część apartamentu, a nie dodatek /   h2 Rytuał, który staje się częścią urlopu /   h2 Dla kogo to naprawdę ma znaczenie",header nav main footer
https://ironwoodlivigno.com/blog/appartamento-con-sauna-privata-livigno-vs-hotel/nl,1,Appartement met privésauna in Livigno of een hotelspa?,4,0,,"h1 Appartement met privésauna in Livigno of een hotelspa? /   h2 Het probleem van een gedeelde hotelspa /   h2 Sauna en stoombad als deel van het appartement, niet als extra /   h2 Een ritueel dat bij de vakantie hoort /   h2 Voor wie het echt verschil maakt",header nav main footer
https://ironwoodlivigno.com/blog/appartamento-con-sauna-privata-livigno-vs-hotel/cs,1,"Apartmán se soukromou saunou v Livignu, nebo hotelové spa?",4,0,,"h1 Apartmán se soukromou saunou v Livignu, nebo hotelové spa? /   h2 Problém sdíleného hotelového spa /   h2 Sauna a parní lázeň jako součást apartmánu, ne jako doplněk /   h2 Rituál, který se stane součástí dovolené /   h2 Pro koho to opravdu dělá rozdíl",header nav main footer
https://ironwoodlivigno.com/blog/appartamento-con-sauna-privata-livigno-vs-hotel/fr,1,Appartement avec sauna privé à Livigno ou spa d'hôtel ?,4,0,,"h1 Appartement avec sauna privé à Livigno ou spa d'hôtel ? /   h2 Le problème du spa d'hôtel partagé /   h2 Sauna et hammam dans l'appartement, pas en option /   h2 Un rituel qui fait partie des vacances /   h2 Pour qui cela fait vraiment la différence",header nav main footer
https://ironwoodlivigno.com/blog/appartamento-con-sauna-privata-livigno-vs-hotel/da,1,Lejlighed med privat sauna i Livigno eller hotelspa?,4,0,,"h1 Lejlighed med privat sauna i Livigno eller hotelspa? /   h2 Problemet med et delt hotelspa /   h2 Sauna og dampbad som en del af lejligheden, ikke et tilkøb /   h2 Et ritual, der bliver en del af ferien /   h2 Hvem det virkelig gør en forskel for",header nav main footer
https://ironwoodlivigno.com/blog/appartamento-con-sauna-privata-livigno-vs-hotel/no,1,Leilighet med privat badstue i Livigno eller hotellspa?,4,0,,"h1 Leilighet med privat badstue i Livigno eller hotellspa? /   h2 Problemet med et delt hotellspa /   h2 Badstue og dampbad som en del av leiligheten, ikke et tillegg /   h2 Et ritual som blir en del av ferien /   h2 Hvem det virkelig gjør en forskjell for",header nav main footer
https://ironwoodlivigno.com/blog/appartamento-con-sauna-privata-livigno-vs-hotel/zh,1,利维尼奥带私人桑拿的公寓，还是酒店水疗？,4,0,,h1 利维尼奥带私人桑拿的公寓，还是酒店水疗？ /   h2 酒店共享水疗的问题 /   h2 桑拿和蒸汽浴是公寓的一部分，而非附加项目 /   h2 成为假期一部分的日常仪式 /   h2 对哪些人差别最大,header nav main footer
https://ironwoodlivigno.com/blog/appartamento-con-sauna-privata-livigno-vs-hotel/ja,1,リヴィーニョのプライベートサウナ付きアパートとホテルのスパ,4,0,,h1 リヴィーニョのプライベートサウナ付きアパートとホテルのスパ /   h2 ホテルの共用スパの問題点 /   h2 サウナとスチームバスはオプションではなくアパートの一部 /   h2 休暇の一部になる習慣 /   h2 特に差が出るのはこんな人,header nav main footer
https://ironwoodlivigno.com/blog/livigno-per-gruppi-numerosi-fino-a-6-persone,1,Livigno per gruppi numerosi: come organizzare il soggiorno,4,0,,h1 Livigno per gruppi numerosi: come organizzare il soggiorno /   h2 Quanto spazio serve davvero per un gruppo /   h2 Due bagni fanno la differenza /   h2 Cucina propria vs sempre al ristorante /   h2 Deposito sci e bici per non intasare l'ingresso,header nav main footer
https://ironwoodlivigno.com/blog/livigno-per-gruppi-numerosi-fino-a-6-persone/en,1,Livigno for Groups: How to Plan a Stay for Up to 6 People,4,0,,h1 Livigno for Groups: How to Plan a Stay for Up to 6 People /   h2 How much space a group really needs /   h2 Two bathrooms make all the difference /   h2 Your own kitchen vs eating out every night /   h2 Ski and bike storage to keep the entrance clear,header nav main footer
https://ironwoodlivigno.com/blog/livigno-per-gruppi-numerosi-fino-a-6-persone/de,1,Livigno mit der Gruppe: Aufenthalt für bis zu 6 Personen planen,4,0,,"h1 Livigno mit der Gruppe: Aufenthalt für bis zu 6 Personen planen /   h2 Wie viel Platz eine Gruppe wirklich braucht /   h2 Zwei Badezimmer machen den Unterschied /   h2 Eigene Küche statt jeden Abend ins Restaurant /   h2 Ski- und Fahrradraum, damit der Eingang frei bleibt",header nav main footer
https://ironwoodlivigno.com/blog/livigno-per-gruppi-numerosi-fino-a-6-persone/pl,1,Livigno w grupie: jak zaplanować pobyt do 6 osób,4,0,,"h1 Livigno w grupie: jak zaplanować pobyt do 6 osób /   h2 Ile miejsca naprawdę potrzebuje grupa /   h2 Dwie łazienki robią różnicę /   h2 Własna kuchnia czy zawsze restauracja /   h2 Narciarnia i rowerownia, żeby wejście było wolne",header nav main footer
https://ironwoodlivigno.com/blog/livigno-per-gruppi-numerosi-fino-a-6-persone/nl,1,Livigno met een groep: een verblijf tot 6 personen plannen,4,0,,"h1 Livigno met een groep: een verblijf tot 6 personen plannen /   h2 Hoeveel ruimte een groep echt nodig heeft /   h2 Twee badkamers maken het verschil /   h2 Een eigen keuken of elke avond uit eten /   h2 Ski- en fietsberging, zodat de hal vrij blijft",header nav main footer
https://ironwoodlivigno.com/blog/livigno-per-gruppi-numerosi-fino-a-6-persone/cs,1,Livigno ve skupině: jak naplánovat pobyt až pro 6 osob,4,0,,"h1 Livigno ve skupině: jak naplánovat pobyt až pro 6 osob /   h2 Kolik prostoru skupina opravdu potřebuje /   h2 Dvě koupelny dělají rozdíl /   h2 Vlastní kuchyně, nebo pořád restaurace /   h2 Lyžárna a kolárna, aby vchod zůstal volný",header nav main footer
https://ironwoodlivigno.com/blog/livigno-per-gruppi-numerosi-fino-a-6-persone/fr,1,Livigno en groupe : organiser un séjour jusqu'à 6 personnes,4,0,,h1 Livigno en groupe : organiser un séjour jusqu'à 6 personnes /   h2 De combien d'espace un groupe a vraiment besoin /   h2 Deux salles de bains font la différence /   h2 Sa propre cuisine ou le restaurant tous les soirs /   h2 Un local à skis et à vélos pour libérer l'entrée,header nav main footer
https://ironwoodlivigno.com/blog/livigno-per-gruppi-numerosi-fino-a-6-persone/da,1,Livigno med en gruppe: ophold for op til 6 personer,4,0,,"h1 Livigno med en gruppe: ophold for op til 6 personer /   h2 Hvor meget plads en gruppe virkelig har brug for /   h2 To badeværelser gør forskellen /   h2 Eget køkken eller restaurant hver aften /   h2 Ski- og cykelrum, så entréen er fri",header nav main footer
https://ironwoodlivigno.com/blog/livigno-per-gruppi-numerosi-fino-a-6-persone/no,1,Livigno med en gruppe: opphold for opptil 6 personer,4,0,,"h1 Livigno med en gruppe: opphold for opptil 6 personer /   h2 Hvor mye plass en gruppe egentlig trenger /   h2 To bad gjør forskjellen /   h2 Eget kjøkken eller restaurant hver kveld /   h2 Ski- og sykkelrom, så gangen holdes fri",header nav main footer
https://ironwoodlivigno.com/blog/livigno-per-gruppi-numerosi-fino-a-6-persone/zh,1,多人结伴游利维尼奥：如何安排 6 人住宿,4,0,,h1 多人结伴游利维尼奥：如何安排 6 人住宿 /   h2 一个团体真正需要多大空间 /   h2 两个卫生间大不一样 /   h2 自己做饭还是每晚下馆子 /   h2 雪具和单车存放室，让门口保持整洁,header nav main footer
https://ironwoodlivigno.com/blog/livigno-per-gruppi-numerosi-fino-a-6-persone/ja,1,グループでリヴィーニョへ：最大6名の滞在の計画,4,0,,h1 グループでリヴィーニョへ：最大6名の滞在の計画 /   h2 グループに本当に必要な広さ /   h2 バスルームが2つあると大違い /   h2 自炊か毎晩の外食か /   h2 スキーと自転車の収納室で玄関をすっきり,header nav main footer
https://ironwoodlivigno.com/blog/deposito-sci-e-attrezzatura-a-livigno-cosa-cercare,1,Deposito sci e attrezzatura a Livigno: cosa cercare,4,0,,"h1 Deposito sci e attrezzatura a Livigno: cosa cercare /   h2 Perché non è solo una comodità /   h2 Cosa cercare: spazio, riscaldamento, sicurezza /   h2 Il deposito sci e bici di Ironwood Livigno /   h2 Un dettaglio che si sente soprattutto con bambini o gruppi",header nav main footer
https://ironwoodlivigno.com/blog/deposito-sci-e-attrezzatura-a-livigno-cosa-cercare/en,1,Ski Storage in Livigno: What to Look For in Your Accommodation,4,0,,"h1 Ski Storage in Livigno: What to Look For in Your Accommodation /   h2 Why it's more than a convenience /   h2 What to look for: space, heating, security /   h2 Ironwood Livigno's ski and bike storage /   h2 A detail you notice most with children or groups",header nav main footer
https://ironwoodlivigno.com/blog/deposito-sci-e-attrezzatura-a-livigno-cosa-cercare/de,1,Skiraum in Livigno: Worauf Sie bei der Unterkunft achten sollten,4,0,,"h1 Skiraum in Livigno: Worauf Sie bei der Unterkunft achten sollten /   h2 Warum es mehr als nur Komfort ist /   h2 Worauf Sie achten sollten: Platz, Heizung, Sicherheit /   h2 Der Ski- und Fahrradraum von Ironwood Livigno /   h2 Ein Detail, das man mit Kindern oder in der Gruppe besonders merkt",header nav main footer
https://ironwoodlivigno.com/blog/deposito-sci-e-attrezzatura-a-livigno-cosa-cercare/pl,1,Narciarnia w Livigno: na co zwrócić uwagę przy wyborze noclegu,4,0,,"h1 Narciarnia w Livigno: na co zwrócić uwagę przy wyborze noclegu /   h2 Dlaczego to coś więcej niż wygoda /   h2 Na co zwrócić uwagę: miejsce, ogrzewanie, bezpieczeństwo /   h2 Narciarnia i rowerownia Ironwood Livigno /   h2 Szczegół, który docenisz zwłaszcza z dziećmi lub w grupie",header nav main footer
https://ironwoodlivigno.com/blog/deposito-sci-e-attrezzatura-a-livigno-cosa-cercare/nl,1,Skiberging in Livigno: waar je op let bij je accommodatie,4,0,,"h1 Skiberging in Livigno: waar je op let bij je accommodatie /   h2 Waarom het meer is dan gemak /   h2 Waar je op let: ruimte, verwarming, veiligheid /   h2 De ski- en fietsberging van Ironwood Livigno /   h2 Een detail dat je vooral merkt met kinderen of een groep",header nav main footer
https://ironwoodlivigno.com/blog/deposito-sci-e-attrezzatura-a-livigno-cosa-cercare/cs,1,Lyžárna v Livignu: na co se dívat při výběru ubytování,4,0,,"h1 Lyžárna v Livignu: na co se dívat při výběru ubytování /   h2 Proč nejde jen o pohodlí /   h2 Na co se dívat: místo, vytápění, bezpečnost /   h2 Lyžárna a kolárna Ironwood Livigno /   h2 Detail, který oceníte hlavně s dětmi nebo ve skupině",header nav main footer
https://ironwoodlivigno.com/blog/deposito-sci-e-attrezzatura-a-livigno-cosa-cercare/fr,1,Local à skis à Livigno : que vérifier dans votre hébergement,4,0,,"h1 Local à skis à Livigno : que vérifier dans votre hébergement /   h2 Pourquoi ce n'est pas qu'une question de confort /   h2 Ce qu'il faut vérifier : espace, chauffage, sécurité /   h2 Le local à skis et à vélos d'Ironwood Livigno /   h2 Un détail qui compte surtout avec des enfants ou en groupe",header nav main footer
https://ironwoodlivigno.com/blog/deposito-sci-e-attrezzatura-a-livigno-cosa-cercare/da,1,Skirum i Livigno: hvad du skal kigge efter i din bolig,4,0,,"h1 Skirum i Livigno: hvad du skal kigge efter i din bolig /   h2 Hvorfor det er mere end bekvemmelighed /   h2 Hvad du skal kigge efter: plads, varme, sikkerhed /   h2 Ski- og cykelrummet på Ironwood Livigno /   h2 En detalje, du især mærker med børn eller i en gruppe",header nav main footer
https://ironwoodlivigno.com/blog/deposito-sci-e-attrezzatura-a-livigno-cosa-cercare/no,1,Skirom i Livigno: hva du bør se etter i overnattingen,4,0,,"h1 Skirom i Livigno: hva du bør se etter i overnattingen /   h2 Hvorfor det er mer enn komfort /   h2 Hva du bør se etter: plass, varme, sikkerhet /   h2 Ski- og sykkelrommet på Ironwood Livigno /   h2 En detalj du særlig merker med barn eller i en gruppe",header nav main footer
https://ironwoodlivigno.com/blog/deposito-sci-e-attrezzatura-a-livigno-cosa-cercare/zh,1,利维尼奥雪具存放：选住宿时要注意什么,4,0,,h1 利维尼奥雪具存放：选住宿时要注意什么 /   h2 为什么不只是方便 /   h2 要注意什么：空间、供暖、安全 /   h2 Ironwood Livigno 的雪具和单车存放室 /   h2 带孩子或团体出行时最能体会的细节,header nav main footer
https://ironwoodlivigno.com/blog/deposito-sci-e-attrezzatura-a-livigno-cosa-cercare/ja,1,リヴィーニョのスキールーム：宿選びでチェックしたい点,4,0,,h1 リヴィーニョのスキールーム：宿選びでチェックしたい点 /   h2 単なる便利さ以上の理由 /   h2 チェックしたい点：広さ、暖房、安全性 /   h2 Ironwood Livignoのスキー・自転車収納室 /   h2 子ども連れやグループだと特に実感する設備,header nav main footer
https://ironwoodlivigno.com/blog/quando-prenotare-livigno-calendario-stagionale,1,Quando prenotare Livigno: calendario stagionale,4,0,,h1 Quando prenotare Livigno: calendario stagionale /   h2 Il calendario invernale /   h2 Il calendario estivo /   h2 I periodi di punta da prenotare con più anticipo /   h2 Consiglio pratico su quando muoversi,header nav main footer
https://ironwoodlivigno.com/blog/quando-prenotare-livigno-calendario-stagionale/en,1,When to Book Livigno: A Seasonal Calendar,4,0,,h1 When to Book Livigno: A Seasonal Calendar /   h2 The winter calendar /   h2 The summer calendar /   h2 The peak periods to book furthest ahead /   h2 A practical tip on timing,header nav main footer
https://ironwoodlivigno.com/blog/quando-prenotare-livigno-calendario-stagionale/de,1,Wann Livigno buchen? Der Saisonkalender,4,0,,"h1 Wann Livigno buchen? Der Saisonkalender /   h2 Der Winterkalender /   h2 Der Sommerkalender /   h2 Die Spitzenzeiten, die Sie am frühesten buchen sollten /   h2 Ein praktischer Tipp zum richtigen Zeitpunkt",header nav main footer
https://ironwoodlivigno.com/blog/quando-prenotare-livigno-calendario-stagionale/pl,1,Kiedy rezerwować Livigno: kalendarz sezonów,4,0,,"h1 Kiedy rezerwować Livigno: kalendarz sezonów /   h2 Kalendarz zimowy /   h2 Kalendarz letni /   h2 Okresy szczytu, które rezerwuje się najwcześniej /   h2 Praktyczna rada, kiedy jechać",header nav main footer
https://ironwoodlivigno.com/blog/quando-prenotare-livigno-calendario-stagionale/nl,1,Wanneer Livigno boeken: de seizoenskalender,4,0,,h1 Wanneer Livigno boeken: de seizoenskalender /   h2 De winterkalender /   h2 De zomerkalender /   h2 De drukke periodes die je het vroegst boekt /   h2 Een praktische tip over timing,header nav main footer
https://ironwoodlivigno.com/blog/quando-prenotare-livigno-calendario-stagionale/cs,1,Kdy rezervovat Livigno: sezónní kalendář,4,0,,"h1 Kdy rezervovat Livigno: sezónní kalendář /   h2 Zimní kalendář /   h2 Letní kalendář /   h2 Špičková období, která je třeba rezervovat nejdřív /   h2 Praktická rada, kdy vyrazit",header nav main footer
https://ironwoodlivigno.com/blog/quando-prenotare-livigno-calendario-stagionale/fr,1,Quand réserver Livigno : le calendrier des saisons,4,0,,h1 Quand réserver Livigno : le calendrier des saisons /   h2 Le calendrier d'hiver /   h2 Le calendrier d'été /   h2 Les périodes de pointe à réserver le plus tôt /   h2 Un conseil pratique sur le bon moment,header nav main footer
https://ironwoodlivigno.com/blog/quando-prenotare-livigno-calendario-stagionale/da,1,Hvornår skal man booke Livigno: sæsonkalenderen,4,0,,"h1 Hvornår skal man booke Livigno: sæsonkalenderen /   h2 Vinterkalenderen /   h2 Sommerkalenderen /   h2 Spidsperioderne, der skal bookes tidligst /   h2 Et praktisk råd om timing",header nav main footer
https://ironwoodlivigno.com/blog/quando-prenotare-livigno-calendario-stagionale/no,1,Når bør du bestille Livigno: sesongkalenderen,4,0,,h1 Når bør du bestille Livigno: sesongkalenderen /   h2 Vinterkalenderen /   h2 Sommerkalenderen /   h2 Toppperiodene som bør bestilles tidligst /   h2 Et praktisk tips om timing,header nav main footer
https://ironwoodlivigno.com/blog/quando-prenotare-livigno-calendario-stagionale/zh,1,什么时候预订利维尼奥：季节日历,4,0,,h1 什么时候预订利维尼奥：季节日历 /   h2 冬季日历 /   h2 夏季日历 /   h2 需要最早预订的旺季 /   h2 关于出行时间的实用建议,header nav main footer
https://ironwoodlivigno.com/blog/quando-prenotare-livigno-calendario-stagionale/ja,1,リヴィーニョはいつ予約する？季節カレンダー,4,0,,h1 リヴィーニョはいつ予約する？季節カレンダー /   h2 冬のカレンダー /   h2 夏のカレンダー /   h2 早めの予約が必要な繁忙期 /   h2 時期選びの実用的なアドバイス,header nav main footer
https://ironwoodlivigno.com/blog/vacanza-senza-pensieri-a-livigno-colazione-ed-e-bike,1,Vacanza senza pensieri a Livigno: colazione ed e-bike,4,0,,"h1 Vacanza senza pensieri a Livigno: colazione ed e-bike /   h2 Colazione su richiesta, a due passi da casa /   h2 Noleggio e-bike direttamente in struttura /   h2 Per chi è utile davvero /   h2 Come richiederli",header nav main footer
https://ironwoodlivigno.com/blog/vacanza-senza-pensieri-a-livigno-colazione-ed-e-bike/en,1,A Carefree Holiday in Livigno: Breakfast and E-Bike Rental,4,0,,"h1 A Carefree Holiday in Livigno: Breakfast and E-Bike Rental /   h2 Breakfast on request, a few steps from home /   h2 E-bike rental straight from the apartment /   h2 Who they are really useful for /   h2 How to request them",header nav main footer
https://ironwoodlivigno.com/blog/vacanza-senza-pensieri-a-livigno-colazione-ed-e-bike/de,1,Sorgenfreier Urlaub in Livigno: Frühstück und E-Bike-Verleih,4,0,,"h1 Sorgenfreier Urlaub in Livigno: Frühstück und E-Bike-Verleih /   h2 Frühstück auf Anfrage, nur ein paar Schritte entfernt /   h2 E-Bike-Verleih direkt ab der Wohnung /   h2 Für wen sie wirklich nützlich sind /   h2 So fragen Sie sie an",header nav main footer
https://ironwoodlivigno.com/blog/vacanza-senza-pensieri-a-livigno-colazione-ed-e-bike/pl,1,Beztroski urlop w Livigno: śniadanie i rowery elektryczne,4,0,,"h1 Beztroski urlop w Livigno: śniadanie i rowery elektryczne /   h2 Śniadanie na życzenie, kilka kroków od domu /   h2 Rowery elektryczne prosto z apartamentu /   h2 Dla kogo są naprawdę przydatne /   h2 Jak je zamówić",header nav main footer
https://ironwoodlivigno.com/blog/vacanza-senza-pensieri-a-livigno-colazione-ed-e-bike/nl,1,Zorgeloze vakantie in Livigno: ontbijt en e-bikeverhuur,4,0,,"h1 Zorgeloze vakantie in Livigno: ontbijt en e-bikeverhuur /   h2 Ontbijt op aanvraag, op een paar stappen van huis /   h2 E-bikeverhuur direct vanaf het appartement /   h2 Voor wie ze echt nuttig zijn /   h2 Zo vraag je ze aan",header nav main footer
https://ironwoodlivigno.com/blog/vacanza-senza-pensieri-a-livigno-colazione-ed-e-bike/cs,1,Bezstarostná dovolená v Livignu: snídaně a elektrokola,4,0,,"h1 Bezstarostná dovolená v Livignu: snídaně a elektrokola /   h2 Snídaně na požádání, pár kroků od domu /   h2 Půjčení elektrokol přímo v apartmánu /   h2 Pro koho se opravdu hodí /   h2 Jak si je objednat",header nav main footer
https://ironwoodlivigno.com/blog/vacanza-senza-pensieri-a-livigno-colazione-ed-e-bike/fr,1,Vacances sans souci à Livigno : petit-déjeuner et VTT électrique,4,0,,"h1 Vacances sans souci à Livigno : petit-déjeuner et VTT électrique /   h2 Petit-déjeuner sur demande, à deux pas /   h2 Location de VTT électriques depuis l'appartement /   h2 Pour qui ils sont vraiment utiles /   h2 Comment les demander",header nav main footer
https://ironwoodlivigno.com/blog/vacanza-senza-pensieri-a-livigno-colazione-ed-e-bike/da,1,Bekymringsfri ferie i Livigno: morgenmad og elcykler,4,0,,"h1 Bekymringsfri ferie i Livigno: morgenmad og elcykler /   h2 Morgenmad på forespørgsel, et par skridt fra døren /   h2 Leje af elcykler direkte fra lejligheden /   h2 Hvem de virkelig er nyttige for /   h2 Sådan bestiller du dem",header nav main footer
https://ironwoodlivigno.com/blog/vacanza-senza-pensieri-a-livigno-colazione-ed-e-bike/no,1,Bekymringsfri ferie i Livigno: frokost og elsykler,4,0,,"h1 Bekymringsfri ferie i Livigno: frokost og elsykler /   h2 Frokost på forespørsel, noen skritt unna /   h2 Utleie av elsykler rett fra leiligheten /   h2 Hvem de virkelig er nyttige for /   h2 Slik bestiller du dem",header nav main footer
https://ironwoodlivigno.com/blog/vacanza-senza-pensieri-a-livigno-colazione-ed-e-bike/zh,1,轻松畅游利维尼奥：早餐和电动山地车租赁,4,0,,h1 轻松畅游利维尼奥：早餐和电动山地车租赁 /   h2 预约早餐，就在家门口 /   h2 直接从公寓租用电动山地车 /   h2 对哪些人最实用 /   h2 如何预约,header nav main footer
https://ironwoodlivigno.com/blog/vacanza-senza-pensieri-a-livigno-colazione-ed-e-bike/ja,1,リヴィーニョで気ままな休暇を：朝食とe-バイクレンタル,4,0,,h1 リヴィーニョで気ままな休暇を：朝食とe-バイクレンタル /   h2 リクエスト制の朝食、家からすぐ /   h2 アパートから直接e-バイクをレンタル /   h2 特に便利なのはこんな人 /   h2 申し込み方法,header nav main footer
https://ironwoodlivigno.com/blog/livigno-tax-free-guida-per-chi-arriva-dallestero,1,Livigno tax free: guida pratica per chi arriva dall'estero,4,0,,"h1 Livigno tax free: guida pratica per chi arriva dall'estero /   h2 Cosa significa ""zona franca"" /   h2 Cosa conviene comprare /   h2 Limiti di franchigia per chi rientra all'estero /   h2 Un consiglio pratico prima di fare acquisti importanti",header nav main footer
https://ironwoodlivigno.com/blog/livigno-tax-free-guida-per-chi-arriva-dallestero/en,1,Livigno Tax Free: A Practical Guide for Visitors from Abroad,4,0,,"h1 Livigno Tax Free: A Practical Guide for Visitors from Abroad /   h2 What ""customs-free zone"" means /   h2 What's worth buying /   h2 Duty-free allowances when you go home /   h2 A practical tip before making larger purchases",header nav main footer
https://ironwoodlivigno.com/blog/livigno-tax-free-guida-per-chi-arriva-dallestero/de,1,Livigno zollfrei: Praktischer Guide für Gäste aus dem Ausland,4,0,,h1 Livigno zollfrei: Praktischer Guide für Gäste aus dem Ausland /   h2 Was „Zollfreizone“ bedeutet /   h2 Was sich zu kaufen lohnt /   h2 Freimengen bei der Rückreise /   h2 Ein praktischer Tipp vor größeren Einkäufen,header nav main footer
https://ironwoodlivigno.com/blog/livigno-tax-free-guida-per-chi-arriva-dallestero/pl,1,Livigno bez cła: praktyczny przewodnik dla gości z zagranicy,4,0,,h1 Livigno bez cła: praktyczny przewodnik dla gości z zagranicy /   h2 Co oznacza „strefa wolnocłowa” /   h2 Co warto kupić /   h2 Limity celne przy powrocie do domu /   h2 Praktyczna rada przed większymi zakupami,header nav main footer
https://ironwoodlivigno.com/blog/livigno-tax-free-guida-per-chi-arriva-dallestero/nl,1,Livigno belastingvrij: praktische gids voor buitenlanders,4,0,,h1 Livigno belastingvrij: praktische gids voor buitenlanders /   h2 Wat „douanevrije zone” betekent /   h2 Wat de moeite waard is om te kopen /   h2 Vrijstellingen bij terugkeer naar huis /   h2 Een praktische tip vóór grote aankopen,header nav main footer
https://ironwoodlivigno.com/blog/livigno-tax-free-guida-per-chi-arriva-dallestero/cs,1,Livigno bez cla: praktický průvodce pro návštěvníky ze zahraničí,4,0,,h1 Livigno bez cla: praktický průvodce pro návštěvníky ze zahraničí /   h2 Co znamená „bezcelní zóna” /   h2 Co se vyplatí koupit /   h2 Celní limity při návratu domů /   h2 Praktická rada před většími nákupy,header nav main footer
https://ironwoodlivigno.com/blog/livigno-tax-free-guida-per-chi-arriva-dallestero/fr,1,Livigno détaxé : guide pratique pour les visiteurs étrangers,4,0,,h1 Livigno détaxé : guide pratique pour les visiteurs étrangers /   h2 Ce que signifie « zone franche » /   h2 Ce qu'il vaut la peine d'acheter /   h2 Les franchises au retour /   h2 Un conseil pratique avant de gros achats,header nav main footer
https://ironwoodlivigno.com/blog/livigno-tax-free-guida-per-chi-arriva-dallestero/da,1,Livigno toldfrit: praktisk guide til udenlandske gæster,4,0,,"h1 Livigno toldfrit: praktisk guide til udenlandske gæster /   h2 Hvad „toldfri zone” betyder /   h2 Hvad der er værd at købe /   h2 Toldfrie mængder, når du rejser hjem /   h2 Et praktisk råd før større indkøb",header nav main footer
https://ironwoodlivigno.com/blog/livigno-tax-free-guida-per-chi-arriva-dallestero/no,1,Livigno tollfritt: praktisk guide for utenlandske gjester,4,0,,h1 Livigno tollfritt: praktisk guide for utenlandske gjester /   h2 Hva «tollfri sone» betyr /   h2 Hva som er verdt å kjøpe /   h2 Tollkvoter når du reiser hjem /   h2 Et praktisk tips før større innkjøp,header nav main footer
https://ironwoodlivigno.com/blog/livigno-tax-free-guida-per-chi-arriva-dallestero/zh,1,利维尼奥免税：外国游客实用指南,4,0,,h1 利维尼奥免税：外国游客实用指南 /   h2 “免税区”是什么意思 /   h2 哪些东西值得买 /   h2 回国时的免税限额 /   h2 大额购物前的实用建议,header nav main footer
https://ironwoodlivigno.com/blog/livigno-tax-free-guida-per-chi-arriva-dallestero/ja,1,リヴィーニョの免税：海外から訪れる人のための実用ガイド,4,0,,h1 リヴィーニョの免税：海外から訪れる人のための実用ガイド /   h2 「免税地区」とは /   h2 買う価値のあるもの /   h2 帰国時の免税範囲 /   h2 大きな買い物の前の実用的なアドバイス,header nav main footer
https://ironwoodlivigno.com/blog/migliori-periodi-per-evitare-la-folla-a-livigno,1,I migliori periodi per evitare la folla a Livigno,4,0,,h1 I migliori periodi per evitare la folla a Livigno /   h2 I periodi più affollati /   h2 Le finestre più tranquille /   h2 Vantaggi pratici di viaggiare fuori dai periodi di punta /   h2 Un equilibrio possibile,header nav main footer
https://ironwoodlivigno.com/blog/migliori-periodi-per-evitare-la-folla-a-livigno/en,1,The Best Times to Avoid the Crowds in Livigno,4,0,,h1 The Best Times to Avoid the Crowds in Livigno /   h2 The busiest periods /   h2 The quieter windows /   h2 Practical benefits of travelling off-peak /   h2 A workable balance,header nav main footer
https://ironwoodlivigno.com/blog/migliori-periodi-per-evitare-la-folla-a-livigno/de,1,"Die besten Reisezeiten, um in Livigno den Massen zu entgehen",4,0,,"h1 Die besten Reisezeiten, um in Livigno den Massen zu entgehen /   h2 Die vollsten Zeiträume /   h2 Die ruhigeren Zeitfenster /   h2 Praktische Vorteile außerhalb der Spitzenzeiten /   h2 Ein guter Kompromiss",header nav main footer
https://ironwoodlivigno.com/blog/migliori-periodi-per-evitare-la-folla-a-livigno/pl,1,"Najlepsze terminy, by uniknąć tłumów w Livigno",4,0,,"h1 Najlepsze terminy, by uniknąć tłumów w Livigno /   h2 Najbardziej zatłoczone okresy /   h2 Spokojniejsze okresy /   h2 Praktyczne zalety wyjazdu poza szczytem /   h2 Rozsądny kompromis",header nav main footer
https://ironwoodlivigno.com/blog/migliori-periodi-per-evitare-la-folla-a-livigno/nl,1,De beste periodes om de drukte in Livigno te vermijden,4,0,,h1 De beste periodes om de drukte in Livigno te vermijden /   h2 De drukste periodes /   h2 De rustigere periodes /   h2 Praktische voordelen van reizen buiten de pieken /   h2 Een haalbaar evenwicht,header nav main footer
https://ironwoodlivigno.com/blog/migliori-periodi-per-evitare-la-folla-a-livigno/cs,1,"Nejlepší termíny, jak se v Livignu vyhnout davům",4,0,,"h1 Nejlepší termíny, jak se v Livignu vyhnout davům /   h2 Nejrušnější období /   h2 Klidnější období /   h2 Praktické výhody cestování mimo špičku /   h2 Rozumný kompromis",header nav main footer
https://ironwoodlivigno.com/blog/migliori-periodi-per-evitare-la-folla-a-livigno/fr,1,Les meilleures périodes pour éviter la foule à Livigno,4,0,,h1 Les meilleures périodes pour éviter la foule à Livigno /   h2 Les périodes les plus fréquentées /   h2 Les périodes plus calmes /   h2 Les avantages pratiques de voyager hors pointe /   h2 Un équilibre possible,header nav main footer
https://ironwoodlivigno.com/blog/migliori-periodi-per-evitare-la-folla-a-livigno/da,1,De bedste tidspunkter at undgå trængsel i Livigno,4,0,,h1 De bedste tidspunkter at undgå trængsel i Livigno /   h2 De travleste perioder /   h2 De roligere perioder /   h2 Praktiske fordele ved at rejse uden for spidsperioderne /   h2 En mulig balance,header nav main footer
https://ironwoodlivigno.com/blog/migliori-periodi-per-evitare-la-folla-a-livigno/no,1,De beste tidspunktene for å unngå trengsel i Livigno,4,0,,h1 De beste tidspunktene for å unngå trengsel i Livigno /   h2 De travleste periodene /   h2 De roligere periodene /   h2 Praktiske fordeler ved å reise utenom toppene /   h2 En mulig balanse,header nav main footer
https://ironwoodlivigno.com/blog/migliori-periodi-per-evitare-la-folla-a-livigno/zh,1,避开利维尼奥人潮的最佳时间,4,0,,h1 避开利维尼奥人潮的最佳时间 /   h2 最拥挤的时段 /   h2 较清静的时段 /   h2 避开高峰出行的实际好处 /   h2 一个可行的平衡,header nav main footer
https://ironwoodlivigno.com/blog/migliori-periodi-per-evitare-la-folla-a-livigno/ja,1,リヴィーニョの混雑を避けるベストシーズン,4,0,,h1 リヴィーニョの混雑を避けるベストシーズン /   h2 最も混み合う時期 /   h2 比較的空いている時期 /   h2 ピークを外して旅するメリット /   h2 ちょうどいいバランス,header nav main footer
https://ironwoodlivigno.com/blog/livigno-con-il-cane-regole-e-alternative,1,Livigno con il cane: regole e alternative,4,0,,h1 Livigno con il cane: regole e alternative /   h2 Ironwood Livigno non accetta animali /   h2 Regole generali per chi porta il cane in montagna /   h2 Alternative per chi viaggia con il cane a Livigno /   h2 Il nostro consiglio,header nav main footer
https://ironwoodlivigno.com/blog/livigno-con-il-cane-regole-e-alternative/en,1,Livigno with Your Dog: Rules and Alternatives,4,0,,h1 Livigno with Your Dog: Rules and Alternatives /   h2 Ironwood Livigno doesn't accept pets /   h2 General rules for bringing a dog to the mountains /   h2 Alternatives if you travel with a dog to Livigno /   h2 Our advice,header nav main footer
https://ironwoodlivigno.com/blog/livigno-con-il-cane-regole-e-alternative/de,1,Livigno mit Hund: Regeln und Alternativen,4,0,,h1 Livigno mit Hund: Regeln und Alternativen /   h2 Ironwood Livigno nimmt keine Haustiere auf /   h2 Allgemeine Regeln für Hunde in den Bergen /   h2 Alternativen für Reisende mit Hund in Livigno /   h2 Unser Rat,header nav main footer
https://ironwoodlivigno.com/blog/livigno-con-il-cane-regole-e-alternative/pl,1,Livigno z psem: zasady i alternatywy,4,0,,h1 Livigno z psem: zasady i alternatywy /   h2 Ironwood Livigno nie przyjmuje zwierząt /   h2 Ogólne zasady dla psów w górach /   h2 Alternatywy dla podróżujących z psem do Livigno /   h2 Nasza rada,header nav main footer
https://ironwoodlivigno.com/blog/livigno-con-il-cane-regole-e-alternative/nl,1,Livigno met je hond: regels en alternatieven,4,0,,h1 Livigno met je hond: regels en alternatieven /   h2 Ironwood Livigno accepteert geen huisdieren /   h2 Algemene regels voor honden in de bergen /   h2 Alternatieven als je met je hond naar Livigno reist /   h2 Ons advies,header nav main footer
https://ironwoodlivigno.com/blog/livigno-con-il-cane-regole-e-alternative/cs,1,Livigno se psem: pravidla a alternativy,4,0,,"h1 Livigno se psem: pravidla a alternativy /   h2 Ironwood Livigno nepřijímá zvířata /   h2 Obecná pravidla pro psy na horách /   h2 Alternativy pro ty, kdo jedou do Livigna se psem /   h2 Naše rada",header nav main footer
https://ironwoodlivigno.com/blog/livigno-con-il-cane-regole-e-alternative/fr,1,Livigno avec son chien : règles et alternatives,4,0,,h1 Livigno avec son chien : règles et alternatives /   h2 Ironwood Livigno n'accepte pas les animaux /   h2 Règles générales pour les chiens à la montagne /   h2 Alternatives si vous venez à Livigno avec votre chien /   h2 Notre conseil,header nav main footer
https://ironwoodlivigno.com/blog/livigno-con-il-cane-regole-e-alternative/da,1,Livigno med hund: regler og alternativer,4,0,,"h1 Livigno med hund: regler og alternativer /   h2 Ironwood Livigno tager ikke imod dyr /   h2 Generelle regler for hunde i bjergene /   h2 Alternativer, hvis du rejser til Livigno med hund /   h2 Vores råd",header nav main footer
https://ironwoodlivigno.com/blog/livigno-con-il-cane-regole-e-alternative/no,1,Hund på ferie i Livigno: regler og alternativer,4,0,,h1 Hund på ferie i Livigno: regler og alternativer /   h2 Ironwood Livigno tar ikke imot dyr /   h2 Generelle regler for hunder på fjellet /   h2 Alternativer hvis du reiser til Livigno med hund /   h2 Vårt råd,header nav main footer
https://ironwoodlivigno.com/blog/livigno-con-il-cane-regole-e-alternative/zh,1,带狗去利维尼奥：规定与替代方案,4,0,,h1 带狗去利维尼奥：规定与替代方案 /   h2 Ironwood Livigno 不接待宠物 /   h2 在山区带狗的一般规定 /   h2 带狗去利维尼奥的替代方案 /   h2 我们的建议,header nav main footer
https://ironwoodlivigno.com/blog/livigno-con-il-cane-regole-e-alternative/ja,1,犬と一緒にリヴィーニョへ：ルールと代わりの選択肢,4,0,,h1 犬と一緒にリヴィーニョへ：ルールと代わりの選択肢 /   h2 Ironwood Livignoはペット不可です /   h2 山で犬を連れる際の一般的なルール /   h2 犬と一緒にリヴィーニョへ行くなら /   h2 私たちからのアドバイス,header nav main footer
https://ironwoodlivigno.com/blog/da-dove-ammirare-il-tramonto-a-livigno,1,Da dove ammirare il tramonto a Livigno,4,0,,h1 Da dove ammirare il tramonto a Livigno /   h2 Perché Livigno è un posto speciale per i tramonti /   h2 Vista dai sentieri in quota /   h2 Vista dal Lago di Livigno /   h2 Il tramonto visto da casa,header nav main footer
https://ironwoodlivigno.com/blog/da-dove-ammirare-il-tramonto-a-livigno/en,1,Where to Watch the Sunset in Livigno,4,0,,h1 Where to Watch the Sunset in Livigno /   h2 Why Livigno is a special place for sunsets /   h2 The view from the high trails /   h2 The view from Lake Livigno /   h2 The sunset from home,header nav main footer
https://ironwoodlivigno.com/blog/da-dove-ammirare-il-tramonto-a-livigno/de,1,Die schönsten Orte für den Sonnenuntergang in Livigno,4,0,,h1 Die schönsten Orte für den Sonnenuntergang in Livigno /   h2 Warum Livigno ein besonderer Ort für Sonnenuntergänge ist /   h2 Der Blick von den Höhenwegen /   h2 Der Blick vom Lago di Livigno /   h2 Der Sonnenuntergang von zu Hause,header nav main footer
https://ironwoodlivigno.com/blog/da-dove-ammirare-il-tramonto-a-livigno/pl,1,Gdzie podziwiać zachód słońca w Livigno,4,0,,h1 Gdzie podziwiać zachód słońca w Livigno /   h2 Dlaczego Livigno to wyjątkowe miejsce na zachody słońca /   h2 Widok ze szlaków wysokogórskich /   h2 Widok znad jeziora Lago di Livigno /   h2 Zachód słońca z domu,header nav main footer
https://ironwoodlivigno.com/blog/da-dove-ammirare-il-tramonto-a-livigno/nl,1,Waar je de zonsondergang in Livigno het best ziet,4,0,,h1 Waar je de zonsondergang in Livigno het best ziet /   h2 Waarom Livigno een bijzondere plek is voor zonsondergangen /   h2 Het uitzicht vanaf de paden op hoogte /   h2 Het uitzicht vanaf het Lago di Livigno /   h2 De zonsondergang vanuit huis,header nav main footer
https://ironwoodlivigno.com/blog/da-dove-ammirare-il-tramonto-a-livigno/cs,1,Odkud v Livignu pozorovat západ slunce,4,0,,h1 Odkud v Livignu pozorovat západ slunce /   h2 Proč je Livigno výjimečné místo pro západy slunce /   h2 Výhled z vysokohorských stezek /   h2 Výhled od jezera Lago di Livigno /   h2 Západ slunce z domova,header nav main footer
https://ironwoodlivigno.com/blog/da-dove-ammirare-il-tramonto-a-livigno/fr,1,Où admirer le coucher de soleil à Livigno,4,0,,h1 Où admirer le coucher de soleil à Livigno /   h2 Pourquoi Livigno est un lieu particulier pour les couchers de soleil /   h2 La vue depuis les sentiers d'altitude /   h2 La vue depuis le lac de Livigno /   h2 Le coucher de soleil depuis l'appartement,header nav main footer
https://ironwoodlivigno.com/blog/da-dove-ammirare-il-tramonto-a-livigno/da,1,Hvor du kan se solnedgangen i Livigno,4,0,,h1 Hvor du kan se solnedgangen i Livigno /   h2 Hvorfor Livigno er et særligt sted for solnedgange /   h2 Udsigten fra stierne i højden /   h2 Udsigten fra Lago di Livigno /   h2 Solnedgangen hjemmefra,header nav main footer
https://ironwoodlivigno.com/blog/da-dove-ammirare-il-tramonto-a-livigno/no,1,Her ser du solnedgangen best i Livigno,4,0,,h1 Her ser du solnedgangen best i Livigno /   h2 Hvorfor Livigno er et spesielt sted for solnedganger /   h2 Utsikten fra stiene i høyden /   h2 Utsikten fra Lago di Livigno /   h2 Solnedgangen hjemmefra,header nav main footer
https://ironwoodlivigno.com/blog/da-dove-ammirare-il-tramonto-a-livigno/zh,1,在利维尼奥哪里看日落,4,0,,h1 在利维尼奥哪里看日落 /   h2 为什么利维尼奥的日落与众不同 /   h2 高山步道上的景色 /   h2 利维尼奥湖畔的景色 /   h2 在家中看日落,header nav main footer
https://ironwoodlivigno.com/blog/da-dove-ammirare-il-tramonto-a-livigno/ja,1,リヴィーニョで夕日を眺めるならここ,4,0,,h1 リヴィーニョで夕日を眺めるならここ /   h2 リヴィーニョの夕日が特別な理由 /   h2 高地のトレイルからの眺め /   h2 リヴィーニョ湖からの眺め /   h2 アパートから眺める夕日,header nav main footer
https://ironwoodlivigno.com/inverno,1,"Vacanza sulla neve a Livigno: sci, sauna privata e comfort a due passi dalle piste",4,3,,"h1 Vacanza sulla neve a Livigno: sci, sauna privata e comfort a due passi dalle piste /   h2 Il comprensorio: Carosello 3000 e Mottolino /   h2 Una stagione più lunga della media /   h2 Il vantaggio di tornare a 100 metri dalle piste /   h2 Domande frequenti /     h3 Quanto dura la stagione sciistica a Livigno? /     h3 Quanto dista l'appartamento dagli impianti di risalita? /     h3 C'è un posto dove riporre sci, scarponi e attrezzatura?",header nav main footer
https://ironwoodlivigno.com/inverno/en,1,"Winter in Livigno: skiing, a private sauna, and comfort steps from the slopes",4,3,,"h1 Winter in Livigno: skiing, a private sauna, and comfort steps from the slopes /   h2 The ski area: Carosello 3000 and Mottolino /   h2 A longer season than most /   h2 The advantage of coming home 100 metres from the slopes /   h2 Frequently asked questions /     h3 How long is the ski season in Livigno? /     h3 How far is the apartment from the ski lifts? /     h3 Is there somewhere to store skis, boots and gear?",header nav main footer
https://ironwoodlivigno.com/inverno/en-us,1,"Winter in Livigno, Italy: skiing, a private sauna, and comfort steps from the slopes",4,3,,"h1 Winter in Livigno, Italy: skiing, a private sauna, and comfort steps from the slopes /   h2 The ski area: Carosello 3000 and Mottolino /   h2 A longer season than most /   h2 The advantage of coming home 100 meters from the slopes /   h2 Frequently asked questions /     h3 How long is the ski season in Livigno, Italy? /     h3 How far is the apartment from the ski lifts? /     h3 Is there somewhere to store skis, boots, and gear?",header nav main footer
https://ironwoodlivigno.com/inverno/de,1,"Winterurlaub in Livigno: Skifahren, private Sauna und Komfort direkt an der Piste",4,3,,"h1 Winterurlaub in Livigno: Skifahren, private Sauna und Komfort direkt an der Piste /   h2 Das Skigebiet: Carosello 3000 und Mottolino /   h2 Eine längere Saison als anderswo /   h2 Der Vorteil, 100 Meter von der Piste entfernt zu wohnen /   h2 Häufig gestellte Fragen /     h3 Wie lange dauert die Skisaison in Livigno? /     h3 Wie weit ist die Wohnung von den Skiliften entfernt? /     h3 Gibt es einen Abstellraum für Ski, Skischuhe und Ausrüstung?",header nav main footer
https://ironwoodlivigno.com/inverno/fr,1,"Hiver à Livigno : ski, sauna privé et confort à deux pas des pistes",4,3,,"h1 Hiver à Livigno : ski, sauna privé et confort à deux pas des pistes /   h2 Le domaine skiable : Carosello 3000 et Mottolino /   h2 Une saison plus longue que la moyenne /   h2 L'avantage de rentrer à 100 mètres des pistes /   h2 Questions fréquentes /     h3 Combien de temps dure la saison de ski à Livigno ? /     h3 À quelle distance l'appartement se trouve-t-il des remontées mécaniques ? /     h3 Y a-t-il un espace pour ranger skis, chaussures et matériel ?",header nav main footer
https://ironwoodlivigno.com/inverno/da,1,"Vinter i Livigno: skiløb, privat sauna og komfort tæt på pisterne",4,3,,"h1 Vinter i Livigno: skiløb, privat sauna og komfort tæt på pisterne /   h2 Skiområdet: Carosello 3000 og Mottolino /   h2 En længere sæson end de fleste /   h2 Fordelen ved at bo 100 meter fra pisterne /   h2 Ofte stillede spørgsmål /     h3 Hvor lang er skisæsonen i Livigno? /     h3 Hvor langt er lejligheden fra skiliftene? /     h3 Er der plads til opbevaring af ski, støvler og udstyr?",header nav main footer
https://ironwoodlivigno.com/inverno/pl,1,"Zimowe wakacje w Livigno: narciarstwo, prywatna sauna i komfort tuż przy stokach",4,3,,"h1 Zimowe wakacje w Livigno: narciarstwo, prywatna sauna i komfort tuż przy stokach /   h2 Obszar narciarski: Carosello 3000 i Mottolino /   h2 Sezon dłuższy niż przeciętnie /   h2 Zaleta powrotu 100 metrów od stoków /   h2 Najczęściej zadawane pytania /     h3 Jak długo trwa sezon narciarski w Livigno? /     h3 Jak daleko jest apartament od wyciągów narciarskich? /     h3 Czy jest miejsce na przechowanie nart, butów i sprzętu?",header nav main footer
https://ironwoodlivigno.com/inverno/cs,1,"Zimní dovolená v Livignu: lyžování, soukromá sauna a komfort kousek od sjezdovek",4,3,,"h1 Zimní dovolená v Livignu: lyžování, soukromá sauna a komfort kousek od sjezdovek /   h2 Lyžařský areál: Carosello 3000 a Mottolino /   h2 Sezóna delší, než je obvyklé /   h2 Výhoda návratu 100 metrů od sjezdovek /   h2 Časté dotazy /     h3 Jak dlouho trvá lyžařská sezóna v Livignu? /     h3 Jak daleko je apartmán od lyžařských vleků? /     h3 Je k dispozici místo na uschování lyží, bot a vybavení?",header nav main footer
https://ironwoodlivigno.com/inverno/no,1,"Vinter i Livigno: skikjøring, privat badstue og komfort like ved bakkene",4,3,,"h1 Vinter i Livigno: skikjøring, privat badstue og komfort like ved bakkene /   h2 Skiområdet: Carosello 3000 og Mottolino /   h2 En lengre sesong enn de fleste /   h2 Fordelen ved å bo 100 meter fra bakkene /   h2 Ofte stilte spørsmål /     h3 Hvor lang er skisesongen i Livigno? /     h3 Hvor langt er leiligheten fra skiheisene? /     h3 Er det et sted å oppbevare ski, støvler og utstyr?",header nav main footer
https://ironwoodlivigno.com/inverno/nl,1,"Winter in Livigno: skiën, een privésauna en comfort vlak bij de piste",4,3,,"h1 Winter in Livigno: skiën, een privésauna en comfort vlak bij de piste /   h2 Het skigebied: Carosello 3000 en Mottolino /   h2 Een langer seizoen dan gemiddeld /   h2 Het voordeel van thuiskomen op 100 meter van de piste /   h2 Veelgestelde vragen /     h3 Hoe lang duurt het skiseizoen in Livigno? /     h3 Hoe ver ligt het appartement van de skiliften? /     h3 Is er een plek om ski's, schoenen en uitrusting op te bergen?",header nav main footer
https://ironwoodlivigno.com/inverno/zh,1,利维尼奥冬季度假:滑雪、私人桑拿与近在咫尺的舒适体验,4,3,,h1 利维尼奥冬季度假:滑雪、私人桑拿与近在咫尺的舒适体验 /   h2 滑雪区:Carosello 3000与Mottolino /   h2 比平均更长的雪季 /   h2 距雪道仅100米的优势 /   h2 常见问题 /     h3 利维尼奥的滑雪季有多长? /     h3 公寓距离滑雪缆车有多远? /     h3 有地方存放滑雪板、雪靴和装备吗?,header nav main footer
https://ironwoodlivigno.com/inverno/ja,1,リヴィーニョの冬:スキー、専用サウナ、ゲレンデ目の前の快適さ,4,3,,h1 リヴィーニョの冬:スキー、専用サウナ、ゲレンデ目の前の快適さ /   h2 スキーエリア:Carosello 3000とMottolino /   h2 平均より長いシーズン /   h2 ゲレンデから100mという利点 /   h2 よくある質問 /     h3 リヴィーニョのスキーシーズンはどのくらい続きますか? /     h3 アパートメントからスキーリフトまでの距離は? /     h3 スキー板やブーツ、用具を収納する場所はありますか?,header nav main footer
https://ironwoodlivigno.com/estate,1,"Livigno d'estate: mountain bike, trekking e relax nell'appartamento con sauna",5,3,,"h1 Livigno d'estate: mountain bike, trekking e relax nell'appartamento con sauna /   h2 Mountain bike: dal Mottolino Bike Park alla Bike Academy /   h2 Trekking, il Lago di Livigno e gli alpeggi /   h2 Shopping duty-free e piatti tipici della Valtellina /   h2 Perché soggiornare da Ironwood in estate /   h2 Domande frequenti /     h3 Quando è la stagione estiva per mountain bike e trekking a Livigno? /     h3 È possibile noleggiare e-bike? /     h3 Livigno d'estate è adatta anche a chi non pratica sport?",header nav main footer
https://ironwoodlivigno.com/estate/en,1,"Summer in Livigno: mountain biking, hiking, and unwinding in the apartment with a sauna",4,3,,"h1 Summer in Livigno: mountain biking, hiking, and unwinding in the apartment with a sauna /   h2 Mountain biking: from Mottolino Bike Park to the Bike Academy /   h2 Hiking, Lake Livigno and the alpine pastures /   h2 Why stay at Ironwood in summer /   h2 Frequently asked questions /     h3 When is the summer season for mountain biking and hiking in Livigno? /     h3 Is e-bike hire available? /     h3 Is Livigno in summer worth visiting even if you don't do sport?",header nav main footer
https://ironwoodlivigno.com/estate/en-us,1,"Summer in Livigno, Italy: mountain biking, hiking, and unwinding in the apartment with a sauna",4,3,,"h1 Summer in Livigno, Italy: mountain biking, hiking, and unwinding in the apartment with a sauna /   h2 Mountain biking: from Mottolino Bike Park to the Bike Academy /   h2 Hiking, Lake Livigno and the alpine pastures /   h2 Why stay at Ironwood in summer /   h2 Frequently asked questions /     h3 When is the summer season for mountain biking and hiking in Livigno, Italy? /     h3 Is e-bike rental available? /     h3 Is Livigno in summer worth visiting even if you don't do sports?",header nav main footer
https://ironwoodlivigno.com/estate/de,1,"Sommer in Livigno: Mountainbike, Wandern und Entspannung in der Ferienwohnung mit Sauna",4,3,,"h1 Sommer in Livigno: Mountainbike, Wandern und Entspannung in der Ferienwohnung mit Sauna /   h2 Mountainbike: vom Mottolino Bike Park bis zur Bike Academy /   h2 Wandern, der Lago di Livigno und die Almen /   h2 Warum Sie im Sommer bei Ironwood übernachten sollten /   h2 Häufig gestellte Fragen /     h3 Wann ist die Sommersaison für Mountainbike und Wandern in Livigno? /     h3 Ist ein E-Bike-Verleih verfügbar? /     h3 Lohnt sich Livigno im Sommer auch ohne Sport?",header nav main footer
https://ironwoodlivigno.com/estate/fr,1,"Été à Livigno : VTT, randonnée et détente dans l'appartement avec sauna",4,3,,"h1 Été à Livigno : VTT, randonnée et détente dans l'appartement avec sauna /   h2 VTT : du Mottolino Bike Park à la Bike Academy /   h2 Randonnée, le lac de Livigno et les alpages /   h2 Pourquoi séjourner chez Ironwood en été /   h2 Questions fréquentes /     h3 Quand est la saison estivale pour le VTT et la randonnée à Livigno ? /     h3 La location de vélos électriques est-elle disponible ? /     h3 Livigno en été vaut-il le détour même sans pratiquer de sport ?",header nav main footer
https://ironwoodlivigno.com/estate/da,1,"Livigno om sommeren: mountainbike, vandreture og afslapning i lejligheden med sauna",4,3,,"h1 Livigno om sommeren: mountainbike, vandreture og afslapning i lejligheden med sauna /   h2 Mountainbike: fra Mottolino Bike Park til Bike Academy /   h2 Vandreture, Livigno-søen og de blomstrende alpeenge /   h2 Hvorfor bo hos Ironwood om sommeren /   h2 Ofte stillede spørgsmål /     h3 Hvornår er sommersæsonen for mountainbike og vandreture i Livigno? /     h3 Er der udlejning af el-cykler? /     h3 Er Livigno om sommeren et besøg værd, selv uden sport?",header nav main footer
https://ironwoodlivigno.com/estate/pl,1,"Livigno latem: rowery górskie, trekking i relaks w apartamencie z sauną",4,3,,"h1 Livigno latem: rowery górskie, trekking i relaks w apartamencie z sauną /   h2 Rowery górskie: od Mottolino Bike Park do Bike Academy /   h2 Trekking, Jezioro Livigno i kwitnące hale /   h2 Dlaczego warto zatrzymać się w Ironwood latem /   h2 Najczęściej zadawane pytania /     h3 Kiedy jest letni sezon na rowery górskie i trekking w Livigno? /     h3 Czy dostępna jest wypożyczalnia e-bike'ów? /     h3 Czy Livigno latem warto odwiedzić nawet bez uprawiania sportu?",header nav main footer
https://ironwoodlivigno.com/estate/cs,1,"Livigno v létě: horská kola, trekking a odpočinek v apartmánu se saunou",4,3,,"h1 Livigno v létě: horská kola, trekking a odpočinek v apartmánu se saunou /   h2 Horská kola: od Mottolino Bike Parku po Bike Academy /   h2 Trekking, jezero Livigno a kvetoucí horské pastviny /   h2 Proč zůstat v létě u Ironwood /   h2 Časté dotazy /     h3 Kdy je letní sezóna pro horská kola a trekking v Livignu? /     h3 Je k dispozici půjčovna elektrokol? /     h3 Vyplatí se Livigno v létě navštívit i bez sportu?",header nav main footer
https://ironwoodlivigno.com/estate/no,1,"Livigno om sommeren: sykling i fjellet, fotturer og avslapning i leiligheten med badstue",4,3,,"h1 Livigno om sommeren: sykling i fjellet, fotturer og avslapning i leiligheten med badstue /   h2 Fjellsykling: fra Mottolino Bike Park til Bike Academy /   h2 Fotturer, Livigno-sjøen og blomstrende fjellbeiter /   h2 Hvorfor bo hos Ironwood om sommeren /   h2 Ofte stilte spørsmål /     h3 Når er sommersesongen for fjellsykling og fotturer i Livigno? /     h3 Er utleie av el-sykler tilgjengelig? /     h3 Er Livigno om sommeren verdt et besøk selv uten sport?",header nav main footer
https://ironwoodlivigno.com/estate/nl,1,"Livigno in de zomer: mountainbiken, wandelen en ontspannen in het appartement met sauna",4,3,,"h1 Livigno in de zomer: mountainbiken, wandelen en ontspannen in het appartement met sauna /   h2 Mountainbiken: van Mottolino Bike Park tot de Bike Academy /   h2 Wandelen, het Meer van Livigno en de bloeiende alpenweiden /   h2 Waarom je in de zomer bij Ironwood moet verblijven /   h2 Veelgestelde vragen /     h3 Wanneer is het zomerseizoen voor mountainbiken en wandelen in Livigno? /     h3 Is e-bikeverhuur beschikbaar? /     h3 Is Livigno in de zomer de moeite waard, ook zonder sport?",header nav main footer
https://ironwoodlivigno.com/estate/zh,1,利维尼奥的夏天:山地自行车、徒步与带桑拿公寓的悠然放松,4,3,,"h1 利维尼奥的夏天:山地自行车、徒步与带桑拿公寓的悠然放松 /   h2 山地自行车:从Mottolino自行车公园到自行车学院 /   h2 徒步、利维尼奥湖与鲜花盛开的高山牧场 /   h2 为什么夏天要入住Ironwood /   h2 常见问题 /     h3 利维尼奥的山地自行车和徒步夏季是什么时候? /     h3 可以租赁电动自行车吗? /     h3 即使不运动,夏天的利维尼奥也值得游览吗?",header nav main footer
https://ironwoodlivigno.com/estate/ja,1,リヴィーニョの夏:マウンテンバイク、トレッキング、サウナ付きアパートメントでのくつろぎ,4,3,,h1 リヴィーニョの夏:マウンテンバイク、トレッキング、サウナ付きアパートメントでのくつろぎ /   h2 マウンテンバイク:Mottolino Bike ParkからBike Academyまで /   h2 トレッキング、リヴィーニョ湖、花咲く高山牧場 /   h2 夏にIronwoodに滞在する理由 /   h2 よくある質問 /     h3 リヴィーニョでマウンテンバイクやトレッキングを楽しめる夏のシーズンはいつですか? /     h3 eバイクのレンタルはありますか? /     h3 スポーツをしなくても夏のリヴィーニョは楽しめますか?,header nav main footer
https://ironwoodlivigno.com/famiglie,1,Livigno con bambini: l'appartamento pensato per le famiglie,4,3,,"h1 Livigno con bambini: l'appartamento pensato per le famiglie /   h2 Spazio per tutti: 3 camere, 2 bagni, 90 m² /   h2 Attività adatte anche ai bambini, in ogni stagione /   h2 Una zona sicura e tranquilla /   h2 Domande frequenti /     h3 L'appartamento è adatto a bambini piccoli? /     h3 Quali attività sono adatte ai bambini a Livigno? /     h3 La cucina è attrezzata per cucinare per i bambini?",header nav main footer
https://ironwoodlivigno.com/famiglie/en,1,Livigno with children: the apartment designed for families,4,3,,"h1 Livigno with children: the apartment designed for families /   h2 Room for everyone: 3 bedrooms, 2 bathrooms, 90 sqm /   h2 Activities for children too, in every season /   h2 A safe, quiet area /   h2 Frequently asked questions /     h3 Is the apartment suitable for young children? /     h3 What activities are suitable for children in Livigno? /     h3 Is the kitchen equipped for cooking for children?",header nav main footer
https://ironwoodlivigno.com/famiglie/en-us,1,"Livigno, Italy with kids: the apartment designed for families",4,3,,"h1 Livigno, Italy with kids: the apartment designed for families /   h2 Room for everyone: 3 bedrooms, 2 bathrooms, 970 sqft /   h2 Activities for kids too, in every season /   h2 A safe, quiet area /   h2 Frequently asked questions /     h3 Is the apartment suitable for young kids? /     h3 What activities are suitable for kids in Livigno? /     h3 Is the kitchen equipped for cooking for kids?",header nav main footer
https://ironwoodlivigno.com/famiglie/de,1,Livigno mit Kindern: die Ferienwohnung für Familien,4,3,,"h1 Livigno mit Kindern: die Ferienwohnung für Familien /   h2 Platz für alle: 3 Schlafzimmer, 2 Bäder, 90 m² /   h2 Aktivitäten auch für Kinder, zu jeder Jahreszeit /   h2 Eine sichere, ruhige Umgebung /   h2 Häufig gestellte Fragen /     h3 Ist die Wohnung für kleine Kinder geeignet? /     h3 Welche Aktivitäten eignen sich für Kinder in Livigno? /     h3 Ist die Küche zum Kochen für Kinder ausgestattet?",header nav main footer
https://ironwoodlivigno.com/famiglie/fr,1,Livigno avec des enfants : l'appartement pensé pour les familles,4,3,,"h1 Livigno avec des enfants : l'appartement pensé pour les familles /   h2 De la place pour tous : 3 chambres, 2 salles de bains, 90 m² /   h2 Des activités adaptées aux enfants aussi, à chaque saison /   h2 Un secteur sûr et tranquille /   h2 Questions fréquentes /     h3 L'appartement convient-il aux jeunes enfants ? /     h3 Quelles activités conviennent aux enfants à Livigno ? /     h3 La cuisine est-elle équipée pour cuisiner pour les enfants ?",header nav main footer
https://ironwoodlivigno.com/famiglie/da,1,Livigno med børn: lejligheden designet til familier,4,3,,"h1 Livigno med børn: lejligheden designet til familier /   h2 Plads til alle: 3 soveværelser, 2 badeværelser, 90 m² /   h2 Aktiviteter der også passer til børn, i alle sæsoner /   h2 Et trygt og roligt område /   h2 Ofte stillede spørgsmål /     h3 Er lejligheden velegnet til små børn? /     h3 Hvilke aktiviteter passer til børn i Livigno? /     h3 Er køkkenet udstyret til at lave mad til børn?",header nav main footer
https://ironwoodlivigno.com/famiglie/pl,1,Livigno z dziećmi: apartament pomyślany dla rodzin,4,3,,"h1 Livigno z dziećmi: apartament pomyślany dla rodzin /   h2 Miejsce dla wszystkich: 3 sypialnie, 2 łazienki, 90 m² /   h2 Atrakcje odpowiednie także dla dzieci, w każdej porze roku /   h2 Bezpieczna i spokojna okolica /   h2 Najczęściej zadawane pytania /     h3 Czy apartament jest odpowiedni dla małych dzieci? /     h3 Jakie atrakcje są odpowiednie dla dzieci w Livigno? /     h3 Czy kuchnia jest wyposażona do gotowania dla dzieci?",header nav main footer
https://ironwoodlivigno.com/famiglie/cs,1,Livigno s dětmi: apartmán navržený pro rodiny,4,3,,"h1 Livigno s dětmi: apartmán navržený pro rodiny /   h2 Prostor pro všechny: 3 ložnice, 2 koupelny, 90 m² /   h2 Aktivity vhodné i pro děti, v každé sezóně /   h2 Bezpečná a klidná lokalita /   h2 Časté dotazy /     h3 Je apartmán vhodný pro malé děti? /     h3 Jaké aktivity jsou vhodné pro děti v Livignu? /     h3 Je kuchyně vybavená pro vaření pro děti?",header nav main footer
https://ironwoodlivigno.com/famiglie/no,1,Livigno med barn: leiligheten designet for familier,4,3,,"h1 Livigno med barn: leiligheten designet for familier /   h2 Plass til alle: 3 soverom, 2 bad, 90 m² /   h2 Aktiviteter som også passer for barn, i alle sesonger /   h2 Et trygt og rolig område /   h2 Ofte stilte spørsmål /     h3 Er leiligheten egnet for små barn? /     h3 Hvilke aktiviteter passer for barn i Livigno? /     h3 Er kjøkkenet utstyrt for å lage mat til barn?",header nav main footer
https://ironwoodlivigno.com/famiglie/nl,1,Livigno met kinderen: het appartement ontworpen voor gezinnen,4,3,,"h1 Livigno met kinderen: het appartement ontworpen voor gezinnen /   h2 Ruimte voor iedereen: 3 slaapkamers, 2 badkamers, 90 m² /   h2 Activiteiten die ook voor kinderen geschikt zijn, in elk seizoen /   h2 Een veilige, rustige omgeving /   h2 Veelgestelde vragen /     h3 Is het appartement geschikt voor kleine kinderen? /     h3 Welke activiteiten zijn geschikt voor kinderen in Livigno? /     h3 Is de keuken uitgerust om voor kinderen te koken?",header nav main footer
https://ironwoodlivigno.com/famiglie/zh,1,带孩子游利维尼奥:专为家庭设计的公寓,4,3,,h1 带孩子游利维尼奥:专为家庭设计的公寓 /   h2 人人都有空间:3间卧室、2间浴室、90平方米 /   h2 四季皆宜的亲子活动 /   h2 安全又宁静的区域 /   h2 常见问题 /     h3 公寓适合小孩子入住吗? /     h3 利维尼奥有哪些适合儿童的活动? /     h3 厨房是否配备了适合给孩子做饭的设施?,header nav main footer
https://ironwoodlivigno.com/famiglie/ja,1,子連れのリヴィーニョ:ファミリーのために考え抜かれたアパートメント,4,3,,h1 子連れのリヴィーニョ:ファミリーのために考え抜かれたアパートメント /   h2 全員分のスペース:3ベッドルーム、2バスルーム、90㎡ /   h2 季節を問わず、子供も楽しめるアクティビティ /   h2 安全で静かなエリア /   h2 よくある質問 /     h3 小さなお子様でも利用できますか? /     h3 リヴィーニョで子供に適したアクティビティはありますか? /     h3 キッチンは子供のための調理に対応していますか?,header nav main footer
https://ironwoodlivigno.com/come-arrivare,1,"Come raggiungere Ironwood Livigno: indirizzo, parcheggio e ultimi chilometri",4,3,,"h1 Come raggiungere Ironwood Livigno: indirizzo, parcheggio e ultimi chilometri /   h2 Indirizzo e posizione esatta /   h2 L'ultimo tratto, da Tirano o dal confine svizzero /   h2 Parcheggio e arrivo in appartamento /   h2 Domande frequenti /     h3 Qual è l'indirizzo esatto di Ironwood Livigno? /     h3 C'è un parcheggio incluso? /     h3 Come si raggiunge Livigno in auto o in treno?",header nav main footer
https://ironwoodlivigno.com/come-arrivare/en,1,"How to reach Ironwood Livigno: address, parking, and the final stretch",4,3,,"h1 How to reach Ironwood Livigno: address, parking, and the final stretch /   h2 Address and exact location /   h2 The final stretch, from Tirano or the Swiss border /   h2 Parking and arriving at the apartment /   h2 Frequently asked questions /     h3 What is the exact address of Ironwood Livigno? /     h3 Is parking included? /     h3 How do you reach Livigno by car or train?",header nav main footer
https://ironwoodlivigno.com/come-arrivare/en-us,1,"How to reach Ironwood Livigno, Italy: address, parking, and the final stretch",4,3,,"h1 How to reach Ironwood Livigno, Italy: address, parking, and the final stretch /   h2 Address and exact location /   h2 The final stretch, from Tirano or the Swiss border /   h2 Parking and arriving at the apartment /   h2 Frequently asked questions /     h3 What is the exact address of Ironwood Livigno, Italy? /     h3 Is parking included? /     h3 How do you get to Livigno by car or train?",header nav main footer
https://ironwoodlivigno.com/come-arrivare/de,1,"So erreichen Sie Ironwood Livigno: Adresse, Parkplatz und die letzten Kilometer",4,3,,"h1 So erreichen Sie Ironwood Livigno: Adresse, Parkplatz und die letzten Kilometer /   h2 Adresse und genaue Lage /   h2 Der letzte Streckenabschnitt, von Tirano oder der Schweizer Grenze aus /   h2 Parken und Ankunft in der Wohnung /   h2 Häufig gestellte Fragen /     h3 Wie lautet die genaue Adresse von Ironwood Livigno? /     h3 Ist ein Parkplatz inklusive? /     h3 Wie erreicht man Livigno mit dem Auto oder mit dem Zug?",header nav main footer
https://ironwoodlivigno.com/come-arrivare/fr,1,"Comment rejoindre Ironwood Livigno : adresse, parking et derniers kilomètres",4,3,,"h1 Comment rejoindre Ironwood Livigno : adresse, parking et derniers kilomètres /   h2 Adresse et emplacement exact /   h2 Le dernier tronçon, depuis Tirano ou la frontière suisse /   h2 Parking et arrivée à l'appartement /   h2 Questions fréquentes /     h3 Quelle est l'adresse exacte d'Ironwood Livigno ? /     h3 Le parking est-il inclus ? /     h3 Comment rejoindre Livigno en voiture ou en train ?",header nav main footer
https://ironwoodlivigno.com/come-arrivare/da,1,"Sådan kommer du til Ironwood Livigno: adresse, parkering og de sidste kilometer",4,3,,"h1 Sådan kommer du til Ironwood Livigno: adresse, parkering og de sidste kilometer /   h2 Adresse og præcis beliggenhed /   h2 Den sidste strækning, fra Tirano eller den schweiziske grænse /   h2 Parkering og ankomst til lejligheden /   h2 Ofte stillede spørgsmål /     h3 Hvad er den præcise adresse på Ironwood Livigno? /     h3 Er parkering inkluderet? /     h3 Hvordan kommer man til Livigno med bil eller tog?",header nav main footer
https://ironwoodlivigno.com/come-arrivare/pl,1,"Jak dojechać do Ironwood Livigno: adres, parking i ostatnie kilometry",4,3,,"h1 Jak dojechać do Ironwood Livigno: adres, parking i ostatnie kilometry /   h2 Adres i dokładna lokalizacja /   h2 Ostatni odcinek, z Tirano lub od granicy szwajcarskiej /   h2 Parking i przyjazd do apartamentu /   h2 Najczęściej zadawane pytania /     h3 Jaki jest dokładny adres Ironwood Livigno? /     h3 Czy parking jest wliczony w cenę? /     h3 Jak dojechać do Livigno samochodem lub pociągiem?",header nav main footer
https://ironwoodlivigno.com/come-arrivare/cs,1,"Jak se dostat do Ironwood Livigno: adresa, parkování a poslední kilometry",4,3,,"h1 Jak se dostat do Ironwood Livigno: adresa, parkování a poslední kilometry /   h2 Adresa a přesná poloha /   h2 Poslední úsek, z Tirana nebo od švýcarské hranice /   h2 Parkování a příjezd do apartmánu /   h2 Časté dotazy /     h3 Jaká je přesná adresa Ironwood Livigno? /     h3 Je parkování součástí pobytu? /     h3 Jak se dostat do Livigna autem nebo vlakem?",header nav main footer
https://ironwoodlivigno.com/come-arrivare/no,1,"Slik kommer du til Ironwood Livigno: adresse, parkering og de siste kilometerne",4,3,,"h1 Slik kommer du til Ironwood Livigno: adresse, parkering og de siste kilometerne /   h2 Adresse og nøyaktig beliggenhet /   h2 Den siste strekningen, fra Tirano eller den sveitsiske grensen /   h2 Parkering og ankomst til leiligheten /   h2 Ofte stilte spørsmål /     h3 Hva er den nøyaktige adressen til Ironwood Livigno? /     h3 Er parkering inkludert? /     h3 Hvordan kommer man til Livigno med bil eller tog?",header nav main footer
https://ironwoodlivigno.com/come-arrivare/nl,1,"Zo bereik je Ironwood Livigno: adres, parkeren en de laatste kilometers",4,3,,"h1 Zo bereik je Ironwood Livigno: adres, parkeren en de laatste kilometers /   h2 Adres en exacte locatie /   h2 Het laatste stuk, vanaf Tirano of de Zwitserse grens /   h2 Parkeren en aankomst bij het appartement /   h2 Veelgestelde vragen /     h3 Wat is het exacte adres van Ironwood Livigno? /     h3 Is parkeren inbegrepen? /     h3 Hoe bereik je Livigno met de auto of trein?",header nav main footer
https://ironwoodlivigno.com/come-arrivare/zh,1,如何抵达Ironwood Livigno:地址、停车与最后几公里,4,3,,"h1 如何抵达Ironwood Livigno:地址、停车与最后几公里 /   h2 地址与确切位置 /   h2 最后一段路程,从Tirano或瑞士边境出发 /   h2 停车与抵达公寓 /   h2 常见问题 /     h3 Ironwood Livigno的确切地址是什么? /     h3 是否含停车位? /     h3 如何自驾或乘火车抵达利维尼奥?",header nav main footer
https://ironwoodlivigno.com/come-arrivare/ja,1,Ironwood Livignoへのアクセス:住所、駐車場、そして最後の道のり,4,3,,h1 Ironwood Livignoへのアクセス:住所、駐車場、そして最後の道のり /   h2 住所と正確な場所 /   h2 ティラノまたはスイス国境からの最後の区間 /   h2 駐車場とアパートメントへの到着 /   h2 よくある質問 /     h3 Ironwood Livignoの正確な住所は? /     h3 駐車場は含まれていますか? /     h3 車や電車でリヴィーニョへ行くにはどうすればよいですか?,header nav main footer
https://ironwoodlivigno.com/chi-siamo,1,Chi siamo: la famiglia livignasca dietro Ironwood Livigno,5,5,,"h1 Chi siamo: la famiglia livignasca dietro Ironwood Livigno /   h2 Una famiglia livignasca, non un'agenzia /   h2 Una casa di famiglia, ristrutturata con cura nel 2022 /   h2 Perché prenotare direttamente da Ironwood Livigno conviene /   h2 Cosa dicono gli ospiti che hanno soggiornato da noi /   h2 Domande frequenti /     h3 Ironwood Livigno è gestito da un'agenzia? /     h3 Conviene prenotare direttamente invece che su Airbnb o Booking? /     h3 Da chi è stata ristrutturata la casa? /     h3 Quanti anni vivete a Livigno? /     h3 Come posso contattarvi direttamente?",header nav main footer
https://ironwoodlivigno.com/chi-siamo/en,1,About us: the Livigno family behind Ironwood Livigno,5,5,,"h1 About us: the Livigno family behind Ironwood Livigno /   h2 A Livigno family, not an agency /   h2 A family home, carefully renovated in 2022 /   h2 Why booking directly with Ironwood Livigno pays off /   h2 What guests who've stayed with us say /   h2 Frequently asked questions /     h3 Is Ironwood Livigno run by an agency? /     h3 Is it worth booking directly instead of through Airbnb or Booking? /     h3 Who renovated the house? /     h3 How long have you lived in Livigno? /     h3 How can I contact you directly?",header nav main footer
https://ironwoodlivigno.com/chi-siamo/en-us,1,"About us: the Livigno, Italy family behind Ironwood Livigno",5,5,,"h1 About us: the Livigno, Italy family behind Ironwood Livigno /   h2 A Livigno family, not an agency /   h2 A family home, carefully renovated in 2022 /   h2 Why booking directly with Ironwood Livigno pays off /   h2 What guests who've stayed with us say /   h2 Frequently asked questions /     h3 Is Ironwood Livigno run by an agency? /     h3 Is it worth booking directly instead of through Airbnb or Booking? /     h3 Who renovated the house? /     h3 How long have you lived in Livigno? /     h3 How can I contact you directly?",header nav main footer
https://ironwoodlivigno.com/chi-siamo/de,1,Über uns: die Livigno-Familie hinter Ironwood Livigno,5,5,,"h1 Über uns: die Livigno-Familie hinter Ironwood Livigno /   h2 Eine Livigno-Familie, keine Agentur /   h2 Ein Familienhaus, 2022 sorgfältig renoviert /   h2 Warum sich die direkte Buchung bei Ironwood Livigno lohnt /   h2 Was Gäste sagen, die bei uns waren /   h2 Häufig gestellte Fragen /     h3 Wird Ironwood Livigno von einer Agentur geführt? /     h3 Lohnt sich die direkte Buchung statt über Airbnb oder Booking? /     h3 Wer hat das Haus renoviert? /     h3 Wie lange leben Sie schon in Livigno? /     h3 Wie kann ich Sie direkt kontaktieren?",header nav main footer
https://ironwoodlivigno.com/chi-siamo/fr,1,Qui sommes-nous : la famille de Livigno derrière Ironwood Livigno,5,5,,"h1 Qui sommes-nous : la famille de Livigno derrière Ironwood Livigno /   h2 Une famille de Livigno, pas une agence /   h2 Une maison de famille, rénovée avec soin en 2022 /   h2 Pourquoi réserver directement chez Ironwood Livigno est avantageux /   h2 Ce que disent les clients qui ont séjourné chez nous /   h2 Questions fréquentes /     h3 Ironwood Livigno est-il géré par une agence ? /     h3 Est-il avantageux de réserver directement plutôt que sur Airbnb ou Booking ? /     h3 Qui a rénové la maison ? /     h3 Depuis combien de temps vivez-vous à Livigno ? /     h3 Comment puis-je vous contacter directement ?",header nav main footer
https://ironwoodlivigno.com/chi-siamo/da,1,"Om os: den Livigno-familie, der står bag Ironwood Livigno",5,5,,"h1 Om os: den Livigno-familie, der står bag Ironwood Livigno /   h2 En Livigno-familie, ikke et bureau /   h2 Et familiehus, omhyggeligt renoveret i 2022 /   h2 Hvorfor det betaler sig at booke direkte hos Ironwood Livigno /   h2 Hvad gæster, der har boet hos os, siger /   h2 Ofte stillede spørgsmål /     h3 Drives Ironwood Livigno af et bureau? /     h3 Kan det betale sig at booke direkte i stedet for via Airbnb eller Booking? /     h3 Hvem har renoveret huset? /     h3 Hvor længe har I boet i Livigno? /     h3 Hvordan kan jeg kontakte jer direkte?",header nav main footer
https://ironwoodlivigno.com/chi-siamo/pl,1,O nas: livignijska rodzina stojąca za Ironwood Livigno,5,5,,"h1 O nas: livignijska rodzina stojąca za Ironwood Livigno /   h2 Rodzina z Livigno, nie agencja /   h2 Rodzinny dom, starannie wyremontowany w 2022 roku /   h2 Dlaczego warto rezerwować bezpośrednio w Ironwood Livigno /   h2 Co mówią goście, którzy u nas mieszkali /   h2 Najczęściej zadawane pytania /     h3 Czy Ironwood Livigno jest prowadzony przez agencję? /     h3 Czy warto rezerwować bezpośrednio zamiast przez Airbnb lub Booking? /     h3 Kto wyremontował dom? /     h3 Od jak dawna mieszkacie w Livigno? /     h3 Jak mogę skontaktować się z wami bezpośrednio?",header nav main footer
https://ironwoodlivigno.com/chi-siamo/cs,1,O nás: livignská rodina za Ironwood Livigno,5,5,,"h1 O nás: livignská rodina za Ironwood Livigno /   h2 Livignská rodina, ne agentura /   h2 Rodinný dům, pečlivě zrenovovaný v roce 2022 /   h2 Proč se vyplatí rezervovat přímo u Ironwood Livigno /   h2 Co říkají hosté, kteří u nás pobývali /   h2 Časté dotazy /     h3 Vede Ironwood Livigno agentura? /     h3 Vyplatí se rezervovat přímo místo přes Airbnb nebo Booking? /     h3 Kdo dům zrenovoval? /     h3 Jak dlouho žijete v Livignu? /     h3 Jak vás mohu kontaktovat přímo?",header nav main footer
https://ironwoodlivigno.com/chi-siamo/no,1,Om oss: Livigno-familien bak Ironwood Livigno,5,5,,"h1 Om oss: Livigno-familien bak Ironwood Livigno /   h2 En Livigno-familie, ikke et byrå /   h2 Et familiehus, omhyggelig renovert i 2022 /   h2 Hvorfor det lønner seg å bestille direkte hos Ironwood Livigno /   h2 Hva gjester som har bodd hos oss sier /   h2 Ofte stilte spørsmål /     h3 Drives Ironwood Livigno av et byrå? /     h3 Lønner det seg å bestille direkte i stedet for via Airbnb eller Booking? /     h3 Hvem har renovert huset? /     h3 Hvor lenge har dere bodd i Livigno? /     h3 Hvordan kan jeg kontakte dere direkte?",header nav main footer
https://ironwoodlivigno.com/chi-siamo/nl,1,Over ons: de Livigno-familie achter Ironwood Livigno,5,5,,"h1 Over ons: de Livigno-familie achter Ironwood Livigno /   h2 Een Livigno-familie, geen bureau /   h2 Een familiehuis, zorgvuldig gerenoveerd in 2022 /   h2 Waarom rechtstreeks boeken bij Ironwood Livigno loont /   h2 Wat gasten die bij ons hebben verbleven zeggen /   h2 Veelgestelde vragen /     h3 Wordt Ironwood Livigno beheerd door een bureau? /     h3 Loont het om rechtstreeks te boeken in plaats van via Airbnb of Booking? /     h3 Wie heeft het huis gerenoveerd? /     h3 Hoe lang wonen jullie al in Livigno? /     h3 Hoe kan ik jullie rechtstreeks contacteren?",header nav main footer
https://ironwoodlivigno.com/chi-siamo/zh,1,关于我们:Ironwood Livigno背后的利维尼奥本地家庭,5,5,,"h1 关于我们:Ironwood Livigno背后的利维尼奥本地家庭 /   h2 一个利维尼奥家庭,而非中介机构 /   h2 一座家庭住宅,于2022年精心翻修 /   h2 为什么直接向Ironwood Livigno预订更划算 /   h2 曾入住过的客人怎么说 /   h2 常见问题 /     h3 Ironwood Livigno是由中介机构经营的吗? /     h3 直接预订是否比通过Airbnb或Booking更划算? /     h3 这栋房子是谁翻修的? /     h3 你们在利维尼奥居住多久了? /     h3 我该如何直接联系你们?",header nav main footer
https://ironwoodlivigno.com/chi-siamo/ja,1,私たちについて:Ironwood Livignoを営むリヴィーニョの家族,5,5,,h1 私たちについて:Ironwood Livignoを営むリヴィーニョの家族 /   h2 代理店ではなく、リヴィーニョの家族 /   h2 2022年に丁寧に改装された実家 /   h2 Ironwood Livignoへの直接予約がお得な理由 /   h2 ご滞在いただいたゲストの声 /   h2 よくある質問 /     h3 Ironwood Livignoは代理店が運営しているのですか? /     h3 AirbnbやBookingではなく、直接予約するメリットはありますか? /     h3 この家を改装したのは誰ですか? /     h3 リヴィーニョに住んでどのくらいになりますか? /     h3 直接連絡するにはどうすればよいですか?,header nav main footer
https://ironwoodlivigno.com/sauna-bagno-turco-privato-livigno,1,Appartamento con sauna privata a Livigno: sauna a infrarossi e bagno turco esclusivi,6,4,,"h1 Appartamento con sauna privata a Livigno: sauna a infrarossi e bagno turco esclusivi /   h2 Sauna a infrarossi privata, non condivisa /   h2 Bagno turco privato incluso /   h2 Nessuna prenotazione, disponibile in ogni momento /   h2 Perché conviene rispetto a una spa condivisa /   h2 Il resto della serata: camino e colazione su richiesta /   h2 Domande frequenti /     h3 La sauna è davvero privata o condivisa con altri appartamenti? /     h3 Serve prenotare un orario per usare la sauna o il bagno turco? /     h3 Sauna e bagno turco sono inclusi nel prezzo del soggiorno? /     h3 Sono adatti anche in estate, non solo dopo lo sci?",header nav main footer
https://ironwoodlivigno.com/sauna-bagno-turco-privato-livigno/en,1,Apartment with private sauna in Livigno: exclusive infrared sauna and steam bath,5,4,,"h1 Apartment with private sauna in Livigno: exclusive infrared sauna and steam bath /   h2 Private infrared sauna, never shared /   h2 Private steam bath included /   h2 No booking needed, available any time /   h2 Why it beats a shared spa /   h2 Frequently asked questions /     h3 Is the sauna really private, or shared with other apartments? /     h3 Do I need to book a time slot to use the sauna or steam bath? /     h3 Are the sauna and steam bath included in the stay price? /     h3 Are they useful in summer too, not just after skiing?",header nav main footer
https://ironwoodlivigno.com/sauna-bagno-turco-privato-livigno/en-us,1,"Apartment with private sauna in Livigno, Italy: exclusive infrared sauna and steam bath",5,4,,"h1 Apartment with private sauna in Livigno, Italy: exclusive infrared sauna and steam bath /   h2 Private infrared sauna, never shared /   h2 Private steam bath included /   h2 No reservation needed, available any time /   h2 Why it beats a shared spa /   h2 Frequently asked questions /     h3 Is the sauna really private, or shared with other apartments? /     h3 Do I need to book a time slot to use the sauna or steam bath? /     h3 Are the sauna and steam bath included in the price of the stay? /     h3 Are they useful in summer too, not just after skiing?",header nav main footer
https://ironwoodlivigno.com/sauna-bagno-turco-privato-livigno/de,1,Ferienwohnung mit privater Sauna in Livigno: exklusive Infrarotsauna und Dampfbad,5,4,,"h1 Ferienwohnung mit privater Sauna in Livigno: exklusive Infrarotsauna und Dampfbad /   h2 Private Infrarotsauna, nie geteilt /   h2 Privates Dampfbad inklusive /   h2 Keine Buchung nötig, jederzeit verfügbar /   h2 Warum es besser ist als ein Gemeinschafts-Spa /   h2 Häufig gestellte Fragen /     h3 Ist die Sauna wirklich privat oder wird sie mit anderen Wohnungen geteilt? /     h3 Muss ich einen Termin für Sauna oder Dampfbad buchen? /     h3 Sind Sauna und Dampfbad im Preis des Aufenthalts inbegriffen? /     h3 Sind sie auch im Sommer nützlich, nicht nur nach dem Skifahren?",header nav main footer
https://ironwoodlivigno.com/sauna-bagno-turco-privato-livigno/fr,1,Appartement avec sauna privé à Livigno : sauna infrarouge et hammam exclusifs,5,4,,"h1 Appartement avec sauna privé à Livigno : sauna infrarouge et hammam exclusifs /   h2 Sauna infrarouge privé, jamais partagé /   h2 Hammam privé inclus /   h2 Aucune réservation nécessaire, disponible à toute heure /   h2 Pourquoi c'est mieux qu'un spa partagé /   h2 Questions fréquentes /     h3 Le sauna est-il vraiment privé ou partagé avec d'autres appartements ? /     h3 Faut-il réserver un créneau pour utiliser le sauna ou le hammam ? /     h3 Le sauna et le hammam sont-ils inclus dans le prix du séjour ? /     h3 Sont-ils utiles en été aussi, pas seulement après le ski ?",header nav main footer
https://ironwoodlivigno.com/sauna-bagno-turco-privato-livigno/da,1,Lejlighed med privat sauna i Livigno: eksklusiv infrarød sauna og dampbad,5,4,,"h1 Lejlighed med privat sauna i Livigno: eksklusiv infrarød sauna og dampbad /   h2 Privat infrarød sauna, aldrig delt /   h2 Privat dampbad inkluderet /   h2 Ingen booking nødvendig, tilgængelig når som helst /   h2 Hvorfor det er bedre end et delt spa /   h2 Ofte stillede spørgsmål /     h3 Er saunaen virkelig privat, eller deles den med andre lejligheder? /     h3 Skal man booke en tid for at bruge saunaen eller dampbadet? /     h3 Er sauna og dampbad inkluderet i prisen for opholdet? /     h3 Er de også nyttige om sommeren, ikke kun efter ski?",header nav main footer
https://ironwoodlivigno.com/sauna-bagno-turco-privato-livigno/pl,1,Apartament z prywatną sauną w Livigno: ekskluzywna sauna na podczerwień i łaźnia parowa,5,4,,"h1 Apartament z prywatną sauną w Livigno: ekskluzywna sauna na podczerwień i łaźnia parowa /   h2 Prywatna sauna na podczerwień, nigdy niedzielona /   h2 Prywatna łaźnia parowa w cenie /   h2 Bez rezerwacji, dostępna o każdej porze /   h2 Dlaczego to się opłaca w porównaniu ze wspólnym spa /   h2 Najczęściej zadawane pytania /     h3 Czy sauna jest naprawdę prywatna, czy dzielona z innymi apartamentami? /     h3 Czy trzeba rezerwować godzinę, by skorzystać z sauny lub łaźni parowej? /     h3 Czy sauna i łaźnia parowa są wliczone w cenę pobytu? /     h3 Czy są przydatne również latem, nie tylko po nartach?",header nav main footer
https://ironwoodlivigno.com/sauna-bagno-turco-privato-livigno/cs,1,Apartmán se soukromou saunou v Livignu: exkluzivní infrasauna a parní lázeň,5,4,,"h1 Apartmán se soukromou saunou v Livignu: exkluzivní infrasauna a parní lázeň /   h2 Soukromá infrasauna, nikdy sdílená /   h2 Soukromá parní lázeň v ceně /   h2 Žádná rezervace, dostupné kdykoli /   h2 Proč se to vyplatí oproti sdílenému spa /   h2 Časté dotazy /     h3 Je sauna opravdu soukromá, nebo sdílená s jinými apartmány? /     h3 Je třeba rezervovat čas na použití sauny nebo parní lázně? /     h3 Jsou sauna a parní lázeň zahrnuty v ceně pobytu? /     h3 Jsou vhodné i v létě, nejen po lyžování?",header nav main footer
https://ironwoodlivigno.com/sauna-bagno-turco-privato-livigno/no,1,Leilighet med privat badstue i Livigno: eksklusiv infrarød badstue og dampbad,5,4,,"h1 Leilighet med privat badstue i Livigno: eksklusiv infrarød badstue og dampbad /   h2 Privat infrarød badstue, aldri delt /   h2 Privat dampbad inkludert /   h2 Ingen booking nødvendig, tilgjengelig når som helst /   h2 Hvorfor det lønner seg fremfor et delt spa /   h2 Ofte stilte spørsmål /     h3 Er badstuen virkelig privat, eller delt med andre leiligheter? /     h3 Må man booke et tidspunkt for å bruke badstuen eller dampbadet? /     h3 Er badstue og dampbad inkludert i prisen for oppholdet? /     h3 Er de nyttige om sommeren også, ikke bare etter ski?",header nav main footer
https://ironwoodlivigno.com/sauna-bagno-turco-privato-livigno/nl,1,Appartement met privésauna in Livigno: exclusieve infraroodsauna en stoombad,5,4,,"h1 Appartement met privésauna in Livigno: exclusieve infraroodsauna en stoombad /   h2 Privé infraroodsauna, nooit gedeeld /   h2 Privé stoombad inbegrepen /   h2 Geen reservering nodig, altijd beschikbaar /   h2 Waarom dit beter is dan een gedeelde spa /   h2 Veelgestelde vragen /     h3 Is de sauna echt privé, of gedeeld met andere appartementen? /     h3 Moet ik een tijdslot reserveren om de sauna of het stoombad te gebruiken? /     h3 Zijn sauna en stoombad inbegrepen in de prijs van het verblijf? /     h3 Zijn ze ook nuttig in de zomer, niet alleen na het skiën?",header nav main footer
https://ironwoodlivigno.com/sauna-bagno-turco-privato-livigno/zh,1,利维尼奥带私人桑拿的公寓:专属红外线桑拿与土耳其蒸汽浴,5,4,,"h1 利维尼奥带私人桑拿的公寓:专属红外线桑拿与土耳其蒸汽浴 /   h2 私人红外线桑拿,绝不与人共用 /   h2 含私人土耳其蒸汽浴 /   h2 无需预约,随时可用 /   h2 为什么它比共用水疗中心更划算 /   h2 常见问题 /     h3 桑拿真的是私人的吗,还是与其他公寓共用? /     h3 使用桑拿或蒸汽浴需要预约时段吗? /     h3 桑拿和蒸汽浴是否包含在住宿价格中? /     h3 夏天也适合使用吗,不只是滑雪之后?",header nav main footer
https://ironwoodlivigno.com/sauna-bagno-turco-privato-livigno/ja,1,リヴィーニョの専用サウナ付きアパートメント:専用の赤外線サウナとスチームバス,5,4,,h1 リヴィーニョの専用サウナ付きアパートメント:専用の赤外線サウナとスチームバス /   h2 専用の赤外線サウナ、他の人とは共有しません /   h2 専用スチームバスも完備 /   h2 予約不要、いつでもご利用可能 /   h2 共用スパよりお得な理由 /   h2 よくある質問 /     h3 サウナは本当に専用ですか、それとも他のアパートメントと共有ですか? /     h3 サウナやスチームバスを使うのに時間枠の予約が必要ですか? /     h3 サウナとスチームバスは宿泊料金に含まれていますか? /     h3 スキーの後だけでなく、夏にも役立ちますか?,header nav main footer
https://ironwoodlivigno.com/camere-appartamento-livigno,1,"Le 3 camere dell'appartamento a Livigno: layout, letti e dettagli",5,3,,"h1 Le 3 camere dell'appartamento a Livigno: layout, letti e dettagli /   h2 Camera 1 — Camera Doppia (letti uniti) /   h2 Camera 2 — Camera Letti Singoli /   h2 Camera 3 — Camera Matrimoniale Principale /   h2 2 bagni completi, condivisi tra le camere /   h2 Domande frequenti /     h3 Quante persone possono dormire comodamente nell'appartamento? /     h3 I letti singoli possono essere uniti per formare un matrimoniale? /     h3 C'è più di un bagno?",header nav main footer
https://ironwoodlivigno.com/camere-appartamento-livigno/en,1,"The apartment's 3 bedrooms in Livigno: layout, beds and details",5,3,,"h1 The apartment's 3 bedrooms in Livigno: layout, beds and details /   h2 Bedroom 1 — Double Room (joined beds) /   h2 Bedroom 2 — Twin Room /   h2 Bedroom 3 — Main Double Room /   h2 2 full bathrooms, shared across the bedrooms /   h2 Frequently asked questions /     h3 How many people can comfortably sleep in the apartment? /     h3 Can the single beds be joined into a double? /     h3 Is there more than one bathroom?",header nav main footer
https://ironwoodlivigno.com/camere-appartamento-livigno/en-us,1,"The apartment's 3 bedrooms in Livigno, Italy: layout, beds and details",5,3,,"h1 The apartment's 3 bedrooms in Livigno, Italy: layout, beds and details /   h2 Bedroom 1 — Double Room (joined beds) /   h2 Bedroom 2 — Twin Room /   h2 Bedroom 3 — Main Double Room /   h2 2 full bathrooms, shared across the bedrooms /   h2 Frequently asked questions /     h3 How many people can comfortably sleep in the apartment? /     h3 Can the twin beds be joined into a double? /     h3 Is there more than one bathroom?",header nav main footer
https://ironwoodlivigno.com/camere-appartamento-livigno/de,1,"Die 3 Schlafzimmer der Wohnung in Livigno: Aufteilung, Betten und Details",5,3,,"h1 Die 3 Schlafzimmer der Wohnung in Livigno: Aufteilung, Betten und Details /   h2 Zimmer 1 — Doppelzimmer (verbundene Betten) /   h2 Zimmer 2 — Zweibettzimmer /   h2 Zimmer 3 — Hauptschlafzimmer mit Doppelbett /   h2 2 vollständige Bäder, gemeinsam genutzt /   h2 Häufig gestellte Fragen /     h3 Wie viele Personen können bequem in der Wohnung schlafen? /     h3 Können die Einzelbetten zu einem Doppelbett verbunden werden? /     h3 Gibt es mehr als ein Badezimmer?",header nav main footer
https://ironwoodlivigno.com/camere-appartamento-livigno/fr,1,"Les 3 chambres de l'appartement à Livigno : disposition, lits et détails",5,3,,"h1 Les 3 chambres de l'appartement à Livigno : disposition, lits et détails /   h2 Chambre 1 — Chambre Double (lits jumelés) /   h2 Chambre 2 — Chambre Lits Jumeaux /   h2 Chambre 3 — Chambre Double Principale /   h2 2 salles de bains complètes, partagées entre les chambres /   h2 Questions fréquentes /     h3 Combien de personnes peuvent dormir confortablement dans l'appartement ? /     h3 Les lits simples peuvent-ils être réunis pour former un lit double ? /     h3 Y a-t-il plus d'une salle de bains ?",header nav main footer
https://ironwoodlivigno.com/camere-appartamento-livigno/da,1,"Lejlighedens 3 soveværelser i Livigno: layout, senge og detaljer",5,3,,"h1 Lejlighedens 3 soveværelser i Livigno: layout, senge og detaljer /   h2 Soveværelse 1 — Dobbeltværelse (sammensatte senge) /   h2 Soveværelse 2 — Værelse med enkeltsenge /   h2 Soveværelse 3 — Hoveddobbeltværelse /   h2 2 fulde badeværelser, delt mellem soveværelserne /   h2 Ofte stillede spørgsmål /     h3 Hvor mange personer kan komfortabelt sove i lejligheden? /     h3 Kan enkeltsengene samles til en dobbeltseng? /     h3 Er der mere end ét badeværelse?",header nav main footer
https://ironwoodlivigno.com/camere-appartamento-livigno/pl,1,"3 sypialnie w apartamencie w Livigno: układ, łóżka i szczegóły",5,3,,"h1 3 sypialnie w apartamencie w Livigno: układ, łóżka i szczegóły /   h2 Sypialnia 1 — Pokój Dwuosobowy (połączone łóżka) /   h2 Sypialnia 2 — Pokój z Pojedynczymi Łóżkami /   h2 Sypialnia 3 — Główny Pokój Małżeński /   h2 2 pełne łazienki, wspólne dla sypialni /   h2 Najczęściej zadawane pytania /     h3 Ile osób może wygodnie spać w apartamencie? /     h3 Czy pojedyncze łóżka można połączyć w łóżko małżeńskie? /     h3 Czy jest więcej niż jedna łazienka?",header nav main footer
https://ironwoodlivigno.com/camere-appartamento-livigno/cs,1,"3 ložnice apartmánu v Livignu: rozvržení, postele a detaily",5,3,,"h1 3 ložnice apartmánu v Livignu: rozvržení, postele a detaily /   h2 Ložnice 1 — Dvoulůžkový pokoj (spojené postele) /   h2 Ložnice 2 — Pokoj s oddělenými lůžky /   h2 Ložnice 3 — Hlavní manželská ložnice /   h2 2 plnohodnotné koupelny, sdílené mezi ložnicemi /   h2 Časté dotazy /     h3 Kolik lidí může v apartmánu pohodlně spát? /     h3 Mohou být jednolůžkové postele spojeny do manželské postele? /     h3 Je v apartmánu více než jedna koupelna?",header nav main footer
https://ironwoodlivigno.com/camere-appartamento-livigno/no,1,"Leilighetens 3 soverom i Livigno: layout, senger og detaljer",5,3,,"h1 Leilighetens 3 soverom i Livigno: layout, senger og detaljer /   h2 Soverom 1 — Dobbeltrom (sammenkoblede senger) /   h2 Soverom 2 — Rom med enkeltsenger /   h2 Soverom 3 — Hoveddobbeltrom /   h2 2 fullverdige bad, delt mellom soverommene /   h2 Ofte stilte spørsmål /     h3 Hvor mange personer kan sove komfortabelt i leiligheten? /     h3 Kan enkeltsengene kobles sammen til en dobbeltseng? /     h3 Er det mer enn ett bad?",header nav main footer
https://ironwoodlivigno.com/camere-appartamento-livigno/nl,1,"De 3 slaapkamers van het appartement in Livigno: indeling, bedden en details",5,3,,"h1 De 3 slaapkamers van het appartement in Livigno: indeling, bedden en details /   h2 Slaapkamer 1 — Tweepersoonskamer (samengevoegde bedden) /   h2 Slaapkamer 2 — Kamer met Eenpersoonsbedden /   h2 Slaapkamer 3 — Hoofdtweepersoonskamer /   h2 2 volledige badkamers, gedeeld tussen de slaapkamers /   h2 Veelgestelde vragen /     h3 Hoeveel mensen kunnen comfortabel slapen in het appartement? /     h3 Kunnen de eenpersoonsbedden worden samengevoegd tot een tweepersoonsbed? /     h3 Is er meer dan één badkamer?",header nav main footer
https://ironwoodlivigno.com/camere-appartamento-livigno/zh,1,利维尼奥公寓的3间卧室:布局、床型与细节,5,3,,"h1 利维尼奥公寓的3间卧室:布局、床型与细节 /   h2 卧室1——双人房(拼接床) /   h2 卧室2——单人床房 /   h2 卧室3——主双人卧室 /   h2 2间独立浴室,供各卧室共用 /   h2 常见问题 /     h3 公寓最多能舒适容纳多少人入住? /     h3 单人床可以拼接成双人床吗? /     h3 公寓是否有不止一间浴室?",header nav main footer
https://ironwoodlivigno.com/camere-appartamento-livigno/ja,1,リヴィーニョのアパートメントの3つのベッドルーム:間取り、ベッド、詳細,5,3,,h1 リヴィーニョのアパートメントの3つのベッドルーム:間取り、ベッド、詳細 /   h2 ベッドルーム1 — ダブルルーム(連結ベッド) /   h2 ベッドルーム2 — ツインルーム /   h2 ベッドルーム3 — メインダブルルーム /   h2 2つの完全なバスルーム、各ベッドルームで共用 /   h2 よくある質問 /     h3 アパートメントには何名まで快適に宿泊できますか? /     h3 シングルベッドを連結してダブルベッドにできますか? /     h3 バスルームは1つ以上ありますか?,header nav main footer
