url,status,indexable,canonical_ok,lang,h1,title,meta_description,words,schema,internal_links_out,internal_links_in,images,click_depth,internal_pagerank_x1000,intent,decision
https://ironwoodlivigno.com/it,200,yes,yes,it,"Appartamento a Livigno, il tuo rifugio in ogni stagione",Ironwood Livigno — Appartamento a Livigno con sauna privata,"Appartamento di 90 m² a Livigno con sauna a infrarossi e bagno turco privati, 3 camere, 2 bagni, a 100 m dagli impianti. Per famiglie e gruppi fino a 6.",1673,LodgingBusiness+VacationRental FAQPage WebSite,22,53,22,0,13.31,transactional (home),KEEP
https://ironwoodlivigno.com/en,200,yes,yes,en,"Apartment in Livigno, your retreat in every season",Ironwood Livigno — Apartment with Private Sauna,"90 sqm apartment in Livigno with private infrared sauna and Turkish bath, 3 bedrooms, 2 bathrooms, 100 m from the ski lifts. For families and groups up to 6.",1641,LodgingBusiness+VacationRental FAQPage WebSite,22,53,22,1,16.24,transactional (home),KEEP
https://ironwoodlivigno.com/de,200,yes,yes,de,Ferienwohnung in Livigno – Ihr Rückzugsort zu jeder Jahreszeit,Ironwood Livigno — Ferienwohnung mit privater Sauna,"90 m² Ferienwohnung in Livigno mit privater Infrarotsauna und Dampfbad, 3 Schlafzimmer, 2 Bäder, 100 m von den Liften. Für Familien und Gruppen bis 6.",1586,LodgingBusiness+VacationRental FAQPage WebSite,22,53,22,1,15.48,transactional (home),KEEP
https://ironwoodlivigno.com/fr,200,yes,yes,fr,"Appartement à Livigno, votre refuge en toute saison",Ironwood Livigno — Appartement avec sauna privé,"Appartement 90 m² à Livigno avec sauna infrarouge et hammam privés, 3 chambres, 2 salles de bain, à 100 m des remontées. Pour familles et groupes jusqu'à 6.",1794,LodgingBusiness+VacationRental FAQPage WebSite,22,53,22,1,15.48,transactional (home),KEEP
https://ironwoodlivigno.com/da,200,yes,yes,da,"Lejlighed i Livigno, dit fristed hele året",Ironwood Livigno — Lejlighed med privat sauna,"90 m² lejlighed i Livigno med privat infrarød sauna og tyrkisk bad, 3 værelser, 2 badeværelser, 100 m fra skiliftene. Til familier og grupper på op til 6.",1571,LodgingBusiness+VacationRental FAQPage WebSite,22,53,22,1,15.48,transactional (home),KEEP
https://ironwoodlivigno.com/pl,200,yes,yes,pl,"Apartament w Livigno, twoje schronienie o każdej porze roku",Ironwood Livigno — Apartament z prywatną sauną,"Apartament 90 m² w Livigno z prywatną sauną na podczerwień i łaźnią parową, 3 sypialnie, 2 łazienki, 100 m od wyciągów. Dla rodzin i grup do 6 osób.",1568,LodgingBusiness+VacationRental FAQPage WebSite,22,53,22,1,15.48,transactional (home),KEEP
https://ironwoodlivigno.com/cs,200,yes,yes,cs,"Apartmán v Livignu, vaše útočiště po celý rok",Ironwood Livigno — Apartmán se soukromou saunou,"Apartmán 90 m² v Livignu se soukromou infrasaunou a tureckou lázní, 3 ložnice, 2 koupelny, jen 100 m od vleků. Pro rodiny a skupiny až 6 osob.",1527,LodgingBusiness+VacationRental FAQPage WebSite,22,53,22,1,15.48,transactional (home),KEEP
https://ironwoodlivigno.com/no,200,yes,yes,no,"Leilighet i Livigno, ditt tilfluktssted i alle sesonger",Ironwood Livigno — Leilighet med privat badstue,"90 kvm leilighet i Livigno med privat infrarød badstue og tyrkisk bad, 3 soverom, 2 bad, bare 100 m fra skiheisene. For familier og grupper på opptil 6.",1556,LodgingBusiness+VacationRental FAQPage WebSite,22,53,22,1,15.48,transactional (home),KEEP
https://ironwoodlivigno.com/nl,200,yes,yes,nl,"Appartement in Livigno, jouw toevluchtsoord in elk seizoen",Ironwood Livigno — Appartement met privésauna,"90 m² appartement in Livigno met privé infraroodsauna en Turks stoombad, 3 slaapkamers, 2 badkamers, 100 m van de liften. Voor gezinnen en groepen tot 6.",1658,LodgingBusiness+VacationRental FAQPage WebSite,22,53,22,1,15.48,transactional (home),KEEP
https://ironwoodlivigno.com/zh,200,yes,yes,zh,利维尼奥公寓，四季皆宜的度假居所,Ironwood Livigno — 带私人桑拿的利维尼奥公寓,利维尼奥90平方米公寓，配有私人红外线桑拿和土耳其浴室，3间卧室2间浴室，距缆车仅100米，适合最多6人的家庭和团体。,4420,LodgingBusiness+VacationRental FAQPage WebSite,22,53,22,1,15.48,transactional (home),KEEP
https://ironwoodlivigno.com/ja,200,yes,yes,ja,リヴィーニョのアパートメント、一年を通じて過ごせる隠れ家,Ironwood Livigno — 専用サウナ付きアパートメント,リヴィーニョの90㎡アパートメント。専用の赤外線サウナとトルコ式蒸し風呂、寝室3室、バスルーム2室、リフトまで100m。最大6名のご家族・グループに最適です。,5870,LodgingBusiness+VacationRental FAQPage WebSite,22,53,22,1,15.48,transactional (home),KEEP
https://ironwoodlivigno.com/en-us,200,yes,yes,en-us,"Apartment in Livigno, Italy, your retreat in every season","Ironwood Livigno, Italy — Vacation Rental with Sauna","970 sqft apartment in Livigno, Italy with private infrared sauna and Turkish bath, 3 bedrooms, 2 bathrooms, 100 m from lifts. For families and groups up to 6.",1669,LodgingBusiness+VacationRental FAQPage WebSite,22,30,22,1,11.83,transactional (home),KEEP
https://ironwoodlivigno.com/it/contatti,200,yes,yes,it,Come contattarci,Come contattarci — Ironwood Livigno,"Contatta Ironwood Livigno: email, telefono, WhatsApp o modulo di richiesta. Ti rispondiamo rapidamente per organizzare il tuo soggiorno a Livigno.",157,BreadcrumbList ContactPage,22,31,0,1,3.84,navigational,KEEP
https://ironwoodlivigno.com/en/contact,200,yes,yes,en,How to reach us,How to reach us — Ironwood Livigno,"Contact Ironwood Livigno: email, phone, WhatsApp or the request form. We reply quickly to help plan your stay in Livigno.",168,BreadcrumbList ContactPage,22,31,0,2,7.02,navigational,KEEP
https://ironwoodlivigno.com/de/kontakt,200,yes,yes,de,So erreichen Sie uns,So erreichen Sie uns — Ironwood Livigno,"Kontakt zu Ironwood Livigno: E-Mail, Telefon, WhatsApp oder Anfrageformular. Wir antworten schnell.",170,BreadcrumbList ContactPage,22,31,0,2,6.19,navigational,KEEP
https://ironwoodlivigno.com/fr/contact,200,yes,yes,fr,Comment nous contacter,Comment nous contacter — Ironwood Livigno,"Contactez Ironwood Livigno : email, téléphone, WhatsApp ou formulaire de demande. Nous répondons rapidement pour vous aider à organiser votre séjour à Livigno.",171,BreadcrumbList ContactPage,22,31,0,2,6.19,navigational,KEEP
https://ironwoodlivigno.com/da/kontakt,200,yes,yes,da,Sådan kontakter du os,Sådan kontakter du os — Ironwood Livigno,"Kontakt Ironwood Livigno: email, telefon, WhatsApp eller kontaktformular. Vi svarer hurtigt og hjælper dig med at planlægge dit ophold i Livigno.",169,BreadcrumbList ContactPage,22,31,0,2,6.19,navigational,KEEP
https://ironwoodlivigno.com/pl/kontakt,200,yes,yes,pl,Jak się z nami skontaktować,Jak się z nami skontaktować — Ironwood Livigno,"Skontaktuj się z Ironwood Livigno: email, telefon, WhatsApp lub formularz zapytania. Odpowiadamy szybko i pomożemy zaplanować pobyt w Livigno.",157,BreadcrumbList ContactPage,22,31,0,2,6.19,navigational,KEEP
https://ironwoodlivigno.com/cs/kontakt,200,yes,yes,cs,Jak nás kontaktovat,Jak nás kontaktovat — Ironwood Livigno,"Kontaktujte Ironwood Livigno: email, telefon, WhatsApp nebo formulář poptávky. Odpovídáme rychle a pomůžeme vám naplánovat pobyt v Livignu.",161,BreadcrumbList ContactPage,22,31,0,2,6.19,navigational,KEEP
https://ironwoodlivigno.com/no/kontakt,200,yes,yes,no,Slik når du oss,Slik når du oss — Ironwood Livigno,"Kontakt Ironwood Livigno: e-post, telefon, WhatsApp eller kontaktskjema. Vi svarer raskt og hjelper deg med å planlegge oppholdet i Livigno.",167,BreadcrumbList ContactPage,22,31,0,2,6.19,navigational,KEEP
https://ironwoodlivigno.com/nl/contact,200,yes,yes,nl,Zo bereik je ons,Zo bereik je ons — Ironwood Livigno,"Neem contact op met Ironwood Livigno: e-mail, telefoon, WhatsApp of het aanvraagformulier. We reageren snel.",170,BreadcrumbList ContactPage,22,31,0,2,6.19,navigational,KEEP
https://ironwoodlivigno.com/zh/contact,200,yes,yes,zh,如何联系我们,如何联系我们 — Ironwood Livigno,"联系 Ironwood Livigno:邮件、电话、WhatsApp 或在线表单。我们会尽快回复,帮助您规划利维尼奥之旅。",789,BreadcrumbList ContactPage,22,31,0,2,6.19,navigational,KEEP
https://ironwoodlivigno.com/ja/contact,200,yes,yes,ja,お問い合わせ方法,お問い合わせ方法 — Ironwood Livigno,Ironwood Livignoへのお問い合わせ:メール、電話、WhatsApp、またはお問い合わせフォーム。リヴィーニョでの滞在計画のお手伝いのため、迅速にご返信します。,937,BreadcrumbList ContactPage,22,31,0,2,6.19,navigational,KEEP
https://ironwoodlivigno.com/en-us/contact,200,yes,yes,en-us,"How to reach us in Livigno, Italy","How to reach us in Livigno, Italy — Ironwood Livigno","Contact Ironwood Livigno, Italy: email, phone, WhatsApp or the request form. We reply quickly to help plan your vacation in Livigno.",175,BreadcrumbList ContactPage,22,8,0,2,2.23,navigational,KEEP
https://ironwoodlivigno.com/blog,200,yes,yes,it,Consigli pratici per la tua vacanza a Livigno,Guida a Livigno — Blog | Ironwood Livigno,"Guide pratiche su Livigno: come arrivare, sci, mountain bike, trekking e come organizzare al meglio la tua vacanza.",828,BreadcrumbList Blog,43,31,22,1,3.92,navigational (hub),KEEP
https://ironwoodlivigno.com/blog/en,200,yes,yes,en,Practical tips for your holiday in Livigno,"Livigno Travel Guide: Skiing, Summer and Practical Tips","Practical guides to Livigno written by a local host: getting there, skiing and ski pass prices, summer hiking and biking, duty-free shopping and when to book.",862,BreadcrumbList Blog,33,41,22,2,9.06,navigational (hub),KEEP
https://ironwoodlivigno.com/blog/de,200,yes,yes,de,Praktische Tipps für Ihren Urlaub in Livigno,"Livigno Reiseführer: Skifahren, Sommer und praktische Tipps","Praktische Guides zu Livigno von Gastgebern vor Ort: Anreise, Skifahren und Skipass-Preise, Wandern und Biken im Sommer, zollfreies Einkaufen und beste Reisezeit.",735,BreadcrumbList Blog,33,32,22,2,6.36,navigational (hub),KEEP
https://ironwoodlivigno.com/blog/pl,200,yes,yes,pl,Praktyczne porady na urlop w Livigno,"Przewodnik po Livigno: narty, lato i praktyczne porady","Praktyczne przewodniki po Livigno od lokalnych gospodarzy: dojazd, narty i ceny karnetów, trekking i rower latem, zakupy bez cła i kiedy rezerwować.",749,BreadcrumbList Blog,33,32,22,2,6.36,navigational (hub),KEEP
https://ironwoodlivigno.com/blog/nl,200,yes,yes,nl,Praktische tips voor je vakantie in Livigno,"Reisgids Livigno: skiën, zomer en praktische tips","Praktische gidsen over Livigno van lokale gastheren: de reis, skiën en skipasprijzen, wandelen en fietsen in de zomer, belastingvrij winkelen en wanneer boeken.",833,BreadcrumbList Blog,33,32,22,2,6.36,navigational (hub),KEEP
https://ironwoodlivigno.com/blog/cs,200,yes,yes,cs,Praktické tipy pro vaši dovolenou v Livignu,"Průvodce Livignem: lyžování, léto a praktické tipy","Praktičtí průvodci Livignem od místních hostitelů: cesta, lyžování a ceny skipasů, turistika a kolo v létě, bezcelní nákupy a kdy rezervovat.",757,BreadcrumbList Blog,33,32,22,2,6.36,navigational (hub),KEEP
https://ironwoodlivigno.com/blog/fr,200,yes,yes,fr,Conseils pratiques pour vos vacances à Livigno,"Guide de Livigno : ski, été et conseils pratiques","Guides pratiques sur Livigno écrits par des hôtes sur place : comment venir, ski et prix des forfaits, randonnée et VTT en été, shopping détaxé et quand réserver.",913,BreadcrumbList Blog,33,32,22,2,6.36,navigational (hub),KEEP
https://ironwoodlivigno.com/blog/da,200,yes,yes,da,Praktiske råd til din ferie i Livigno,"Rejseguide til Livigno: ski, sommer og praktiske råd","Praktiske guides til Livigno fra lokale værter: rejsen, skiløb og liftkortpriser, vandring og cykling om sommeren, toldfri shopping og hvornår du skal booke.",826,BreadcrumbList Blog,33,32,22,2,6.36,navigational (hub),KEEP
https://ironwoodlivigno.com/blog/no,200,yes,yes,no,Praktiske tips til ferien i Livigno,"Reiseguide til Livigno: ski, sommer og praktiske tips","Praktiske guider til Livigno fra lokale verter: reisen, skikjøring og heiskortpriser, fotturer og sykling om sommeren, tollfri shopping og når du bør bestille.",814,BreadcrumbList Blog,33,32,22,2,6.36,navigational (hub),KEEP
https://ironwoodlivigno.com/blog/zh,200,yes,yes,zh,利维尼奥度假实用建议,利维尼奥旅游指南：滑雪、夏季与实用建议,由当地房东撰写的利维尼奥实用指南：交通、滑雪与雪票价格、夏季徒步和骑行、免税购物以及何时预订。,1603,BreadcrumbList Blog,33,32,22,2,6.36,navigational (hub),KEEP
https://ironwoodlivigno.com/blog/ja,200,yes,yes,ja,リヴィーニョでの休暇に役立つ実用情報,リヴィーニョ旅行ガイド：スキー、夏、実用情報,地元のホストが書いたリヴィーニョの実用ガイド：アクセス、スキーとリフト券の料金、夏のハイキングとサイクリング、免税ショッピング、予約の時期。,2075,BreadcrumbList Blog,33,32,22,2,6.36,navigational (hub),KEEP
https://ironwoodlivigno.com/blog/come-arrivare-a-livigno,200,yes,yes,it,Come arrivare a Livigno: guida pratica,Come arrivare a Livigno: guida pratica | Ironwood Livigno,"Treno, auto o aereo: come raggiungere Livigno da Milano e dagli aeroporti principali, e cosa sapere prima di partire.",458,BlogPosting BreadcrumbList HowTo,25,5,1,2,0.87,informational,KEEP
https://ironwoodlivigno.com/blog/come-arrivare-a-livigno/en,200,yes,yes,en,How to Get to Livigno: A Practical Guide,How to Get to Livigno: A Practical Guide | Ironwood Livigno,"Train, car or plane: how to reach Livigno from Milan and the main airports, and what to know before you go.",392,BlogPosting BreadcrumbList,14,7,1,3,1.61,informational,KEEP
https://ironwoodlivigno.com/blog/come-arrivare-a-livigno/de,200,yes,yes,de,Anreise nach Livigno: praktischer Reiseführer,Anreise nach Livigno: praktischer Reiseführer,"Zug, Auto oder Flugzeug: So erreichen Sie Livigno von Mailand und den wichtigsten Flughäfen aus – und was Sie vorher wissen sollten.",375,BlogPosting BreadcrumbList,14,6,1,3,1.27,informational,KEEP
https://ironwoodlivigno.com/blog/come-arrivare-a-livigno/pl,200,yes,yes,pl,Jak dojechać do Livigno: praktyczny przewodnik,Jak dojechać do Livigno: praktyczny przewodnik,"Pociąg, samochód czy samolot: jak dotrzeć do Livigno z Mediolanu i głównych lotnisk oraz co warto wiedzieć przed wyjazdem.",336,BlogPosting BreadcrumbList,14,6,1,3,1.27,informational,KEEP
https://ironwoodlivigno.com/blog/come-arrivare-a-livigno/nl,200,yes,yes,nl,Naar Livigno reizen: praktische gids,Naar Livigno reizen: praktische gids | Ironwood Livigno,"Trein, auto of vliegtuig: zo bereik je Livigno vanuit Milaan en de belangrijkste luchthavens, en wat je moet weten voordat je vertrekt.",390,BlogPosting BreadcrumbList,14,6,1,3,1.27,informational,KEEP
https://ironwoodlivigno.com/blog/come-arrivare-a-livigno/cs,200,yes,yes,cs,Jak se dostat do Livigna: praktický průvodce,Jak se dostat do Livigna: praktický průvodce,"Vlakem, autem nebo letadlem: jak se do Livigna dostat z Milána a hlavních letišť a co je dobré vědět ještě před odjezdem.",340,BlogPosting BreadcrumbList,14,6,1,3,1.27,informational,KEEP
https://ironwoodlivigno.com/blog/come-arrivare-a-livigno/fr,200,yes,yes,fr,Comment aller à Livigno : guide pratique,Comment aller à Livigno : guide pratique | Ironwood Livigno,"Train, voiture ou avion : comment rejoindre Livigno depuis Milan et les principaux aéroports, et ce qu'il faut savoir avant de partir.",413,BlogPosting BreadcrumbList,14,6,1,3,1.27,informational,KEEP
https://ironwoodlivigno.com/blog/come-arrivare-a-livigno/da,200,yes,yes,da,Sådan kommer du til Livigno: praktisk guide,Sådan kommer du til Livigno: praktisk guide,"Tog, bil eller fly: sådan kommer du til Livigno fra Milano og de største lufthavne, og hvad du skal vide, før du tager af sted.",368,BlogPosting BreadcrumbList,14,6,1,3,1.27,informational,KEEP
https://ironwoodlivigno.com/blog/come-arrivare-a-livigno/no,200,yes,yes,no,Slik kommer du deg til Livigno: praktisk guide,Slik kommer du deg til Livigno: praktisk guide,"Tog, bil eller fly: slik kommer du til Livigno fra Milano og de største flyplassene, og hva du bør vite før du reiser.",371,BlogPosting BreadcrumbList,14,6,1,3,1.27,informational,KEEP
https://ironwoodlivigno.com/blog/come-arrivare-a-livigno/zh,200,yes,yes,zh,如何前往利维尼奥：实用交通指南,如何前往利维尼奥：实用交通指南 | Ironwood Livigno,火车、自驾还是飞机：如何从米兰和主要机场前往利维尼奥，以及出发前需要了解的事项。,789,BlogPosting BreadcrumbList,14,6,1,3,1.27,informational,KEEP
https://ironwoodlivigno.com/blog/come-arrivare-a-livigno/ja,200,yes,yes,ja,リヴィーニョへの行き方：実用ガイド,リヴィーニョへの行き方：実用ガイド | Ironwood Livigno,電車、車、飛行機：ミラノや主要空港からリヴィーニョへの行き方と、出発前に知っておきたいポイント。,987,BlogPosting BreadcrumbList,14,6,1,3,1.27,informational,KEEP
https://ironwoodlivigno.com/blog/sci-a-livigno-guida-carosello-3000,200,yes,yes,it,Sci a Livigno: guida al comprensorio Carosello 3000,Sci a Livigno: guida al comprensorio Carosello 3000,"Cosa sapere sul comprensorio sciistico di Livigno, il versante Carosello 3000 e come organizzare le giornate sulla neve.",494,BlogPosting BreadcrumbList,25,6,1,2,0.89,informational,KEEP
https://ironwoodlivigno.com/blog/sci-a-livigno-guida-carosello-3000/en,200,yes,yes,en,Skiing in Livigno: A Guide to the Carosello 3000 Ski Area,Skiing in Livigno: A Guide to the Carosello 3000 Ski Area,"What to know about Livigno's ski area, the Carosello 3000 side, and how to plan your days on the snow.",398,BlogPosting BreadcrumbList,14,8,1,3,1.69,informational,KEEP
https://ironwoodlivigno.com/blog/sci-a-livigno-guida-carosello-3000/de,200,yes,yes,de,Skifahren in Livigno: Leitfaden zum Skigebiet Carosello 3000,Skifahren in Livigno: Leitfaden zum Skigebiet Carosello 3000,"Wissenswertes über das Skigebiet von Livigno, die Carosello-3000-Seite und wie Sie Ihre Skitage am besten planen.",368,BlogPosting BreadcrumbList,14,7,1,3,1.33,informational,KEEP
https://ironwoodlivigno.com/blog/sci-a-livigno-guida-carosello-3000/pl,200,yes,yes,pl,Narty w Livigno: przewodnik po ośrodku Carosello 3000,Narty w Livigno: przewodnik po ośrodku Carosello 3000,"Co warto wiedzieć o ośrodku narciarskim Livigno i stoku Carosello 3000: sezon, trasy dla każdego i jak najlepiej zaplanować dni na śniegu.",336,BlogPosting BreadcrumbList,14,7,1,3,1.33,informational,KEEP
https://ironwoodlivigno.com/blog/sci-a-livigno-guida-carosello-3000/nl,200,yes,yes,nl,Skiën in Livigno: gids voor skigebied Carosello 3000,Skiën in Livigno: gids voor skigebied Carosello 3000,"Wat je moet weten over het skigebied van Livigno, de Carosello 3000-kant, het seizoen en hoe je je dagen op de sneeuw het best plant.",370,BlogPosting BreadcrumbList,14,7,1,3,1.33,informational,KEEP
https://ironwoodlivigno.com/blog/sci-a-livigno-guida-carosello-3000/cs,200,yes,yes,cs,Lyžování v Livignu: průvodce areálem Carosello 3000,Lyžování v Livignu: průvodce areálem Carosello 3000,"Co vědět o lyžařském areálu Livigno a svahu Carosello 3000: sezóna, sjezdovky pro každého a jak si nejlépe naplánovat dny na sněhu.",323,BlogPosting BreadcrumbList,14,7,1,3,1.33,informational,KEEP
https://ironwoodlivigno.com/blog/sci-a-livigno-guida-carosello-3000/fr,200,yes,yes,fr,Skier à Livigno : guide du domaine Carosello 3000,Skier à Livigno : guide du domaine Carosello 3000,"Ce qu'il faut savoir sur le domaine skiable de Livigno et le versant Carosello 3000 : la saison, les pistes pour tous et comment organiser vos journées.",416,BlogPosting BreadcrumbList,14,7,1,3,1.33,informational,KEEP
https://ironwoodlivigno.com/blog/sci-a-livigno-guida-carosello-3000/da,200,yes,yes,da,Skiferie i Livigno: guide til skiområdet Carosello 3000,Skiferie i Livigno: guide til skiområdet Carosello 3000,"Det skal du vide om skiområdet i Livigno og Carosello 3000-siden: sæsonen, pister til alle niveauer og hvordan du bedst planlægger dine dage på sneen.",366,BlogPosting BreadcrumbList,14,7,1,3,1.33,informational,KEEP
https://ironwoodlivigno.com/blog/sci-a-livigno-guida-carosello-3000/no,200,yes,yes,no,Skikjøring i Livigno: guide til Carosello 3000,Skikjøring i Livigno: guide til Carosello 3000,"Dette bør du vite om skiområdet i Livigno og Carosello 3000-siden: sesongen, bakker for alle nivåer og hvordan du best planlegger dagene i snøen.",360,BlogPosting BreadcrumbList,14,7,1,3,1.33,informational,KEEP
https://ironwoodlivigno.com/blog/sci-a-livigno-guida-carosello-3000/zh,200,yes,yes,zh,利维尼奥滑雪：Carosello 3000 雪场指南,利维尼奥滑雪：Carosello 3000 雪场指南 | Ironwood Livigno,关于利维尼奥滑雪场和 Carosello 3000 雪区你需要知道的一切：雪季时间、适合各水平的雪道，以及如何规划滑雪日程。,777,BlogPosting BreadcrumbList,14,7,1,3,1.33,informational,KEEP
https://ironwoodlivigno.com/blog/sci-a-livigno-guida-carosello-3000/ja,200,yes,yes,ja,リヴィーニョでスキー：カロゼッロ3000ガイド,リヴィーニョでスキー：カロゼッロ3000ガイド | Ironwood Livigno,リヴィーニョのスキー場とカロゼッロ3000エリアについて：シーズン、レベル別のゲレンデ、雪の上での一日の計画の立て方。,958,BlogPosting BreadcrumbList,14,7,1,3,1.33,informational,KEEP
https://ironwoodlivigno.com/blog/livigno-estate-mountain-bike-trekking-lago,200,yes,yes,it,"Livigno d'estate: mountain bike, trekking e il lago","Livigno d'estate: mountain bike, trekking e il lago","Perché Livigno non è solo una meta invernale: bike park, sentieri per tutti i livelli e il Lago di Livigno da scoprire d'estate.",587,BlogPosting BreadcrumbList,24,5,1,2,0.87,informational,KEEP
https://ironwoodlivigno.com/blog/livigno-estate-mountain-bike-trekking-lago/en,200,yes,yes,en,"Livigno in Summer: Mountain Biking, Hiking and the Lake","Livigno in Summer: Mountain Biking, Hiking and the Lake","Why Livigno isn't just a winter destination: a bike park, trails for every level, and Lake Livigno to discover in summer.",531,BlogPosting BreadcrumbList,14,7,1,3,1.63,informational,KEEP
https://ironwoodlivigno.com/blog/livigno-estate-mountain-bike-trekking-lago/de,200,yes,yes,de,"Livigno im Sommer: Mountainbiken, Wandern und der See","Livigno im Sommer: Mountainbiken, Wandern und der See","Warum Livigno kein reines Winterziel ist: Bikepark, Wege für jedes Niveau und der Lago di Livigno, den es im Sommer zu entdecken gilt.",517,BlogPosting BreadcrumbList,14,6,1,3,1.29,informational,KEEP
https://ironwoodlivigno.com/blog/livigno-estate-mountain-bike-trekking-lago/pl,200,yes,yes,pl,"Livigno latem: rower górski, trekking i jezioro","Livigno latem: rower górski, trekking i jezioro","Dlaczego Livigno to nie tylko cel zimowy: bike park, trasy na każdy poziom i jezioro Lago di Livigno do odkrycia latem.",469,BlogPosting BreadcrumbList,14,6,1,3,1.29,informational,KEEP
https://ironwoodlivigno.com/blog/livigno-estate-mountain-bike-trekking-lago/nl,200,yes,yes,nl,"Livigno in de zomer: mountainbiken, wandelen en het meer","Livigno in de zomer: mountainbiken, wandelen en het meer","Waarom Livigno niet alleen een winterbestemming is: een bikepark, routes voor elk niveau en het Lago di Livigno om in de zomer te ontdekken.",538,BlogPosting BreadcrumbList,14,6,1,3,1.29,informational,KEEP
https://ironwoodlivigno.com/blog/livigno-estate-mountain-bike-trekking-lago/cs,200,yes,yes,cs,"Livigno v létě: horská kola, turistika a jezero","Livigno v létě: horská kola, turistika a jezero","Proč Livigno není jen zimní destinace: bikepark, trasy pro každou úroveň a jezero Lago di Livigno, které stojí za to objevit v létě.",480,BlogPosting BreadcrumbList,14,6,1,3,1.29,informational,KEEP
https://ironwoodlivigno.com/blog/livigno-estate-mountain-bike-trekking-lago/fr,200,yes,yes,fr,"Livigno en été : VTT, randonnée et le lac","Livigno en été : VTT, randonnée et le lac | Ironwood Livigno","Pourquoi Livigno n'est pas qu'une destination d'hiver : un bike park, des itinéraires pour tous les niveaux et le lac de Livigno à découvrir en été.",590,BlogPosting BreadcrumbList,14,6,1,3,1.29,informational,KEEP
https://ironwoodlivigno.com/blog/livigno-estate-mountain-bike-trekking-lago/da,200,yes,yes,da,"Livigno om sommeren: mountainbike, vandreture og søen","Livigno om sommeren: mountainbike, vandreture og søen","Hvorfor Livigno ikke kun er et vintermål: en bikepark, ruter til alle niveauer og søen Lago di Livigno, der er værd at opleve om sommeren.",503,BlogPosting BreadcrumbList,14,6,1,3,1.29,informational,KEEP
https://ironwoodlivigno.com/blog/livigno-estate-mountain-bike-trekking-lago/no,200,yes,yes,no,"Livigno om sommeren: terrengsykkel, fotturer og innsjøen","Livigno om sommeren: terrengsykkel, fotturer og innsjøen","Hvorfor Livigno ikke bare er et vinterreisemål: en sykkelpark, ruter for alle nivåer og innsjøen Lago di Livigno som er verdt å oppleve om sommeren.",491,BlogPosting BreadcrumbList,14,6,1,3,1.29,informational,KEEP
https://ironwoodlivigno.com/blog/livigno-estate-mountain-bike-trekking-lago/zh,200,yes,yes,zh,夏日利维尼奥：山地车、徒步与湖泊,夏日利维尼奥：山地车、徒步与湖泊 | Ironwood Livigno,为什么利维尼奥不只是冬季目的地：山地车公园、适合各水平的路线，以及夏天值得探索的利维尼奥湖。,1069,BlogPosting BreadcrumbList,14,6,1,3,1.29,informational,KEEP
https://ironwoodlivigno.com/blog/livigno-estate-mountain-bike-trekking-lago/ja,200,yes,yes,ja,夏のリヴィーニョ：マウンテンバイク、ハイキング、湖,夏のリヴィーニョ：マウンテンバイク、ハイキング、湖 | Ironwood Livigno,リヴィーニョは冬だけの場所ではありません。バイクパーク、レベル別のルート、夏に訪れたいリヴィーニョ湖をご紹介します。,1369,BlogPosting BreadcrumbList,14,6,1,3,1.29,informational,KEEP
https://ironwoodlivigno.com/blog/cosa-mangiare-a-livigno-piatti-tipici,200,yes,yes,it,Cosa mangiare a Livigno: piatti tipici e dove provarli,Cosa mangiare a Livigno: piatti tipici e dove provarli,"Pizzoccheri, sciatt e bresaola della Valtellina IGP: cosa mangiare a Livigno, come sono fatti i piatti tipici e dove provarli durante la vacanza.",465,BlogPosting BreadcrumbList,24,4,1,2,0.56,informational,KEEP
https://ironwoodlivigno.com/blog/cosa-mangiare-a-livigno-piatti-tipici/en,200,yes,yes,en,What to Eat in Livigno: Traditional Valtellina Dishes,What to Eat in Livigno: Traditional Valtellina Dishes,"Pizzoccheri, sciatt and bresaola: the traditional dishes to try during a holiday in Livigno, rooted in farming tradition and mountain ingredients.",389,BlogPosting BreadcrumbList,14,5,1,3,0.85,informational,KEEP
https://ironwoodlivigno.com/blog/cosa-mangiare-a-livigno-piatti-tipici/de,200,yes,yes,de,Was man in Livigno isst: Gerichte der Valtellina,Was man in Livigno isst: Gerichte der Valtellina,"Pizzoccheri, Sciatt und Bresaola: die typischen Gerichte, die man während eines Urlaubs in Livigno probieren sollte.",362,BlogPosting BreadcrumbList,14,5,1,3,0.76,informational,KEEP
https://ironwoodlivigno.com/blog/cosa-mangiare-a-livigno-piatti-tipici/pl,200,yes,yes,pl,Co zjeść w Livigno: typowe dania Valtelliny,Co zjeść w Livigno: typowe dania Valtelliny,"Pizzoccheri, sciatt i bresaola: typowe dania, których warto spróbować podczas urlopu w Livigno, zakorzenione w chłopskiej tradycji i górskich produktach.",338,BlogPosting BreadcrumbList,14,5,1,3,0.76,informational,KEEP
https://ironwoodlivigno.com/blog/cosa-mangiare-a-livigno-piatti-tipici/nl,200,yes,yes,nl,Wat eten in Livigno: typische gerechten uit Valtellina,Wat eten in Livigno: typische gerechten uit Valtellina,"Pizzoccheri, sciatt en bresaola: de typische gerechten om te proeven tijdens een vakantie in Livigno, geworteld in de boerentraditie van de bergen.",389,BlogPosting BreadcrumbList,14,5,1,3,0.76,informational,KEEP
https://ironwoodlivigno.com/blog/cosa-mangiare-a-livigno-piatti-tipici/cs,200,yes,yes,cs,Co jíst v Livignu: typická jídla z Valtelliny,Co jíst v Livignu: typická jídla z Valtelliny,"Pizzoccheri, sciatt a bresaola: typická jídla, která stojí za to ochutnat na dovolené v Livignu, vycházející z venkovské tradice a horských surovin.",333,BlogPosting BreadcrumbList,14,5,1,3,0.76,informational,KEEP
https://ironwoodlivigno.com/blog/cosa-mangiare-a-livigno-piatti-tipici/fr,200,yes,yes,fr,Que manger à Livigno : les plats typiques de la Valteline,Que manger à Livigno : les plats typiques de la Valteline,"Pizzoccheri, sciatt et bresaola : les plats typiques à goûter pendant des vacances à Livigno, issus de la tradition paysanne et des produits de montagne.",445,BlogPosting BreadcrumbList,14,5,1,3,0.76,informational,KEEP
https://ironwoodlivigno.com/blog/cosa-mangiare-a-livigno-piatti-tipici/da,200,yes,yes,da,Hvad skal man spise i Livigno: typiske retter fra Valtellina,Hvad skal man spise i Livigno: typiske retter fra Valtellina,"Pizzoccheri, sciatt og bresaola: de typiske retter, du skal smage på en ferie i Livigno, med rødder i bondetraditionen og bjergenes råvarer.",378,BlogPosting BreadcrumbList,14,5,1,3,0.76,informational,KEEP
https://ironwoodlivigno.com/blog/cosa-mangiare-a-livigno-piatti-tipici/no,200,yes,yes,no,Hva spiser man i Livigno: typiske retter fra Valtellina,Hva spiser man i Livigno: typiske retter fra Valtellina,"Pizzoccheri, sciatt og bresaola: de typiske rettene du bør smake på en ferie i Livigno, med røtter i bondetradisjonen og fjellets råvarer.",374,BlogPosting BreadcrumbList,14,5,1,3,0.76,informational,KEEP
https://ironwoodlivigno.com/blog/cosa-mangiare-a-livigno-piatti-tipici/zh,200,yes,yes,zh,利维尼奥吃什么：瓦尔泰利纳特色菜,利维尼奥吃什么：瓦尔泰利纳特色菜 | Ironwood Livigno,荞麦面 Pizzoccheri、奶酪荞麦球 Sciatt 和风干牛肉 Bresaola：在利维尼奥度假时值得品尝的特色菜，源自农耕传统和高山食材。,815,BlogPosting BreadcrumbList,14,5,1,3,0.76,informational,KEEP
https://ironwoodlivigno.com/blog/cosa-mangiare-a-livigno-piatti-tipici/ja,200,yes,yes,ja,リヴィーニョで何を食べる？ヴァルテッリーナの郷土料理,リヴィーニョで何を食べる？ヴァルテッリーナの郷土料理 | Ironwood Livigno,ピッツォッケリ、シャット、ブレザオラ：農村の伝統と山の食材から生まれた、リヴィーニョ滞在中に味わいたい郷土料理。,1072,BlogPosting BreadcrumbList,14,5,1,3,0.76,informational,KEEP
https://ironwoodlivigno.com/blog/shopping-duty-free-livigno-cosa-comprare,200,yes,yes,it,Cosa comprare a Livigno: guida allo shopping duty-free,Cosa comprare a Livigno: guida allo shopping duty-free,"Cosa conviene comprare a Livigno? Alcolici, tabacco, profumi e cosmetici in zona franca: cosa costa meno, i limiti di franchigia e dove fare shopping.",441,BlogPosting BreadcrumbList,24,4,1,2,0.57,informational,KEEP
https://ironwoodlivigno.com/blog/shopping-duty-free-livigno-cosa-comprare/en,200,yes,yes,en,What to Buy in Livigno: Duty-Free Shopping Guide,What to Buy in Livigno: Duty-Free Shopping Guide,"What to buy in Livigno's duty-free zone: spirits, tobacco, perfumes and cosmetics, what's genuinely worth it, the allowance limits, and where to shop.",383,BlogPosting BreadcrumbList,14,4,1,3,0.80,informational,KEEP
https://ironwoodlivigno.com/blog/shopping-duty-free-livigno-cosa-comprare/de,200,yes,yes,de,Livigno zollfrei: Shopping-Tipps und was sich lohnt,Livigno zollfrei: Shopping-Tipps und was sich lohnt,"Livigno zollfrei: Shopping-Tipps zu Spirituosen, Tabak, Parfüm und Kosmetik, was sich wirklich lohnt, die Freigrenzen und wo man am besten einkauft.",363,BlogPosting BreadcrumbList,14,4,1,3,0.71,informational,KEEP
https://ironwoodlivigno.com/blog/shopping-duty-free-livigno-cosa-comprare/pl,200,yes,yes,pl,Co kupić w Livigno: przewodnik po zakupach bez cła,Co kupić w Livigno: przewodnik po zakupach bez cła,"Co kupić w strefie wolnocłowej Livigno: alkohol, tytoń, perfumy i kosmetyki, co naprawdę się opłaca, limity celne i gdzie robić zakupy.",347,BlogPosting BreadcrumbList,14,4,1,3,0.71,informational,KEEP
https://ironwoodlivigno.com/blog/shopping-duty-free-livigno-cosa-comprare/nl,200,yes,yes,nl,Wat kopen in Livigno: gids voor belastingvrij winkelen,Wat kopen in Livigno: gids voor belastingvrij winkelen,"Wat je koopt in de belastingvrije zone van Livigno: sterke drank, tabak, parfum en cosmetica, wat echt voordelig is, de vrijstellingen en waar je winkelt.",370,BlogPosting BreadcrumbList,14,4,1,3,0.71,informational,KEEP
https://ironwoodlivigno.com/blog/shopping-duty-free-livigno-cosa-comprare/cs,200,yes,yes,cs,Co koupit v Livignu: průvodce bezcelními nákupy,Co koupit v Livignu: průvodce bezcelními nákupy,"Co koupit v bezcelní zóně Livigna: alkohol, tabák, parfémy a kosmetiku, co se opravdu vyplatí, jaké jsou celní limity a kde nakupovat.",343,BlogPosting BreadcrumbList,14,4,1,3,0.71,informational,KEEP
https://ironwoodlivigno.com/blog/shopping-duty-free-livigno-cosa-comprare/fr,200,yes,yes,fr,Quoi acheter à Livigno : guide du shopping détaxé,Quoi acheter à Livigno : guide du shopping détaxé,"Que faut-il acheter dans la zone franche de Livigno ? Alcools, tabac, parfums et cosmétiques, ce qui vaut vraiment le coup, les franchises et où faire ses achats.",427,BlogPosting BreadcrumbList,14,4,1,3,0.71,informational,KEEP
https://ironwoodlivigno.com/blog/shopping-duty-free-livigno-cosa-comprare/da,200,yes,yes,da,Hvad skal man købe i Livigno: guide til toldfri shopping,Hvad skal man købe i Livigno: guide til toldfri shopping,"Hvad du kan købe i Livignos toldfrie zone: spiritus, tobak, parfume og kosmetik, hvad der virkelig kan betale sig, toldgrænserne og hvor du handler.",382,BlogPosting BreadcrumbList,14,4,1,3,0.71,informational,KEEP
https://ironwoodlivigno.com/blog/shopping-duty-free-livigno-cosa-comprare/no,200,yes,yes,no,Hva kan man kjøpe i Livigno: guide til tollfri shopping,Hva kan man kjøpe i Livigno: guide til tollfri shopping,"Hva du kan kjøpe i Livignos tollfrie sone: brennevin, tobakk, parfyme og kosmetikk, hva som virkelig lønner seg, kvotene og hvor du handler.",390,BlogPosting BreadcrumbList,14,4,1,3,0.71,informational,KEEP
https://ironwoodlivigno.com/blog/shopping-duty-free-livigno-cosa-comprare/zh,200,yes,yes,zh,利维尼奥买什么：免税购物指南,利维尼奥买什么：免税购物指南 | Ironwood Livigno,在利维尼奥免税区买什么：酒类、烟草、香水和化妆品，哪些真正划算，免税限额是多少，以及去哪里购物。,704,BlogPosting BreadcrumbList,14,4,1,3,0.71,informational,KEEP
https://ironwoodlivigno.com/blog/shopping-duty-free-livigno-cosa-comprare/ja,200,yes,yes,ja,リヴィーニョで何を買う？免税ショッピングガイド,リヴィーニョで何を買う？免税ショッピングガイド | Ironwood Livigno,リヴィーニョの免税地区で買うべきもの：お酒、たばこ、香水、化粧品。本当にお得なもの、免税範囲、買い物スポットをご紹介。,955,BlogPosting BreadcrumbList,14,4,1,3,0.71,informational,KEEP
https://ironwoodlivigno.com/blog/livigno-con-bambini-attivita-famiglia,200,yes,yes,it,Livigno con bambini: cosa fare in famiglia,Livigno con bambini: cosa fare in famiglia,"Piste per slittino, parchi neve e corsi di sci per i più piccoli: le attività family-friendly di Livigno, una delle sedi olimpiche di Milano Cortina 2026.",453,BlogPosting BreadcrumbList,24,5,1,2,0.87,informational,KEEP
https://ironwoodlivigno.com/blog/livigno-con-bambini-attivita-famiglia/en,200,yes,yes,en,Livigno with Kids: Things to Do as a Family,Livigno with Kids: Things to Do as a Family,"Toboggan runs, snow parks and ski lessons for the little ones: family-friendly activities in Livigno, one of the host venues of the Milan Cortina 2026 Olympics.",406,BlogPosting BreadcrumbList,14,7,1,3,1.62,informational,KEEP
https://ironwoodlivigno.com/blog/livigno-con-bambini-attivita-famiglia/de,200,yes,yes,de,Livigno mit Kindern: Familienaktivitäten,Livigno mit Kindern: Familienaktivitäten | Ironwood Livigno,"Rodelbahnen, Schneeparks und Skikurse für die Kleinsten: familienfreundliche Aktivitäten in Livigno.",371,BlogPosting BreadcrumbList,14,6,1,3,1.28,informational,KEEP
https://ironwoodlivigno.com/blog/livigno-con-bambini-attivita-famiglia/pl,200,yes,yes,pl,Livigno z dziećmi: co robić z rodziną,Livigno z dziećmi: co robić z rodziną | Ironwood Livigno,"Tory saneczkowe, snowparki i lekcje jazdy dla najmłodszych: atrakcje dla rodzin w Livigno, jednym z miejsc igrzysk olimpijskich Mediolan Cortina 2026.",351,BlogPosting BreadcrumbList,14,6,1,3,1.28,informational,KEEP
https://ironwoodlivigno.com/blog/livigno-con-bambini-attivita-famiglia/nl,200,yes,yes,nl,Livigno met kinderen: wat te doen met het gezin,Livigno met kinderen: wat te doen met het gezin,"Rodelbanen, sneeuwparken en skilessen voor de kleintjes: gezinsvriendelijke activiteiten in Livigno, een van de locaties van de Olympische Spelen 2026.",380,BlogPosting BreadcrumbList,14,6,1,3,1.28,informational,KEEP
https://ironwoodlivigno.com/blog/livigno-con-bambini-attivita-famiglia/cs,200,yes,yes,cs,Livigno s dětmi: co dělat s rodinou,Livigno s dětmi: co dělat s rodinou | Ironwood Livigno,"Sáňkařské dráhy, sněhové parky a lekce lyžování pro nejmenší: rodinné aktivity v Livignu, jednom z dějišť olympijských her Milán Cortina 2026.",354,BlogPosting BreadcrumbList,14,6,1,3,1.28,informational,KEEP
https://ironwoodlivigno.com/blog/livigno-con-bambini-attivita-famiglia/fr,200,yes,yes,fr,Livigno avec des enfants : que faire en famille,Livigno avec des enfants : que faire en famille,"Luge, snowparks et cours de ski pour les petits : les activités en famille à Livigno, l'un des sites des Jeux olympiques d'hiver Milan Cortina 2026.",427,BlogPosting BreadcrumbList,14,6,1,3,1.28,informational,KEEP
https://ironwoodlivigno.com/blog/livigno-con-bambini-attivita-famiglia/da,200,yes,yes,da,Livigno med børn: hvad familien kan lave,Livigno med børn: hvad familien kan lave | Ironwood Livigno,"Kælkebaner, snowparker og skiskole for de mindste: familieaktiviteter i Livigno, et af stederne for vinter-OL Milano Cortina 2026.",369,BlogPosting BreadcrumbList,14,6,1,3,1.28,informational,KEEP
https://ironwoodlivigno.com/blog/livigno-con-bambini-attivita-famiglia/no,200,yes,yes,no,Livigno med barn: hva familien kan gjøre,Livigno med barn: hva familien kan gjøre | Ironwood Livigno,"Akebakker, snowparker og skiskole for de minste: familieaktiviteter i Livigno, et av arenastedene for vinter-OL Milano Cortina 2026.",366,BlogPosting BreadcrumbList,14,6,1,3,1.28,informational,KEEP
https://ironwoodlivigno.com/blog/livigno-con-bambini-attivita-famiglia/zh,200,yes,yes,zh,带孩子游利维尼奥：亲子活动推荐,带孩子游利维尼奥：亲子活动推荐 | Ironwood Livigno,雪橇道、雪上乐园和儿童滑雪课：利维尼奥的亲子活动。这里是 2026 年米兰-科尔蒂纳冬奥会的比赛场地之一。,745,BlogPosting BreadcrumbList,14,6,1,3,1.28,informational,KEEP
https://ironwoodlivigno.com/blog/livigno-con-bambini-attivita-famiglia/ja,200,yes,yes,ja,子連れでリヴィーニョ：家族で楽しめること,子連れでリヴィーニョ：家族で楽しめること | Ironwood Livigno,そり、スノーパーク、子ども向けスキーレッスン：2026年ミラノ・コルティナ冬季五輪の会場のひとつ、リヴィーニョのファミリー向けアクティビティ。,1004,BlogPosting BreadcrumbList,14,6,1,3,1.28,informational,KEEP
https://ironwoodlivigno.com/blog/livigno-estate-10-esperienze-imperdibili,200,yes,yes,it,Cosa fare a Livigno in estate: 10 esperienze da non perdere,Cosa fare a Livigno in estate: 10 esperienze da non perdere,"Mountain bike, trekking, Lago di Livigno, canoa e Carosello 3000: 10 cose da fare a Livigno in estate, con qualche consiglio pratico per organizzarti.",684,BlogPosting BreadcrumbList,24,5,1,2,0.59,informational,KEEP
https://ironwoodlivigno.com/blog/livigno-estate-10-esperienze-imperdibili/en,200,yes,yes,en,What to Do in Livigno in Summer: 10 Unmissable Experiences,What to Do in Livigno in Summer: 10 Unmissable Experiences,"From mountain biking to Lake Livigno, from duty-free shopping to the private sauna: 10 experiences not to miss during a summer holiday in Livigno.",597,BlogPosting BreadcrumbList,14,6,1,3,0.96,informational,KEEP
https://ironwoodlivigno.com/blog/livigno-estate-10-esperienze-imperdibili/de,200,yes,yes,de,Was man in Livigno im Sommer erleben kann: 10 Highlights,Was man in Livigno im Sommer erleben kann: 10 Highlights,Von Mountainbiken über den Lago di Livigno bis zum Duty-free-Shopping: 10 Erlebnisse für den Sommerurlaub in Livigno.,582,BlogPosting BreadcrumbList,14,6,1,3,0.84,informational,KEEP
https://ironwoodlivigno.com/blog/livigno-estate-10-esperienze-imperdibili/pl,200,yes,yes,pl,"Co robić w Livigno latem: 10 atrakcji, których nie przegapisz","Co robić w Livigno latem: 10 atrakcji, których nie przegapisz","Od roweru górskiego po jezioro Lago di Livigno, od zakupów bez cła po prywatną saunę: 10 atrakcji, których nie można przegapić latem w Livigno.",522,BlogPosting BreadcrumbList,14,6,1,3,0.84,informational,KEEP
https://ironwoodlivigno.com/blog/livigno-estate-10-esperienze-imperdibili/nl,200,yes,yes,nl,Wat te doen in Livigno in de zomer: 10 belevenissen,Wat te doen in Livigno in de zomer: 10 belevenissen,"Van mountainbiken tot het Lago di Livigno, van belastingvrij winkelen tot de privésauna: 10 dingen die je niet mag missen tijdens een zomer in Livigno.",606,BlogPosting BreadcrumbList,14,6,1,3,0.84,informational,KEEP
https://ironwoodlivigno.com/blog/livigno-estate-10-esperienze-imperdibili/cs,200,yes,yes,cs,"Co dělat v Livignu v létě: 10 zážitků, které nevynechat","Co dělat v Livignu v létě: 10 zážitků, které nevynechat","Od horských kol po jezero Lago di Livigno, od bezcelních nákupů po soukromou saunu: 10 zážitků, které byste si v létě v Livignu neměli nechat ujít.",532,BlogPosting BreadcrumbList,14,6,1,3,0.84,informational,KEEP
https://ironwoodlivigno.com/blog/livigno-estate-10-esperienze-imperdibili/fr,200,yes,yes,fr,Que faire à Livigno en été : 10 expériences incontournables,Que faire à Livigno en été : 10 expériences incontournables,"Du VTT au lac de Livigno, du shopping détaxé au sauna privé : 10 expériences à ne pas manquer pendant des vacances d'été à Livigno.",645,BlogPosting BreadcrumbList,14,6,1,3,0.84,informational,KEEP
https://ironwoodlivigno.com/blog/livigno-estate-10-esperienze-imperdibili/da,200,yes,yes,da,Hvad kan man lave i Livigno om sommeren: 10 oplevelser,Hvad kan man lave i Livigno om sommeren: 10 oplevelser,"Fra mountainbike til Lago di Livigno, fra toldfri shopping til den private sauna: 10 oplevelser, du ikke må gå glip af på en sommerferie i Livigno.",565,BlogPosting BreadcrumbList,14,6,1,3,0.84,informational,KEEP
https://ironwoodlivigno.com/blog/livigno-estate-10-esperienze-imperdibili/no,200,yes,yes,no,Hva kan man gjøre i Livigno om sommeren: 10 opplevelser,Hva kan man gjøre i Livigno om sommeren: 10 opplevelser,"Fra terrengsykkel til Lago di Livigno, fra tollfri shopping til den private badstuen: 10 opplevelser du ikke bør gå glipp av en sommer i Livigno.",567,BlogPosting BreadcrumbList,14,6,1,3,0.84,informational,KEEP
https://ironwoodlivigno.com/blog/livigno-estate-10-esperienze-imperdibili/zh,200,yes,yes,zh,夏季利维尼奥玩什么：10 种不容错过的体验,夏季利维尼奥玩什么：10 种不容错过的体验 | Ironwood Livigno,从山地车到利维尼奥湖，从免税购物到私人桑拿：在利维尼奥过夏天不容错过的 10 种体验。,1129,BlogPosting BreadcrumbList,14,6,1,3,0.84,informational,KEEP
https://ironwoodlivigno.com/blog/livigno-estate-10-esperienze-imperdibili/ja,200,yes,yes,ja,夏のリヴィーニョでしたい10のこと,夏のリヴィーニョでしたい10のこと | Ironwood Livigno,マウンテンバイクからリヴィーニョ湖、免税ショッピングからプライベートサウナまで：夏のリヴィーニョで見逃せない10の体験。,1485,BlogPosting BreadcrumbList,14,6,1,3,0.84,informational,KEEP
https://ironwoodlivigno.com/blog/migliori-piste-sci-livigno-famiglie,200,yes,yes,it,Migliori piste da sci a Livigno per famiglie,Migliori piste da sci a Livigno per famiglie,"Quale versante scegliere, dove sono la scuola sci e il minibob, e come organizzare giornate sulla neve con bambini: la guida per famiglie a Livigno.",491,BlogPosting BreadcrumbList,24,6,1,2,0.62,informational,KEEP
https://ironwoodlivigno.com/blog/migliori-piste-sci-livigno-famiglie/en,200,yes,yes,en,Best Ski Slopes in Livigno for Families,Best Ski Slopes in Livigno for Families | Ironwood Livigno,"Which side to choose, where to find the ski school and the minibob run, and how to plan days on the snow with children: the family guide to skiing in Livigno.",427,BlogPosting BreadcrumbList,14,5,1,3,0.91,informational,KEEP
https://ironwoodlivigno.com/blog/migliori-piste-sci-livigno-famiglie/de,200,yes,yes,de,Die besten Skipisten in Livigno für Familien,Die besten Skipisten in Livigno für Familien,"Welche Seite wählen, wo Skischule und Minibob zu finden sind, und wie man Schneetage mit Kindern plant: der Familienratgeber für Livigno.",376,BlogPosting BreadcrumbList,14,5,1,3,0.80,informational,KEEP
https://ironwoodlivigno.com/blog/migliori-piste-sci-livigno-famiglie/pl,200,yes,yes,pl,Najlepsze trasy narciarskie w Livigno dla rodzin,Najlepsze trasy narciarskie w Livigno dla rodzin,"Które zbocze wybrać, gdzie jest szkoła narciarska i tor minibobowy oraz jak zaplanować dni na śniegu z dziećmi: rodzinny przewodnik po nartach w Livigno.",359,BlogPosting BreadcrumbList,14,5,1,3,0.80,informational,KEEP
https://ironwoodlivigno.com/blog/migliori-piste-sci-livigno-famiglie/nl,200,yes,yes,nl,De beste skipistes in Livigno voor gezinnen,De beste skipistes in Livigno voor gezinnen,"Welke kant kiezen, waar de skischool en de minibobbaan zijn en hoe je sneeuwdagen met kinderen plant: de gezinsgids voor skiën in Livigno.",405,BlogPosting BreadcrumbList,14,5,1,3,0.80,informational,KEEP
https://ironwoodlivigno.com/blog/migliori-piste-sci-livigno-famiglie/cs,200,yes,yes,cs,Nejlepší sjezdovky v Livignu pro rodiny,Nejlepší sjezdovky v Livignu pro rodiny | Ironwood Livigno,"Který svah zvolit, kde je lyžařská škola a minibobová dráha a jak naplánovat dny na sněhu s dětmi: rodinný průvodce lyžováním v Livignu.",359,BlogPosting BreadcrumbList,14,5,1,3,0.80,informational,KEEP
https://ironwoodlivigno.com/blog/migliori-piste-sci-livigno-famiglie/fr,200,yes,yes,fr,Les meilleures pistes de ski de Livigno pour les familles,Les meilleures pistes de ski de Livigno pour les familles,"Quel versant choisir, où trouver l'école de ski et la piste de minibob, et comment organiser les journées sur la neige avec des enfants : le guide famille.",473,BlogPosting BreadcrumbList,14,5,1,3,0.80,informational,KEEP
https://ironwoodlivigno.com/blog/migliori-piste-sci-livigno-famiglie/da,200,yes,yes,da,De bedste skipister i Livigno for familier,De bedste skipister i Livigno for familier,"Hvilken side du skal vælge, hvor skiskolen og minibobbanen er, og hvordan du planlægger dage på sneen med børn: familieguiden til skiferie i Livigno.",388,BlogPosting BreadcrumbList,14,5,1,3,0.80,informational,KEEP
https://ironwoodlivigno.com/blog/migliori-piste-sci-livigno-famiglie/no,200,yes,yes,no,De beste skibakkene i Livigno for familier,De beste skibakkene i Livigno for familier,"Hvilken side du bør velge, hvor skiskolen og minibobbakken er, og hvordan du planlegger dager i snøen med barn: familieguiden til ski i Livigno.",376,BlogPosting BreadcrumbList,14,5,1,3,0.80,informational,KEEP
https://ironwoodlivigno.com/blog/migliori-piste-sci-livigno-famiglie/zh,200,yes,yes,zh,利维尼奥最适合家庭的滑雪道,利维尼奥最适合家庭的滑雪道 | Ironwood Livigno,选择哪一侧雪场、滑雪学校和迷你雪车道在哪里，以及如何安排带孩子的滑雪日：利维尼奥家庭滑雪指南。,821,BlogPosting BreadcrumbList,14,5,1,3,0.80,informational,KEEP
https://ironwoodlivigno.com/blog/migliori-piste-sci-livigno-famiglie/ja,200,yes,yes,ja,家族におすすめのリヴィーニョのゲレンデ,家族におすすめのリヴィーニョのゲレンデ | Ironwood Livigno,どちらの斜面を選ぶか、スキースクールとミニボブコースの場所、子どもと雪の上で過ごす日の計画の立て方：リヴィーニョのファミリースキーガイド。,1051,BlogPosting BreadcrumbList,14,5,1,3,0.80,informational,KEEP
https://ironwoodlivigno.com/blog/sauna-privata-vs-condivisa-livigno,200,yes,yes,it,Sauna privata vs condivisa a Livigno: perché sceglierla,Sauna privata vs condivisa a Livigno: perché sceglierla,"Sauna privata o spa condivisa in hotel? Vantaggi reali, orari, igiene e comfort: cosa considerare prima di prenotare il tuo alloggio a Livigno.",436,BlogPosting BreadcrumbList,24,5,1,2,0.87,informational,KEEP
https://ironwoodlivigno.com/blog/sauna-privata-vs-condivisa-livigno/en,200,yes,yes,en,Private Sauna vs Shared: Why Choose an Exclusive Spa,Private Sauna vs Shared: Why Choose an Exclusive Spa,"Private sauna or shared spa in a hotel? Real advantages, timing, hygiene and comfort: what to consider before booking your stay in Livigno.",415,BlogPosting BreadcrumbList,14,6,1,3,1.57,informational,KEEP
https://ironwoodlivigno.com/blog/sauna-privata-vs-condivisa-livigno/de,200,yes,yes,de,Private vs. geteilte Sauna: Warum ein eigenes Spa wählen,Private vs. geteilte Sauna: Warum ein eigenes Spa wählen,"Private Sauna oder Gemeinschaftsspa im Hotel? Echte Vorteile, Hygiene und Komfort vor der Buchung in Livigno.",394,BlogPosting BreadcrumbList,14,5,1,3,1.24,informational,KEEP
https://ironwoodlivigno.com/blog/sauna-privata-vs-condivisa-livigno/pl,200,yes,yes,pl,Prywatna sauna czy wspólna: dlaczego wybrać własne spa,Prywatna sauna czy wspólna: dlaczego wybrać własne spa,"Prywatna sauna czy wspólne spa w hotelu? Realne różnice w czasie, higienie i komforcie: co wziąć pod uwagę przed rezerwacją pobytu w Livigno.",337,BlogPosting BreadcrumbList,14,5,1,3,1.24,informational,KEEP
https://ironwoodlivigno.com/blog/sauna-privata-vs-condivisa-livigno/nl,200,yes,yes,nl,Privésauna of gedeelde sauna: waarom een eigen spa,Privésauna of gedeelde sauna: waarom een eigen spa,"Privésauna of gedeelde spa in een hotel? De echte voordelen op het gebied van tijd, hygiëne en comfort: waar je op let voordat je je verblijf in Livigno boekt.",392,BlogPosting BreadcrumbList,14,5,1,3,1.24,informational,KEEP
https://ironwoodlivigno.com/blog/sauna-privata-vs-condivisa-livigno/cs,200,yes,yes,cs,"Soukromá, nebo sdílená sauna: proč zvolit vlastní spa","Soukromá, nebo sdílená sauna: proč zvolit vlastní spa","Soukromá sauna, nebo sdílené spa v hotelu? Skutečné rozdíly v čase, hygieně a pohodlí: na co myslet, než si zarezervujete pobyt v Livignu.",351,BlogPosting BreadcrumbList,14,5,1,3,1.24,informational,KEEP
https://ironwoodlivigno.com/blog/sauna-privata-vs-condivisa-livigno/fr,200,yes,yes,fr,Sauna privé ou partagé : pourquoi choisir son propre spa,Sauna privé ou partagé : pourquoi choisir son propre spa,"Sauna privé ou spa partagé à l'hôtel ? Les vraies différences d'horaires, d'hygiène et de confort : ce qu'il faut savoir avant de réserver à Livigno.",417,BlogPosting BreadcrumbList,14,5,1,3,1.24,informational,KEEP
https://ironwoodlivigno.com/blog/sauna-privata-vs-condivisa-livigno/da,200,yes,yes,da,Privat eller delt sauna: hvorfor vælge sit eget spa,Privat eller delt sauna: hvorfor vælge sit eget spa,"Privat sauna eller delt spa på hotellet? De reelle forskelle i tid, hygiejne og komfort: det skal du overveje, før du booker dit ophold i Livigno.",401,BlogPosting BreadcrumbList,14,5,1,3,1.24,informational,KEEP
https://ironwoodlivigno.com/blog/sauna-privata-vs-condivisa-livigno/no,200,yes,yes,no,Privat eller delt badstue: hvorfor velge ditt eget spa,Privat eller delt badstue: hvorfor velge ditt eget spa,"Privat badstue eller delt spa på hotellet? De reelle forskjellene i tid, hygiene og komfort: dette bør du tenke på før du bestiller oppholdet i Livigno.",391,BlogPosting BreadcrumbList,14,5,1,3,1.24,informational,KEEP
https://ironwoodlivigno.com/blog/sauna-privata-vs-condivisa-livigno/zh,200,yes,yes,zh,私人桑拿还是共享桑拿：为什么选择专属水疗,私人桑拿还是共享桑拿：为什么选择专属水疗 | Ironwood Livigno,私人桑拿还是酒店共享水疗？时间安排、卫生和舒适度的真实差别：预订利维尼奥住宿前值得考虑的事项。,696,BlogPosting BreadcrumbList,14,5,1,3,1.24,informational,KEEP
https://ironwoodlivigno.com/blog/sauna-privata-vs-condivisa-livigno/ja,200,yes,yes,ja,プライベートサウナと共用サウナ：専用スパを選ぶ理由,プライベートサウナと共用サウナ：専用スパを選ぶ理由 | Ironwood Livigno,プライベートサウナか、ホテルの共用スパか。時間、衛生、快適さの本当の違いと、リヴィーニョの宿を予約する前に考えたいこと。,956,BlogPosting BreadcrumbList,14,5,1,3,1.24,informational,KEEP
https://ironwoodlivigno.com/blog/quanto-costa-sciare-a-livigno-guida-prezzi,200,yes,yes,it,Quanto costa sciare a Livigno: guida ai prezzi,Quanto costa sciare a Livigno: guida ai prezzi,"Skipass, noleggio attrezzatura, scuola sci e alloggio: una guida pratica ai costi di una settimana bianca a Livigno, con consigli concreti per risparmiare.",643,BlogPosting BreadcrumbList,25,4,1,2,0.57,informational,KEEP
https://ironwoodlivigno.com/blog/quanto-costa-sciare-a-livigno-guida-prezzi/en,200,yes,yes,en,How Much Does It Cost to Ski in Livigno: A Price Guide,How Much Does It Cost to Ski in Livigno: A Price Guide,"Ski pass, equipment rental, ski school and accommodation: a practical guide to the cost of a ski week in Livigno, with concrete tips to spend less.",604,BlogPosting BreadcrumbList,14,5,1,3,0.92,informational,KEEP
https://ironwoodlivigno.com/blog/quanto-costa-sciare-a-livigno-guida-prezzi/de,200,yes,yes,de,Wie viel kostet Skifahren in Livigno? Ein Preisleitfaden,Wie viel kostet Skifahren in Livigno? Ein Preisleitfaden,"Skipass, Ausrüstungsverleih, Skischule und Unterkunft: ein praktischer Leitfaden zu den Kosten einer Skiwoche in Livigno, mit konkreten Spartipps.",530,BlogPosting BreadcrumbList,14,5,1,3,0.81,informational,KEEP
https://ironwoodlivigno.com/blog/quanto-costa-sciare-a-livigno-guida-prezzi/pl,200,yes,yes,pl,Ile kosztują narty w Livigno? Przewodnik po cenach,Ile kosztują narty w Livigno? Przewodnik po cenach,"Karnet, wypożyczenie sprzętu, szkoła narciarska i nocleg: praktyczny przewodnik po kosztach tygodnia na nartach w Livigno, z konkretnymi sposobami na oszczędność.",515,BlogPosting BreadcrumbList,14,5,1,3,0.81,informational,KEEP
https://ironwoodlivigno.com/blog/quanto-costa-sciare-a-livigno-guida-prezzi/nl,200,yes,yes,nl,Wat kost skiën in Livigno? Een prijsgids,Wat kost skiën in Livigno? Een prijsgids | Ironwood Livigno,"Skipas, materiaalhuur, skischool en accommodatie: een praktische gids over de kosten van een skiweek in Livigno, met concrete tips om minder uit te geven.",591,BlogPosting BreadcrumbList,14,5,1,3,0.81,informational,KEEP
https://ironwoodlivigno.com/blog/quanto-costa-sciare-a-livigno-guida-prezzi/cs,200,yes,yes,cs,Kolik stojí lyžování v Livignu? Průvodce cenami,Kolik stojí lyžování v Livignu? Průvodce cenami,"Skipas, půjčovna vybavení, lyžařská škola a ubytování: praktický průvodce náklady na lyžařský týden v Livignu, s konkrétními tipy, jak ušetřit.",497,BlogPosting BreadcrumbList,14,5,1,3,0.81,informational,KEEP
https://ironwoodlivigno.com/blog/quanto-costa-sciare-a-livigno-guida-prezzi/fr,200,yes,yes,fr,Combien coûte le ski à Livigno ? Guide des prix,Combien coûte le ski à Livigno ? Guide des prix,"Forfait, location, école de ski et hébergement : le coût réel d'une semaine de ski à Livigno, avec des conseils concrets pour dépenser moins.",647,BlogPosting BreadcrumbList,14,5,1,3,0.81,informational,KEEP
https://ironwoodlivigno.com/blog/quanto-costa-sciare-a-livigno-guida-prezzi/da,200,yes,yes,da,Hvad koster en skiferie i Livigno? En prisguide,Hvad koster en skiferie i Livigno? En prisguide,"Liftkort, leje af udstyr, skiskole og overnatning: en praktisk guide til prisen på en skiuge i Livigno, med konkrete råd til at bruge færre penge.",566,BlogPosting BreadcrumbList,14,5,1,3,0.81,informational,KEEP
https://ironwoodlivigno.com/blog/quanto-costa-sciare-a-livigno-guida-prezzi/no,200,yes,yes,no,Hva koster en skiferie i Livigno? En prisguide,Hva koster en skiferie i Livigno? En prisguide,"Heiskort, utstyrsleie, skiskole og overnatting: en praktisk guide til hva en skiuke i Livigno koster, med konkrete tips for å bruke mindre.",558,BlogPosting BreadcrumbList,14,5,1,3,0.81,informational,KEEP
https://ironwoodlivigno.com/blog/quanto-costa-sciare-a-livigno-guida-prezzi/zh,200,yes,yes,zh,在利维尼奥滑雪要花多少钱？价格指南,在利维尼奥滑雪要花多少钱？价格指南 | Ironwood Livigno,雪票、装备租赁、滑雪学校和住宿：利维尼奥一周滑雪费用的实用指南，并附上省钱的具体建议。,1022,BlogPosting BreadcrumbList,14,5,1,3,0.81,informational,KEEP
https://ironwoodlivigno.com/blog/quanto-costa-sciare-a-livigno-guida-prezzi/ja,200,yes,yes,ja,リヴィーニョのスキー費用はいくら？料金ガイド,リヴィーニョのスキー費用はいくら？料金ガイド | Ironwood Livigno,リフト券、レンタル、スキースクール、宿泊：リヴィーニョでのスキー一週間の費用の実用ガイドと、出費を抑える具体的なコツ。,1357,BlogPosting BreadcrumbList,14,5,1,3,0.81,informational,KEEP
https://ironwoodlivigno.com/blog/natale-capodanno-a-livigno,200,yes,yes,it,Natale e Capodanno a Livigno: cosa aspettarsi,Natale e Capodanno a Livigno: cosa aspettarsi,"Mercatini, luci sulla neve, piste aperte e festa in piazza a Capodanno: cosa sapere se organizzi la tua vacanza di fine anno a Livigno.",477,BlogPosting BreadcrumbList,25,3,1,2,0.54,informational,KEEP
https://ironwoodlivigno.com/blog/natale-capodanno-a-livigno/en,200,yes,yes,en,Christmas and New Year in Livigno: What to Expect,Christmas and New Year in Livigno: What to Expect,"Markets, lights on the snow, open slopes and a New Year's Eve party in the square: what to know if you're planning your end-of-year holiday in Livigno.",447,BlogPosting BreadcrumbList,14,4,1,3,0.80,informational,KEEP
https://ironwoodlivigno.com/blog/natale-capodanno-a-livigno/de,200,yes,yes,de,Weihnachten und Silvester in Livigno: Was Sie erwartet,Weihnachten und Silvester in Livigno: Was Sie erwartet,"Märkte, Lichter im Schnee, geöffnete Pisten und eine Silvesterfeier auf dem Platz: was Sie wissen sollten, wenn Sie Ihren Jahreswechsel in Livigno planen.",412,BlogPosting BreadcrumbList,14,4,1,3,0.71,informational,KEEP
https://ironwoodlivigno.com/blog/natale-capodanno-a-livigno/pl,200,yes,yes,pl,Boże Narodzenie i Sylwester w Livigno: czego się spodziewać,Boże Narodzenie i Sylwester w Livigno: czego się spodziewać,"Jarmarki, światła na śniegu, otwarte stoki i sylwester na placu: co warto wiedzieć, jeśli planujesz koniec roku w Livigno.",383,BlogPosting BreadcrumbList,14,4,1,3,0.71,informational,KEEP
https://ironwoodlivigno.com/blog/natale-capodanno-a-livigno/nl,200,yes,yes,nl,Kerst en Oud en Nieuw in Livigno: wat je kunt verwachten,Kerst en Oud en Nieuw in Livigno: wat je kunt verwachten,"Markten, lichtjes op de sneeuw, open pistes en een oudejaarsfeest op het plein: wat je moet weten als je de jaarwisseling in Livigno plant.",453,BlogPosting BreadcrumbList,14,4,1,3,0.71,informational,KEEP
https://ironwoodlivigno.com/blog/natale-capodanno-a-livigno/cs,200,yes,yes,cs,Vánoce a Silvestr v Livignu: co čekat,Vánoce a Silvestr v Livignu: co čekat | Ironwood Livigno,"Trhy, světla na sněhu, otevřené sjezdovky a silvestrovská oslava na náměstí: co vědět, když plánujete konec roku v Livignu.",376,BlogPosting BreadcrumbList,14,4,1,3,0.71,informational,KEEP
https://ironwoodlivigno.com/blog/natale-capodanno-a-livigno/fr,200,yes,yes,fr,Noël et Nouvel An à Livigno : à quoi s'attendre,Noël et Nouvel An à Livigno : à quoi s'attendre,"Marchés, lumières sur la neige, pistes ouvertes et fête du Nouvel An sur la place : ce qu'il faut savoir pour préparer les fêtes de fin d'année à Livigno.",474,BlogPosting BreadcrumbList,14,4,1,3,0.71,informational,KEEP
https://ironwoodlivigno.com/blog/natale-capodanno-a-livigno/da,200,yes,yes,da,Jul og nytår i Livigno: hvad du kan forvente,Jul og nytår i Livigno: hvad du kan forvente,"Markeder, lys på sneen, åbne pister og nytårsfest på torvet: det skal du vide, hvis du planlægger årets afslutning i Livigno.",418,BlogPosting BreadcrumbList,14,4,1,3,0.71,informational,KEEP
https://ironwoodlivigno.com/blog/natale-capodanno-a-livigno/no,200,yes,yes,no,Jul og nyttår i Livigno: hva du kan forvente,Jul og nyttår i Livigno: hva du kan forvente,"Markeder, lys i snøen, åpne bakker og nyttårsfeiring på torget: dette bør du vite hvis du planlegger årsskiftet i Livigno.",412,BlogPosting BreadcrumbList,14,4,1,3,0.71,informational,KEEP
https://ironwoodlivigno.com/blog/natale-capodanno-a-livigno/zh,200,yes,yes,zh,在利维尼奥过圣诞和新年：你可以期待什么,在利维尼奥过圣诞和新年：你可以期待什么 | Ironwood Livigno,集市、雪地灯光、开放的雪道和广场上的跨年派对：计划在利维尼奥过年末假期前需要了解的事项。,789,BlogPosting BreadcrumbList,14,4,1,3,0.71,informational,KEEP
https://ironwoodlivigno.com/blog/natale-capodanno-a-livigno/ja,200,yes,yes,ja,リヴィーニョのクリスマスと年末年始：過ごし方ガイド,リヴィーニョのクリスマスと年末年始：過ごし方ガイド | Ironwood Livigno,マーケット、雪に映えるイルミネーション、営業中のゲレンデ、広場でのカウントダウン：リヴィーニョで年末年始を過ごす前に知っておきたいこと。,1033,BlogPosting BreadcrumbList,14,4,1,3,0.71,informational,KEEP
https://ironwoodlivigno.com/blog/carosello-3000-vs-mottolino-quale-scegliere,200,yes,yes,it,Carosello 3000 vs Mottolino: quale scegliere a Livigno,Carosello 3000 vs Mottolino: quale scegliere a Livigno,"Carosello 3000 o Mottolino? Le differenze tra i due comprensori sciistici di Livigno — piste, snowpark, atmosfera — e a chi conviene ciascuno.",481,BlogPosting BreadcrumbList,24,3,1,2,0.55,informational,KEEP
https://ironwoodlivigno.com/blog/carosello-3000-vs-mottolino-quale-scegliere/en,200,yes,yes,en,Carosello 3000 vs Mottolino: Which Ski Area to Choose,Carosello 3000 vs Mottolino: Which Ski Area to Choose,"The differences between Livigno's two ski areas — slopes, atmosphere and who each one suits best — and why where you stay matters more than which side you pick.",438,BlogPosting BreadcrumbList,14,4,1,3,0.85,informational,KEEP
https://ironwoodlivigno.com/blog/carosello-3000-vs-mottolino-quale-scegliere/de,200,yes,yes,de,Carosello 3000 oder Mottolino: Welches Skigebiet wählen,Carosello 3000 oder Mottolino: Welches Skigebiet wählen,"Die Unterschiede zwischen den beiden Skigebieten von Livigno – Pisten, Atmosphäre und wem welches Gebiet am besten passt.",394,BlogPosting BreadcrumbList,14,4,1,3,0.75,informational,KEEP
https://ironwoodlivigno.com/blog/carosello-3000-vs-mottolino-quale-scegliere/pl,200,yes,yes,pl,Carosello 3000 czy Mottolino: który ośrodek wybrać,Carosello 3000 czy Mottolino: który ośrodek wybrać,"Różnice między dwoma ośrodkami narciarskimi Livigno — trasy, atmosfera i dla kogo każdy z nich — oraz dlaczego miejsce noclegu jest ważniejsze niż zbocze.",367,BlogPosting BreadcrumbList,14,4,1,3,0.75,informational,KEEP
https://ironwoodlivigno.com/blog/carosello-3000-vs-mottolino-quale-scegliere/nl,200,yes,yes,nl,Carosello 3000 of Mottolino: welk skigebied kiezen,Carosello 3000 of Mottolino: welk skigebied kiezen,"De verschillen tussen de twee skigebieden van Livigno — pistes, sfeer en voor wie ze het best passen — en waarom je verblijfplaats belangrijker is dan de kant.",407,BlogPosting BreadcrumbList,14,4,1,3,0.75,informational,KEEP
https://ironwoodlivigno.com/blog/carosello-3000-vs-mottolino-quale-scegliere/cs,200,yes,yes,cs,"Carosello 3000, nebo Mottolino: který areál zvolit","Carosello 3000, nebo Mottolino: který areál zvolit","Rozdíly mezi dvěma lyžařskými areály Livigna — sjezdovky, atmosféra a pro koho se který hodí — a proč je poloha ubytování důležitější než volba svahu.",355,BlogPosting BreadcrumbList,14,4,1,3,0.75,informational,KEEP
https://ironwoodlivigno.com/blog/carosello-3000-vs-mottolino-quale-scegliere/fr,200,yes,yes,fr,Carosello 3000 ou Mottolino : quel domaine choisir,Carosello 3000 ou Mottolino : quel domaine choisir,"Les différences entre les deux domaines skiables de Livigno — pistes, ambiance et à qui chacun convient — et pourquoi l'emplacement compte plus que le versant.",452,BlogPosting BreadcrumbList,14,4,1,3,0.75,informational,KEEP
https://ironwoodlivigno.com/blog/carosello-3000-vs-mottolino-quale-scegliere/da,200,yes,yes,da,Carosello 3000 eller Mottolino: hvilket skiområde skal du vælge,Carosello 3000 eller Mottolino: hvilket skiområde skal du vælge,"Forskellene mellem Livignos to skiområder — pister, stemning og hvem de passer til — og hvorfor beliggenheden betyder mere end valget af bjergside.",407,BlogPosting BreadcrumbList,14,4,1,3,0.75,informational,KEEP
https://ironwoodlivigno.com/blog/carosello-3000-vs-mottolino-quale-scegliere/no,200,yes,yes,no,Carosello 3000 eller Mottolino: hvilket skiområde bør du velge,Carosello 3000 eller Mottolino: hvilket skiområde bør du velge,"Forskjellene mellom Livignos to skiområder — bakker, stemning og hvem de passer for — og hvorfor beliggenheten betyr mer enn valget av fjellside.",393,BlogPosting BreadcrumbList,14,4,1,3,0.75,informational,KEEP
https://ironwoodlivigno.com/blog/carosello-3000-vs-mottolino-quale-scegliere/zh,200,yes,yes,zh,Carosello 3000 还是 Mottolino：该选哪个雪场,Carosello 3000 还是 Mottolino：该选哪个雪场 | Ironwood Livigno,利维尼奥两大雪场的区别——雪道、氛围以及各自适合谁——以及为什么住在哪里比选择哪一侧更重要。,847,BlogPosting BreadcrumbList,14,4,1,3,0.75,informational,KEEP
https://ironwoodlivigno.com/blog/carosello-3000-vs-mottolino-quale-scegliere/ja,200,yes,yes,ja,カロゼッロ3000とモットリーノ：どちらのスキー場を選ぶ？,カロゼッロ3000とモットリーノ：どちらのスキー場を選ぶ？ | Ironwood Livigno,リヴィーニョの2つのスキー場の違い（コース、雰囲気、向いている人）と、斜面選びより宿の場所が大切な理由。,1053,BlogPosting BreadcrumbList,14,4,1,3,0.75,informational,KEEP
https://ironwoodlivigno.com/blog/quanto-costa-un-appartamento-a-livigno,200,yes,yes,it,Quanto costa un appartamento a Livigno: guida per stagione,Quanto costa un appartamento a Livigno: guida per stagione,"Cosa fa salire o scendere il prezzo di un soggiorno a Livigno stagione per stagione, e come muoverti per trovare il periodo giusto in base al budget.",467,BlogPosting BreadcrumbList,24,5,1,2,0.59,informational,KEEP
https://ironwoodlivigno.com/blog/quanto-costa-un-appartamento-a-livigno/en,200,yes,yes,en,How Much Does an Apartment in Livigno Cost? Prices by Season,How Much Does an Apartment in Livigno Cost? Prices by Season,"What pushes the price of a stay in Livigno up or down season by season, and how to find the right dates for your budget without surprises.",456,BlogPosting BreadcrumbList,14,6,1,3,0.97,informational,KEEP
https://ironwoodlivigno.com/blog/quanto-costa-un-appartamento-a-livigno/de,200,yes,yes,de,Was kostet eine Ferienwohnung in Livigno? Preise nach Saison,Was kostet eine Ferienwohnung in Livigno? Preise nach Saison,Was den Preis eines Aufenthalts in Livigno je nach Saison steigen oder sinken lässt – und wie Sie ohne Überraschungen die passenden Reisedaten finden.,424,BlogPosting BreadcrumbList,14,6,1,3,0.85,informational,KEEP
https://ironwoodlivigno.com/blog/quanto-costa-un-appartamento-a-livigno/pl,200,yes,yes,pl,Ile kosztuje apartament w Livigno? Ceny według sezonu,Ile kosztuje apartament w Livigno? Ceny według sezonu,Co podnosi lub obniża cenę pobytu w Livigno w zależności od sezonu i jak bez niespodzianek znaleźć termin odpowiedni do budżetu.,388,BlogPosting BreadcrumbList,14,6,1,3,0.85,informational,KEEP
https://ironwoodlivigno.com/blog/quanto-costa-un-appartamento-a-livigno/nl,200,yes,yes,nl,Wat kost een appartement in Livigno? Prijzen per seizoen,Wat kost een appartement in Livigno? Prijzen per seizoen,"Wat de prijs van een verblijf in Livigno per seizoen laat stijgen of dalen, en hoe je zonder verrassingen de juiste data vindt voor je budget.",461,BlogPosting BreadcrumbList,14,6,1,3,0.85,informational,KEEP
https://ironwoodlivigno.com/blog/quanto-costa-un-appartamento-a-livigno/cs,200,yes,yes,cs,Kolik stojí apartmán v Livignu? Ceny podle sezóny,Kolik stojí apartmán v Livignu? Ceny podle sezóny,"Co zvyšuje nebo snižuje cenu pobytu v Livignu podle sezóny a jak bez překvapení najít termín, který odpovídá vašemu rozpočtu.",396,BlogPosting BreadcrumbList,14,6,1,3,0.85,informational,KEEP
https://ironwoodlivigno.com/blog/quanto-costa-un-appartamento-a-livigno/fr,200,yes,yes,fr,Combien coûte un appartement à Livigno ? Prix par saison,Combien coûte un appartement à Livigno ? Prix par saison,"Ce qui fait monter ou baisser le prix d'un séjour à Livigno selon la saison, et comment trouver sans surprise les bonnes dates pour votre budget.",498,BlogPosting BreadcrumbList,14,6,1,3,0.85,informational,KEEP
https://ironwoodlivigno.com/blog/quanto-costa-un-appartamento-a-livigno/da,200,yes,yes,da,Hvad koster en lejlighed i Livigno? Priser efter sæson,Hvad koster en lejlighed i Livigno? Priser efter sæson,"Hvad der får prisen på et ophold i Livigno til at stige eller falde fra sæson til sæson, og hvordan du uden overraskelser finder de rette datoer til dit budget.",440,BlogPosting BreadcrumbList,14,6,1,3,0.85,informational,KEEP
https://ironwoodlivigno.com/blog/quanto-costa-un-appartamento-a-livigno/no,200,yes,yes,no,Hva koster en leilighet i Livigno? Priser etter sesong,Hva koster en leilighet i Livigno? Priser etter sesong,"Hva som får prisen på et opphold i Livigno til å stige eller synke fra sesong til sesong, og hvordan du uten overraskelser finner datoer som passer budsjettet.",434,BlogPosting BreadcrumbList,14,6,1,3,0.85,informational,KEEP
https://ironwoodlivigno.com/blog/quanto-costa-un-appartamento-a-livigno/zh,200,yes,yes,zh,利维尼奥公寓要多少钱？各季节价格指南,利维尼奥公寓要多少钱？各季节价格指南 | Ironwood Livigno,哪些因素会让利维尼奥的住宿价格随季节上涨或下降，以及如何毫无意外地找到适合预算的日期。,813,BlogPosting BreadcrumbList,14,6,1,3,0.85,informational,KEEP
https://ironwoodlivigno.com/blog/quanto-costa-un-appartamento-a-livigno/ja,200,yes,yes,ja,リヴィーニョのアパートの料金は？季節別ガイド,リヴィーニョのアパートの料金は？季節別ガイド | Ironwood Livigno,リヴィーニョでの滞在料金を季節ごとに上下させる要因と、予算に合った日程を思わぬ出費なく見つける方法。,1098,BlogPosting BreadcrumbList,14,6,1,3,0.85,informational,KEEP
https://ironwoodlivigno.com/blog/appartamento-con-sauna-privata-livigno-vs-hotel,200,yes,yes,it,Appartamento con sauna privata a Livigno vs hotel,Appartamento con sauna privata a Livigno vs hotel,"Cosa cambia tra una spa condivisa in hotel e una sauna privata inclusa nell'appartamento: niente orari, niente prenotazioni, tutti i giorni della vacanza.",435,BlogPosting BreadcrumbList,24,4,1,2,0.57,informational,KEEP
https://ironwoodlivigno.com/blog/appartamento-con-sauna-privata-livigno-vs-hotel/en,200,yes,yes,en,Apartment with a Private Sauna in Livigno vs a Hotel Spa,Apartment with a Private Sauna in Livigno vs a Hotel Spa,"What changes between a shared hotel spa and a private sauna included in your apartment: no time slots, no bookings, every day of your holiday.",443,BlogPosting BreadcrumbList,14,5,1,3,0.91,informational,KEEP
https://ironwoodlivigno.com/blog/appartamento-con-sauna-privata-livigno-vs-hotel/de,200,yes,yes,de,Ferienwohnung mit privater Sauna in Livigno oder Hotel-Spa?,Ferienwohnung mit privater Sauna in Livigno oder Hotel-Spa?,"Was sich zwischen einem geteilten Hotel-Spa und einer privaten Sauna in der eigenen Ferienwohnung ändert: keine Zeitfenster, keine Reservierung, jeden Urlaubstag.",389,BlogPosting BreadcrumbList,14,5,1,3,0.80,informational,KEEP
https://ironwoodlivigno.com/blog/appartamento-con-sauna-privata-livigno-vs-hotel/pl,200,yes,yes,pl,Apartament z prywatną sauną w Livigno czy hotelowe spa?,Apartament z prywatną sauną w Livigno czy hotelowe spa?,"Co się zmienia między wspólnym spa w hotelu a prywatną sauną w apartamencie: bez godzin, bez rezerwacji, każdego dnia urlopu.",362,BlogPosting BreadcrumbList,14,5,1,3,0.80,informational,KEEP
https://ironwoodlivigno.com/blog/appartamento-con-sauna-privata-livigno-vs-hotel/nl,200,yes,yes,nl,Appartement met privésauna in Livigno of een hotelspa?,Appartement met privésauna in Livigno of een hotelspa?,"Wat er verandert tussen een gedeelde hotelspa en een privésauna in je eigen appartement: geen tijdsloten, niets te reserveren, elke dag van je vakantie.",430,BlogPosting BreadcrumbList,14,5,1,3,0.80,informational,KEEP
https://ironwoodlivigno.com/blog/appartamento-con-sauna-privata-livigno-vs-hotel/cs,200,yes,yes,cs,"Apartmán se soukromou saunou v Livignu, nebo hotelové spa?","Apartmán se soukromou saunou v Livignu, nebo hotelové spa?","Co se mění mezi sdíleným hotelovým spa a soukromou saunou ve vlastním apartmánu: žádné časy, žádné rezervace, každý den dovolené.",373,BlogPosting BreadcrumbList,14,5,1,3,0.80,informational,KEEP
https://ironwoodlivigno.com/blog/appartamento-con-sauna-privata-livigno-vs-hotel/fr,200,yes,yes,fr,Appartement avec sauna privé à Livigno ou spa d'hôtel ?,Appartement avec sauna privé à Livigno ou spa d'hôtel ?,"Ce qui change entre un spa d'hôtel partagé et un sauna privé dans votre appartement : ni créneaux ni réservation, chaque jour de vos vacances.",441,BlogPosting BreadcrumbList,14,5,1,3,0.80,informational,KEEP
https://ironwoodlivigno.com/blog/appartamento-con-sauna-privata-livigno-vs-hotel/da,200,yes,yes,da,Lejlighed med privat sauna i Livigno eller hotelspa?,Lejlighed med privat sauna i Livigno eller hotelspa?,"Hvad der ændrer sig mellem et delt hotelspa og en privat sauna i din egen lejlighed: ingen tider, ingen booking, hver dag i ferien.",416,BlogPosting BreadcrumbList,14,5,1,3,0.80,informational,KEEP
https://ironwoodlivigno.com/blog/appartamento-con-sauna-privata-livigno-vs-hotel/no,200,yes,yes,no,Leilighet med privat badstue i Livigno eller hotellspa?,Leilighet med privat badstue i Livigno eller hotellspa?,"Hva som endrer seg mellom et delt hotellspa og en privat badstue i din egen leilighet: ingen tider, ingen bestilling, hver dag av ferien.",408,BlogPosting BreadcrumbList,14,5,1,3,0.80,informational,KEEP
https://ironwoodlivigno.com/blog/appartamento-con-sauna-privata-livigno-vs-hotel/zh,200,yes,yes,zh,利维尼奥带私人桑拿的公寓，还是酒店水疗？,利维尼奥带私人桑拿的公寓，还是酒店水疗？ | Ironwood Livigno,酒店共享水疗与公寓内私人桑拿的区别：不用预约时段，不用排队，假期每天都能用。,722,BlogPosting BreadcrumbList,14,5,1,3,0.80,informational,KEEP
https://ironwoodlivigno.com/blog/appartamento-con-sauna-privata-livigno-vs-hotel/ja,200,yes,yes,ja,リヴィーニョのプライベートサウナ付きアパートとホテルのスパ,リヴィーニョのプライベートサウナ付きアパートとホテルのスパ | Ironwood Livigno,ホテルの共用スパと、アパート内のプライベートサウナの違い：時間枠も予約も不要で、休暇中毎日使えます。,1010,BlogPosting BreadcrumbList,14,5,1,3,0.80,informational,KEEP
https://ironwoodlivigno.com/blog/livigno-per-gruppi-numerosi-fino-a-6-persone,200,yes,yes,it,Livigno per gruppi numerosi: come organizzare il soggiorno,Livigno per gruppi numerosi: come organizzare il soggiorno,"Consigli pratici per organizzare una vacanza a Livigno in gruppo: spazi, bagni, cucina e logistica per stare comodi fino a 6 persone.",431,BlogPosting BreadcrumbList,25,5,1,2,0.60,informational,KEEP
https://ironwoodlivigno.com/blog/livigno-per-gruppi-numerosi-fino-a-6-persone/en,200,yes,yes,en,Livigno for Groups: How to Plan a Stay for Up to 6 People,Livigno for Groups: How to Plan a Stay for Up to 6 People,"Practical tips for planning a group holiday in Livigno: living space, bathrooms, kitchen and logistics so up to 6 people stay comfortable together.",417,BlogPosting BreadcrumbList,15,6,1,3,1.01,informational,KEEP
https://ironwoodlivigno.com/blog/livigno-per-gruppi-numerosi-fino-a-6-persone/de,200,yes,yes,de,Livigno mit der Gruppe: Aufenthalt für bis zu 6 Personen planen,Livigno mit der Gruppe: Aufenthalt für bis zu 6 Personen planen,"Praktische Tipps für den Gruppenurlaub in Livigno: Platz, Badezimmer, Küche und Organisation, damit sich bis zu 6 Personen gemeinsam wohlfühlen.",374,BlogPosting BreadcrumbList,15,6,1,3,0.88,informational,KEEP
https://ironwoodlivigno.com/blog/livigno-per-gruppi-numerosi-fino-a-6-persone/pl,200,yes,yes,pl,Livigno w grupie: jak zaplanować pobyt do 6 osób,Livigno w grupie: jak zaplanować pobyt do 6 osób,"Praktyczne wskazówki na grupowy urlop w Livigno: przestrzeń, łazienki, kuchnia i logistyka, by do 6 osób mieszkało razem wygodnie.",362,BlogPosting BreadcrumbList,15,6,1,3,0.88,informational,KEEP
https://ironwoodlivigno.com/blog/livigno-per-gruppi-numerosi-fino-a-6-persone/nl,200,yes,yes,nl,Livigno met een groep: een verblijf tot 6 personen plannen,Livigno met een groep: een verblijf tot 6 personen plannen,"Praktische tips voor een groepsvakantie in Livigno: ruimte, badkamers, keuken en logistiek, zodat tot 6 personen comfortabel samen verblijven.",412,BlogPosting BreadcrumbList,15,6,1,3,0.88,informational,KEEP
https://ironwoodlivigno.com/blog/livigno-per-gruppi-numerosi-fino-a-6-persone/cs,200,yes,yes,cs,Livigno ve skupině: jak naplánovat pobyt až pro 6 osob,Livigno ve skupině: jak naplánovat pobyt až pro 6 osob,"Praktické tipy pro skupinovou dovolenou v Livignu: prostor, koupelny, kuchyně a logistika, aby až 6 lidí bydlelo společně pohodlně.",360,BlogPosting BreadcrumbList,15,6,1,3,0.88,informational,KEEP
https://ironwoodlivigno.com/blog/livigno-per-gruppi-numerosi-fino-a-6-persone/fr,200,yes,yes,fr,Livigno en groupe : organiser un séjour jusqu'à 6 personnes,Livigno en groupe : organiser un séjour jusqu'à 6 personnes,"Conseils pratiques pour des vacances en groupe à Livigno : espace, salles de bains, cuisine et logistique pour que jusqu'à 6 personnes soient à l'aise ensemble.",443,BlogPosting BreadcrumbList,15,6,1,3,0.88,informational,KEEP
https://ironwoodlivigno.com/blog/livigno-per-gruppi-numerosi-fino-a-6-persone/da,200,yes,yes,da,Livigno med en gruppe: ophold for op til 6 personer,Livigno med en gruppe: ophold for op til 6 personer,"Praktiske råd til en gruppeferie i Livigno: plads, badeværelser, køkken og logistik, så op til 6 personer kan bo godt sammen.",395,BlogPosting BreadcrumbList,15,6,1,3,0.88,informational,KEEP
https://ironwoodlivigno.com/blog/livigno-per-gruppi-numerosi-fino-a-6-persone/no,200,yes,yes,no,Livigno med en gruppe: opphold for opptil 6 personer,Livigno med en gruppe: opphold for opptil 6 personer,"Praktiske tips for en gruppeferie i Livigno: plass, bad, kjøkken og logistikk, så opptil 6 personer kan bo komfortabelt sammen.",385,BlogPosting BreadcrumbList,15,6,1,3,0.88,informational,KEEP
https://ironwoodlivigno.com/blog/livigno-per-gruppi-numerosi-fino-a-6-persone/zh,200,yes,yes,zh,多人结伴游利维尼奥：如何安排 6 人住宿,多人结伴游利维尼奥：如何安排 6 人住宿 | Ironwood Livigno,利维尼奥团体度假实用建议：空间、卫生间、厨房和各种安排，让最多 6 个人舒适地住在一起。,778,BlogPosting BreadcrumbList,15,6,1,3,0.88,informational,KEEP
https://ironwoodlivigno.com/blog/livigno-per-gruppi-numerosi-fino-a-6-persone/ja,200,yes,yes,ja,グループでリヴィーニョへ：最大6名の滞在の計画,グループでリヴィーニョへ：最大6名の滞在の計画 | Ironwood Livigno,リヴィーニョでのグループ旅行の実用アドバイス：スペース、バスルーム、キッチン、段取りなど、最大6名が快適に過ごすために。,1058,BlogPosting BreadcrumbList,15,6,1,3,0.88,informational,KEEP
https://ironwoodlivigno.com/blog/deposito-sci-e-attrezzatura-a-livigno-cosa-cercare,200,yes,yes,it,Deposito sci e attrezzatura a Livigno: cosa cercare,Deposito sci e attrezzatura a Livigno: cosa cercare,"Perché un deposito sci dedicato nell'alloggio cambia la vacanza sulla neve, e cosa verificare prima di prenotare.",429,BlogPosting BreadcrumbList,25,5,1,2,0.59,informational,KEEP
https://ironwoodlivigno.com/blog/deposito-sci-e-attrezzatura-a-livigno-cosa-cercare/en,200,yes,yes,en,Ski Storage in Livigno: What to Look For in Your Accommodation,Ski Storage in Livigno: What to Look For in Your Accommodation,"Why a dedicated ski room in your accommodation changes a snow holiday, and what to check about space, heating and security before you book.",429,BlogPosting BreadcrumbList,15,6,1,3,0.97,informational,KEEP
https://ironwoodlivigno.com/blog/deposito-sci-e-attrezzatura-a-livigno-cosa-cercare/de,200,yes,yes,de,Skiraum in Livigno: Worauf Sie bei der Unterkunft achten sollten,Skiraum in Livigno: Worauf Sie bei der Unterkunft achten sollten,"Warum ein eigener Skiraum in der Unterkunft den Winterurlaub verändert – und was Sie vor der Buchung zu Platz, Heizung und Sicherheit prüfen sollten.",386,BlogPosting BreadcrumbList,15,6,1,3,0.85,informational,KEEP
https://ironwoodlivigno.com/blog/deposito-sci-e-attrezzatura-a-livigno-cosa-cercare/pl,200,yes,yes,pl,Narciarnia w Livigno: na co zwrócić uwagę przy wyborze noclegu,Narciarnia w Livigno: na co zwrócić uwagę przy wyborze noclegu,"Dlaczego własna narciarnia w obiekcie zmienia zimowy urlop i co sprawdzić przed rezerwacją: miejsce, ogrzewanie i bezpieczeństwo sprzętu.",372,BlogPosting BreadcrumbList,15,6,1,3,0.85,informational,KEEP
https://ironwoodlivigno.com/blog/deposito-sci-e-attrezzatura-a-livigno-cosa-cercare/nl,200,yes,yes,nl,Skiberging in Livigno: waar je op let bij je accommodatie,Skiberging in Livigno: waar je op let bij je accommodatie,"Waarom een eigen skiruimte in je accommodatie een wintervakantie verandert, en wat je vóór het boeken controleert over ruimte, verwarming en veiligheid.",421,BlogPosting BreadcrumbList,15,6,1,3,0.85,informational,KEEP
https://ironwoodlivigno.com/blog/deposito-sci-e-attrezzatura-a-livigno-cosa-cercare/cs,200,yes,yes,cs,Lyžárna v Livignu: na co se dívat při výběru ubytování,Lyžárna v Livignu: na co se dívat při výběru ubytování,"Proč vlastní lyžárna v ubytování mění zimní dovolenou a co si ověřit před rezervací: dostatek místa, vytápění a bezpečnost vybavení.",371,BlogPosting BreadcrumbList,15,6,1,3,0.85,informational,KEEP
https://ironwoodlivigno.com/blog/deposito-sci-e-attrezzatura-a-livigno-cosa-cercare/fr,200,yes,yes,fr,Local à skis à Livigno : que vérifier dans votre hébergement,Local à skis à Livigno : que vérifier dans votre hébergement,"Pourquoi un local à skis dans l'hébergement change des vacances à la neige, et ce qu'il faut vérifier avant de réserver : espace, chauffage et sécurité.",464,BlogPosting BreadcrumbList,15,6,1,3,0.85,informational,KEEP
https://ironwoodlivigno.com/blog/deposito-sci-e-attrezzatura-a-livigno-cosa-cercare/da,200,yes,yes,da,Skirum i Livigno: hvad du skal kigge efter i din bolig,Skirum i Livigno: hvad du skal kigge efter i din bolig,"Hvorfor et skirum i boligen gør en forskel for vinterferien, og hvad du skal tjekke om plads, varme og sikkerhed, før du booker.",403,BlogPosting BreadcrumbList,15,6,1,3,0.85,informational,KEEP
https://ironwoodlivigno.com/blog/deposito-sci-e-attrezzatura-a-livigno-cosa-cercare/no,200,yes,yes,no,Skirom i Livigno: hva du bør se etter i overnattingen,Skirom i Livigno: hva du bør se etter i overnattingen,"Hvorfor et eget skirom i overnattingen gjør en forskjell for vinterferien, og hva du bør sjekke om plass, varme og sikkerhet før du bestiller.",402,BlogPosting BreadcrumbList,15,6,1,3,0.85,informational,KEEP
https://ironwoodlivigno.com/blog/deposito-sci-e-attrezzatura-a-livigno-cosa-cercare/zh,200,yes,yes,zh,利维尼奥雪具存放：选住宿时要注意什么,利维尼奥雪具存放：选住宿时要注意什么 | Ironwood Livigno,为什么住宿里有专用雪具室会改变滑雪假期的体验，以及预订前应确认的空间、供暖和安全问题。,787,BlogPosting BreadcrumbList,15,6,1,3,0.85,informational,KEEP
https://ironwoodlivigno.com/blog/deposito-sci-e-attrezzatura-a-livigno-cosa-cercare/ja,200,yes,yes,ja,リヴィーニョのスキールーム：宿選びでチェックしたい点,リヴィーニョのスキールーム：宿選びでチェックしたい点 | Ironwood Livigno,宿に専用スキールームがあると雪の休暇がどう変わるか、そして予約前に確認したい広さ、暖房、安全性。,1036,BlogPosting BreadcrumbList,15,6,1,3,0.85,informational,KEEP
https://ironwoodlivigno.com/blog/quando-prenotare-livigno-calendario-stagionale,200,yes,yes,it,Quando prenotare Livigno: calendario stagionale,Quando prenotare Livigno: calendario stagionale,"Alta stagione, bassa stagione e periodi di transizione: come orientarti nel calendario di Livigno per scegliere quando partire.",434,BlogPosting BreadcrumbList,24,5,1,2,0.59,informational,KEEP
https://ironwoodlivigno.com/blog/quando-prenotare-livigno-calendario-stagionale/en,200,yes,yes,en,When to Book Livigno: A Seasonal Calendar,When to Book Livigno: A Seasonal Calendar | Ironwood Livigno,"High season, low season and the shoulder weeks: how to read Livigno's calendar to choose when to go, and how far ahead to book for each period.",414,BlogPosting BreadcrumbList,14,6,1,3,0.97,informational,KEEP
https://ironwoodlivigno.com/blog/quando-prenotare-livigno-calendario-stagionale/de,200,yes,yes,de,Wann Livigno buchen? Der Saisonkalender,Wann Livigno buchen? Der Saisonkalender | Ironwood Livigno,"Hochsaison, Nebensaison und Übergangswochen: So lesen Sie den Kalender von Livigno, um den richtigen Reisezeitpunkt und die passende Vorlaufzeit zu wählen.",384,BlogPosting BreadcrumbList,14,6,1,3,0.86,informational,KEEP
https://ironwoodlivigno.com/blog/quando-prenotare-livigno-calendario-stagionale/pl,200,yes,yes,pl,Kiedy rezerwować Livigno: kalendarz sezonów,Kiedy rezerwować Livigno: kalendarz sezonów,"Wysoki sezon, niski sezon i okresy przejściowe: jak czytać kalendarz Livigno, by wybrać termin wyjazdu i wiedzieć, z jakim wyprzedzeniem rezerwować.",355,BlogPosting BreadcrumbList,14,6,1,3,0.86,informational,KEEP
https://ironwoodlivigno.com/blog/quando-prenotare-livigno-calendario-stagionale/nl,200,yes,yes,nl,Wanneer Livigno boeken: de seizoenskalender,Wanneer Livigno boeken: de seizoenskalender,"Hoogseizoen, laagseizoen en tussenweken: zo lees je de kalender van Livigno om te kiezen wanneer je gaat en hoe ver van tevoren je per periode boekt.",413,BlogPosting BreadcrumbList,14,6,1,3,0.86,informational,KEEP
https://ironwoodlivigno.com/blog/quando-prenotare-livigno-calendario-stagionale/cs,200,yes,yes,cs,Kdy rezervovat Livigno: sezónní kalendář,Kdy rezervovat Livigno: sezónní kalendář | Ironwood Livigno,"Vysoká sezóna, nízká sezóna a přechodná období: jak číst kalendář Livigna, abyste zvolili termín cesty a věděli, s jakým předstihem rezervovat.",347,BlogPosting BreadcrumbList,14,6,1,3,0.86,informational,KEEP
https://ironwoodlivigno.com/blog/quando-prenotare-livigno-calendario-stagionale/fr,200,yes,yes,fr,Quand réserver Livigno : le calendrier des saisons,Quand réserver Livigno : le calendrier des saisons,"Haute saison, basse saison et périodes intermédiaires : comment lire le calendrier de Livigno pour choisir quand partir et combien de temps à l'avance réserver.",447,BlogPosting BreadcrumbList,14,6,1,3,0.86,informational,KEEP
https://ironwoodlivigno.com/blog/quando-prenotare-livigno-calendario-stagionale/da,200,yes,yes,da,Hvornår skal man booke Livigno: sæsonkalenderen,Hvornår skal man booke Livigno: sæsonkalenderen,"Højsæson, lavsæson og overgangsperioder: sådan læser du Livignos kalender for at vælge, hvornår du skal af sted, og hvor tidligt du skal booke.",381,BlogPosting BreadcrumbList,14,6,1,3,0.86,informational,KEEP
https://ironwoodlivigno.com/blog/quando-prenotare-livigno-calendario-stagionale/no,200,yes,yes,no,Når bør du bestille Livigno: sesongkalenderen,Når bør du bestille Livigno: sesongkalenderen,"Høysesong, lavsesong og overgangsperioder: slik leser du Livignos kalender for å velge når du skal reise og hvor tidlig du bør bestille.",381,BlogPosting BreadcrumbList,14,6,1,3,0.86,informational,KEEP
https://ironwoodlivigno.com/blog/quando-prenotare-livigno-calendario-stagionale/zh,200,yes,yes,zh,什么时候预订利维尼奥：季节日历,什么时候预订利维尼奥：季节日历 | Ironwood Livigno,旺季、淡季和过渡期：如何看懂利维尼奥的日历，选择出行时间，并知道每个时段该提前多久预订。,746,BlogPosting BreadcrumbList,14,6,1,3,0.86,informational,KEEP
https://ironwoodlivigno.com/blog/quando-prenotare-livigno-calendario-stagionale/ja,200,yes,yes,ja,リヴィーニョはいつ予約する？季節カレンダー,リヴィーニョはいつ予約する？季節カレンダー | Ironwood Livigno,ハイシーズン、オフシーズン、その間の時期：リヴィーニョのカレンダーの読み方と、いつ行き、どれくらい前に予約すべきか。,955,BlogPosting BreadcrumbList,14,6,1,3,0.86,informational,KEEP
https://ironwoodlivigno.com/blog/vacanza-senza-pensieri-a-livigno-colazione-ed-e-bike,200,yes,yes,it,Vacanza senza pensieri a Livigno: colazione ed e-bike,Vacanza senza pensieri a Livigno: colazione ed e-bike,Due servizi pensati per semplificarti la vacanza a Ironwood Livigno: colazione su richiesta e noleggio e-bike direttamente in struttura.,385,BlogPosting BreadcrumbList,24,4,1,2,0.57,informational,KEEP
https://ironwoodlivigno.com/blog/vacanza-senza-pensieri-a-livigno-colazione-ed-e-bike/en,200,yes,yes,en,A Carefree Holiday in Livigno: Breakfast and E-Bike Rental,A Carefree Holiday in Livigno: Breakfast and E-Bike Rental,Two optional services that make your stay at Ironwood Livigno easier: breakfast on request nearby and e-bike rental straight from the apartment.,389,BlogPosting BreadcrumbList,14,5,1,3,0.91,informational,KEEP
https://ironwoodlivigno.com/blog/vacanza-senza-pensieri-a-livigno-colazione-ed-e-bike/de,200,yes,yes,de,Sorgenfreier Urlaub in Livigno: Frühstück und E-Bike-Verleih,Sorgenfreier Urlaub in Livigno: Frühstück und E-Bike-Verleih,"Zwei optionale Services, die Ihren Aufenthalt bei Ironwood Livigno einfacher machen: Frühstück auf Anfrage in der Nähe und E-Bike-Verleih direkt ab der Wohnung.",368,BlogPosting BreadcrumbList,14,5,1,3,0.80,informational,KEEP
https://ironwoodlivigno.com/blog/vacanza-senza-pensieri-a-livigno-colazione-ed-e-bike/pl,200,yes,yes,pl,Beztroski urlop w Livigno: śniadanie i rowery elektryczne,Beztroski urlop w Livigno: śniadanie i rowery elektryczne,"Dwie opcjonalne usługi, które ułatwiają pobyt w Ironwood Livigno: śniadanie na życzenie w pobliżu i wypożyczenie roweru elektrycznego prosto z apartamentu.",323,BlogPosting BreadcrumbList,14,5,1,3,0.80,informational,KEEP
https://ironwoodlivigno.com/blog/vacanza-senza-pensieri-a-livigno-colazione-ed-e-bike/nl,200,yes,yes,nl,Zorgeloze vakantie in Livigno: ontbijt en e-bikeverhuur,Zorgeloze vakantie in Livigno: ontbijt en e-bikeverhuur,Twee optionele diensten die je verblijf in Ironwood Livigno makkelijker maken: ontbijt op aanvraag vlakbij en e-bikeverhuur direct vanaf het appartement.,374,BlogPosting BreadcrumbList,14,5,1,3,0.80,informational,KEEP
https://ironwoodlivigno.com/blog/vacanza-senza-pensieri-a-livigno-colazione-ed-e-bike/cs,200,yes,yes,cs,Bezstarostná dovolená v Livignu: snídaně a elektrokola,Bezstarostná dovolená v Livignu: snídaně a elektrokola,"Dvě volitelné služby, které vám usnadní pobyt v Ironwood Livigno: snídaně na požádání nedaleko a půjčení elektrokol přímo z apartmánu.",332,BlogPosting BreadcrumbList,14,5,1,3,0.80,informational,KEEP
https://ironwoodlivigno.com/blog/vacanza-senza-pensieri-a-livigno-colazione-ed-e-bike/fr,200,yes,yes,fr,Vacances sans souci à Livigno : petit-déjeuner et VTT électrique,Vacances sans souci à Livigno : petit-déjeuner et VTT électrique,Deux services en option qui simplifient votre séjour à Ironwood Livigno : le petit-déjeuner sur demande à deux pas et la location de VTT électriques.,394,BlogPosting BreadcrumbList,14,5,1,3,0.80,informational,KEEP
https://ironwoodlivigno.com/blog/vacanza-senza-pensieri-a-livigno-colazione-ed-e-bike/da,200,yes,yes,da,Bekymringsfri ferie i Livigno: morgenmad og elcykler,Bekymringsfri ferie i Livigno: morgenmad og elcykler,"To valgfrie services, der gør dit ophold på Ironwood Livigno lettere: morgenmad på forespørgsel tæt på og leje af elcykler direkte fra lejligheden.",369,BlogPosting BreadcrumbList,14,5,1,3,0.80,informational,KEEP
https://ironwoodlivigno.com/blog/vacanza-senza-pensieri-a-livigno-colazione-ed-e-bike/no,200,yes,yes,no,Bekymringsfri ferie i Livigno: frokost og elsykler,Bekymringsfri ferie i Livigno: frokost og elsykler,To valgfrie tjenester som gjør oppholdet på Ironwood Livigno enklere: frokost på forespørsel like i nærheten og utleie av elsykler rett fra leiligheten.,366,BlogPosting BreadcrumbList,14,5,1,3,0.80,informational,KEEP
https://ironwoodlivigno.com/blog/vacanza-senza-pensieri-a-livigno-colazione-ed-e-bike/zh,200,yes,yes,zh,轻松畅游利维尼奥：早餐和电动山地车租赁,轻松畅游利维尼奥：早餐和电动山地车租赁 | Ironwood Livigno,让你在 Ironwood Livigno 住得更轻松的两项可选服务：附近的预约早餐，以及直接从公寓租用电动山地车。,675,BlogPosting BreadcrumbList,14,5,1,3,0.80,informational,KEEP
https://ironwoodlivigno.com/blog/vacanza-senza-pensieri-a-livigno-colazione-ed-e-bike/ja,200,yes,yes,ja,リヴィーニョで気ままな休暇を：朝食とe-バイクレンタル,リヴィーニョで気ままな休暇を：朝食とe-バイクレンタル | Ironwood Livigno,Ironwood Livignoでの滞在をもっと快適にする2つのオプション：近くで楽しめるリクエスト制の朝食と、アパートから直接借りられるe-バイク。,938,BlogPosting BreadcrumbList,14,5,1,3,0.80,informational,KEEP
https://ironwoodlivigno.com/blog/livigno-tax-free-guida-per-chi-arriva-dallestero,200,yes,yes,it,Livigno tax free: guida pratica per chi arriva dall'estero,Livigno tax free: guida pratica per chi arriva dall'estero,"Cosa significa che Livigno è una zona franca doganale, e cosa sapere sui limiti di franchigia prima di fare acquisti importanti.",412,BlogPosting BreadcrumbList,24,4,1,2,0.57,informational,KEEP
https://ironwoodlivigno.com/blog/livigno-tax-free-guida-per-chi-arriva-dallestero/en,200,yes,yes,en,Livigno Tax Free: A Practical Guide for Visitors from Abroad,Livigno Tax Free: A Practical Guide for Visitors from Abroad,"What it means that Livigno is a customs-free zone, what's worth buying, and what to know about duty-free allowances before making larger purchases.",389,BlogPosting BreadcrumbList,14,5,1,3,0.89,informational,KEEP
https://ironwoodlivigno.com/blog/livigno-tax-free-guida-per-chi-arriva-dallestero/de,200,yes,yes,de,Livigno zollfrei: Praktischer Guide für Gäste aus dem Ausland,Livigno zollfrei: Praktischer Guide für Gäste aus dem Ausland,"Was es bedeutet, dass Livigno eine Zollfreizone ist, was sich zu kaufen lohnt und was Sie vor größeren Einkäufen über Freimengen wissen sollten.",379,BlogPosting BreadcrumbList,14,5,1,3,0.79,informational,KEEP
https://ironwoodlivigno.com/blog/livigno-tax-free-guida-per-chi-arriva-dallestero/pl,200,yes,yes,pl,Livigno bez cła: praktyczny przewodnik dla gości z zagranicy,Livigno bez cła: praktyczny przewodnik dla gości z zagranicy,"Co oznacza, że Livigno jest strefą wolnocłową, co warto kupić i co wiedzieć o limitach celnych przed większymi zakupami przy powrocie do Polski.",357,BlogPosting BreadcrumbList,14,5,1,3,0.79,informational,KEEP
https://ironwoodlivigno.com/blog/livigno-tax-free-guida-per-chi-arriva-dallestero/nl,200,yes,yes,nl,Livigno belastingvrij: praktische gids voor buitenlanders,Livigno belastingvrij: praktische gids voor buitenlanders,"Wat het betekent dat Livigno een douanevrije zone is, wat de moeite waard is om te kopen en wat je over vrijstellingen weet voordat je grote aankopen doet.",413,BlogPosting BreadcrumbList,14,5,1,3,0.79,informational,KEEP
https://ironwoodlivigno.com/blog/livigno-tax-free-guida-per-chi-arriva-dallestero/cs,200,yes,yes,cs,Livigno bez cla: praktický průvodce pro návštěvníky ze zahraničí,Livigno bez cla: praktický průvodce pro návštěvníky ze zahraničí,"Co znamená, že Livigno je bezcelní zóna, co se vyplatí koupit a co vědět o celních limitech před většími nákupy při návratu do Česka.",354,BlogPosting BreadcrumbList,14,5,1,3,0.79,informational,KEEP
https://ironwoodlivigno.com/blog/livigno-tax-free-guida-per-chi-arriva-dallestero/fr,200,yes,yes,fr,Livigno détaxé : guide pratique pour les visiteurs étrangers,Livigno détaxé : guide pratique pour les visiteurs étrangers,"Ce que signifie le statut de zone franche de Livigno, ce qu'il vaut la peine d'acheter et les franchises douanières à connaître avant de gros achats.",445,BlogPosting BreadcrumbList,14,5,1,3,0.79,informational,KEEP
https://ironwoodlivigno.com/blog/livigno-tax-free-guida-per-chi-arriva-dallestero/da,200,yes,yes,da,Livigno toldfrit: praktisk guide til udenlandske gæster,Livigno toldfrit: praktisk guide til udenlandske gæster,"Hvad det betyder, at Livigno er en toldfri zone, hvad der er værd at købe, og hvad du skal vide om toldfrie mængder før større indkøb.",403,BlogPosting BreadcrumbList,14,5,1,3,0.79,informational,KEEP
https://ironwoodlivigno.com/blog/livigno-tax-free-guida-per-chi-arriva-dallestero/no,200,yes,yes,no,Livigno tollfritt: praktisk guide for utenlandske gjester,Livigno tollfritt: praktisk guide for utenlandske gjester,"Hva det betyr at Livigno er en tollfri sone, hva som er verdt å kjøpe, og hva du bør vite om tollkvoter før større innkjøp på vei hjem til Norge.",389,BlogPosting BreadcrumbList,14,5,1,3,0.79,informational,KEEP
https://ironwoodlivigno.com/blog/livigno-tax-free-guida-per-chi-arriva-dallestero/zh,200,yes,yes,zh,利维尼奥免税：外国游客实用指南,利维尼奥免税：外国游客实用指南 | Ironwood Livigno,利维尼奥作为免税区意味着什么，哪些东西值得买，以及大额购物前需要了解的免税限额。,699,BlogPosting BreadcrumbList,14,5,1,3,0.79,informational,KEEP
https://ironwoodlivigno.com/blog/livigno-tax-free-guida-per-chi-arriva-dallestero/ja,200,yes,yes,ja,リヴィーニョの免税：海外から訪れる人のための実用ガイド,リヴィーニョの免税：海外から訪れる人のための実用ガイド | Ironwood Livigno,リヴィーニョが免税地区であることの意味、買う価値のあるもの、そして大きな買い物の前に知っておきたい免税範囲。,978,BlogPosting BreadcrumbList,14,5,1,3,0.79,informational,KEEP
https://ironwoodlivigno.com/blog/migliori-periodi-per-evitare-la-folla-a-livigno,200,yes,yes,it,I migliori periodi per evitare la folla a Livigno,I migliori periodi per evitare la folla a Livigno,Quando Livigno è più affollata e quali finestre di calendario permettono di goderti piste e sentieri con più tranquillità.,398,BlogPosting BreadcrumbList,24,6,1,2,0.61,informational,KEEP
https://ironwoodlivigno.com/blog/migliori-periodi-per-evitare-la-folla-a-livigno/en,200,yes,yes,en,The Best Times to Avoid the Crowds in Livigno,The Best Times to Avoid the Crowds in Livigno,"When Livigno is busiest, and which weeks of the year let you enjoy the slopes, trails and town centre with fewer queues and a calmer atmosphere.",375,BlogPosting BreadcrumbList,14,7,1,3,1.03,informational,KEEP
https://ironwoodlivigno.com/blog/migliori-periodi-per-evitare-la-folla-a-livigno/de,200,yes,yes,de,"Die besten Reisezeiten, um in Livigno den Massen zu entgehen","Die besten Reisezeiten, um in Livigno den Massen zu entgehen","Wann in Livigno am meisten los ist und in welchen Wochen Sie Pisten, Wanderwege und Ortszentrum mit weniger Andrang und ruhigerer Atmosphäre genießen.",342,BlogPosting BreadcrumbList,14,7,1,3,0.90,informational,KEEP
https://ironwoodlivigno.com/blog/migliori-periodi-per-evitare-la-folla-a-livigno/pl,200,yes,yes,pl,"Najlepsze terminy, by uniknąć tłumów w Livigno","Najlepsze terminy, by uniknąć tłumów w Livigno","Kiedy w Livigno jest najtłoczniej i w jakich tygodniach roku można cieszyć się stokami, szlakami i centrum z mniejszymi kolejkami i w spokojniejszej atmosferze.",318,BlogPosting BreadcrumbList,14,7,1,3,0.90,informational,KEEP
https://ironwoodlivigno.com/blog/migliori-periodi-per-evitare-la-folla-a-livigno/nl,200,yes,yes,nl,De beste periodes om de drukte in Livigno te vermijden,De beste periodes om de drukte in Livigno te vermijden,"Wanneer het in Livigno het drukst is en in welke weken je met minder rijen en een rustigere sfeer van pistes, wandelpaden en het dorpscentrum geniet.",362,BlogPosting BreadcrumbList,14,7,1,3,0.90,informational,KEEP
https://ironwoodlivigno.com/blog/migliori-periodi-per-evitare-la-folla-a-livigno/cs,200,yes,yes,cs,"Nejlepší termíny, jak se v Livignu vyhnout davům","Nejlepší termíny, jak se v Livignu vyhnout davům","Kdy je v Livignu nejrušněji a ve kterých týdnech si užijete sjezdovky, stezky i centrum s kratšími frontami a v klidnější atmosféře.",315,BlogPosting BreadcrumbList,14,7,1,3,0.90,informational,KEEP
https://ironwoodlivigno.com/blog/migliori-periodi-per-evitare-la-folla-a-livigno/fr,200,yes,yes,fr,Les meilleures périodes pour éviter la foule à Livigno,Les meilleures périodes pour éviter la foule à Livigno,"Quand Livigno est la plus fréquentée et quelles semaines de l'année permettent de profiter des pistes, sentiers et du centre avec moins d'attente.",407,BlogPosting BreadcrumbList,14,7,1,3,0.90,informational,KEEP
https://ironwoodlivigno.com/blog/migliori-periodi-per-evitare-la-folla-a-livigno/da,200,yes,yes,da,De bedste tidspunkter at undgå trængsel i Livigno,De bedste tidspunkter at undgå trængsel i Livigno,"Hvornår der er flest mennesker i Livigno, og i hvilke uger du kan nyde pister, stier og bymidte med kortere køer og en roligere stemning.",347,BlogPosting BreadcrumbList,14,7,1,3,0.90,informational,KEEP
https://ironwoodlivigno.com/blog/migliori-periodi-per-evitare-la-folla-a-livigno/no,200,yes,yes,no,De beste tidspunktene for å unngå trengsel i Livigno,De beste tidspunktene for å unngå trengsel i Livigno,"Når det er mest folk i Livigno, og i hvilke uker du kan nyte bakker, stier og sentrum med kortere køer og en roligere stemning.",337,BlogPosting BreadcrumbList,14,7,1,3,0.90,informational,KEEP
https://ironwoodlivigno.com/blog/migliori-periodi-per-evitare-la-folla-a-livigno/zh,200,yes,yes,zh,避开利维尼奥人潮的最佳时间,避开利维尼奥人潮的最佳时间 | Ironwood Livigno,利维尼奥什么时候最拥挤，一年中哪些时段可以在排队更少、氛围更安静的情况下享受雪道、步道和小镇中心。,634,BlogPosting BreadcrumbList,14,7,1,3,0.90,informational,KEEP
https://ironwoodlivigno.com/blog/migliori-periodi-per-evitare-la-folla-a-livigno/ja,200,yes,yes,ja,リヴィーニョの混雑を避けるベストシーズン,リヴィーニョの混雑を避けるベストシーズン | Ironwood Livigno,リヴィーニョが最も混む時期と、行列が少なく落ち着いた雰囲気でゲレンデ、トレイル、町の中心を楽しめる時期。,876,BlogPosting BreadcrumbList,14,7,1,3,0.90,informational,KEEP
https://ironwoodlivigno.com/blog/livigno-con-il-cane-regole-e-alternative,200,yes,yes,it,Livigno con il cane: regole e alternative,Livigno con il cane: regole e alternative | Ironwood Livigno,"Cosa sapere se vuoi portare il cane in vacanza a Livigno, e perché Ironwood Livigno non è la soluzione giusta per chi viaggia con animali.",400,BlogPosting BreadcrumbList,25,3,1,2,0.55,informational,KEEP
https://ironwoodlivigno.com/blog/livigno-con-il-cane-regole-e-alternative/en,200,yes,yes,en,Livigno with Your Dog: Rules and Alternatives,Livigno with Your Dog: Rules and Alternatives,"What to know if you want to bring your dog on holiday to Livigno, and why Ironwood Livigno isn't the right choice for guests travelling with pets.",387,BlogPosting BreadcrumbList,15,4,1,3,0.85,informational,KEEP
https://ironwoodlivigno.com/blog/livigno-con-il-cane-regole-e-alternative/de,200,yes,yes,de,Livigno mit Hund: Regeln und Alternativen,Livigno mit Hund: Regeln und Alternativen | Ironwood Livigno,"Was Sie wissen sollten, wenn Sie Ihren Hund mit in den Urlaub nach Livigno nehmen möchten – und warum Ironwood Livigno für Reisende mit Haustieren nicht passt.",366,BlogPosting BreadcrumbList,15,4,1,3,0.74,informational,KEEP
https://ironwoodlivigno.com/blog/livigno-con-il-cane-regole-e-alternative/pl,200,yes,yes,pl,Livigno z psem: zasady i alternatywy,Livigno z psem: zasady i alternatywy | Ironwood Livigno,"Co warto wiedzieć, jeśli chcesz zabrać psa na urlop do Livigno, i dlaczego Ironwood Livigno nie jest odpowiednim wyborem dla podróżujących ze zwierzętami.",336,BlogPosting BreadcrumbList,15,4,1,3,0.74,informational,KEEP
https://ironwoodlivigno.com/blog/livigno-con-il-cane-regole-e-alternative/nl,200,yes,yes,nl,Livigno met je hond: regels en alternatieven,Livigno met je hond: regels en alternatieven,"Wat je moet weten als je je hond mee op vakantie wilt nemen naar Livigno, en waarom Ironwood Livigno niet de juiste keuze is voor wie met huisdieren reist.",372,BlogPosting BreadcrumbList,15,4,1,3,0.74,informational,KEEP
https://ironwoodlivigno.com/blog/livigno-con-il-cane-regole-e-alternative/cs,200,yes,yes,cs,Livigno se psem: pravidla a alternativy,Livigno se psem: pravidla a alternativy | Ironwood Livigno,"Co vědět, pokud chcete vzít psa na dovolenou do Livigna, a proč Ironwood Livigno není vhodnou volbou pro ty, kdo cestují se zvířaty.",342,BlogPosting BreadcrumbList,15,4,1,3,0.74,informational,KEEP
https://ironwoodlivigno.com/blog/livigno-con-il-cane-regole-e-alternative/fr,200,yes,yes,fr,Livigno avec son chien : règles et alternatives,Livigno avec son chien : règles et alternatives,"Ce qu'il faut savoir pour emmener son chien en vacances à Livigno, et pourquoi Ironwood Livigno n'est pas le bon choix si vous voyagez avec un animal.",404,BlogPosting BreadcrumbList,15,4,1,3,0.74,informational,KEEP
https://ironwoodlivigno.com/blog/livigno-con-il-cane-regole-e-alternative/da,200,yes,yes,da,Livigno med hund: regler og alternativer,Livigno med hund: regler og alternativer | Ironwood Livigno,"Det skal du vide, hvis du vil have hunden med på ferie i Livigno, og hvorfor Ironwood Livigno ikke er det rette valg for dem, der rejser med dyr.",376,BlogPosting BreadcrumbList,15,4,1,3,0.74,informational,KEEP
https://ironwoodlivigno.com/blog/livigno-con-il-cane-regole-e-alternative/no,200,yes,yes,no,Hund på ferie i Livigno: regler og alternativer,Hund på ferie i Livigno: regler og alternativer,"Dette bør du vite hvis du vil ha med hunden på ferie til Livigno, og hvorfor Ironwood Livigno ikke er riktig valg for dem som reiser med dyr.",371,BlogPosting BreadcrumbList,15,4,1,3,0.74,informational,KEEP
https://ironwoodlivigno.com/blog/livigno-con-il-cane-regole-e-alternative/zh,200,yes,yes,zh,带狗去利维尼奥：规定与替代方案,带狗去利维尼奥：规定与替代方案 | Ironwood Livigno,想带狗去利维尼奥度假需要了解什么，以及为什么 Ironwood Livigno 不适合携带宠物出行的客人。,663,BlogPosting BreadcrumbList,15,4,1,3,0.74,informational,KEEP
https://ironwoodlivigno.com/blog/livigno-con-il-cane-regole-e-alternative/ja,200,yes,yes,ja,犬と一緒にリヴィーニョへ：ルールと代わりの選択肢,犬と一緒にリヴィーニョへ：ルールと代わりの選択肢 | Ironwood Livigno,犬を連れてリヴィーニョで休暇を過ごしたい方が知っておくべきことと、ペット連れの方にIronwood Livignoが向いていない理由。,929,BlogPosting BreadcrumbList,15,4,1,3,0.74,informational,KEEP
https://ironwoodlivigno.com/blog/da-dove-ammirare-il-tramonto-a-livigno,200,yes,yes,it,Da dove ammirare il tramonto a Livigno,Da dove ammirare il tramonto a Livigno | Ironwood Livigno,"I punti panoramici più suggestivi per goderti il tramonto sulle montagne di Livigno, dai sentieri in quota alla passeggiata al lago, in inverno e in estate.",399,BlogPosting BreadcrumbList,24,4,1,2,0.57,informational,KEEP
https://ironwoodlivigno.com/blog/da-dove-ammirare-il-tramonto-a-livigno/en,200,yes,yes,en,Where to Watch the Sunset in Livigno,Where to Watch the Sunset in Livigno | Ironwood Livigno,"The most scenic spots to watch the sunset over the mountains of Livigno, from high-altitude trails to an easy evening walk around the lake, in winter and summer.",371,BlogPosting BreadcrumbList,14,5,1,3,0.92,informational,KEEP
https://ironwoodlivigno.com/blog/da-dove-ammirare-il-tramonto-a-livigno/de,200,yes,yes,de,Die schönsten Orte für den Sonnenuntergang in Livigno,Die schönsten Orte für den Sonnenuntergang in Livigno,"Die schönsten Aussichtspunkte für den Sonnenuntergang über den Bergen von Livigno – vom Höhenweg bis zum leichten Abendspaziergang am See, im Winter wie im Sommer.",367,BlogPosting BreadcrumbList,14,5,1,3,0.81,informational,KEEP
https://ironwoodlivigno.com/blog/da-dove-ammirare-il-tramonto-a-livigno/pl,200,yes,yes,pl,Gdzie podziwiać zachód słońca w Livigno,Gdzie podziwiać zachód słońca w Livigno | Ironwood Livigno,"Najpiękniejsze punkty widokowe na zachód słońca nad górami Livigno, od szlaków wysokogórskich po łatwy wieczorny spacer wokół jeziora, zimą i latem.",335,BlogPosting BreadcrumbList,14,5,1,3,0.81,informational,KEEP
https://ironwoodlivigno.com/blog/da-dove-ammirare-il-tramonto-a-livigno/nl,200,yes,yes,nl,Waar je de zonsondergang in Livigno het best ziet,Waar je de zonsondergang in Livigno het best ziet,"De mooiste plekken om de zon te zien ondergaan boven de bergen van Livigno, van routes op hoogte tot een makkelijke avondwandeling rond het meer.",394,BlogPosting BreadcrumbList,14,5,1,3,0.81,informational,KEEP
https://ironwoodlivigno.com/blog/da-dove-ammirare-il-tramonto-a-livigno/cs,200,yes,yes,cs,Odkud v Livignu pozorovat západ slunce,Odkud v Livignu pozorovat západ slunce | Ironwood Livigno,"Nejkrásnější vyhlídky na západ slunce nad horami Livigna, od vysokohorských stezek po snadnou večerní procházku kolem jezera, v zimě i v létě.",339,BlogPosting BreadcrumbList,14,5,1,3,0.81,informational,KEEP
https://ironwoodlivigno.com/blog/da-dove-ammirare-il-tramonto-a-livigno/fr,200,yes,yes,fr,Où admirer le coucher de soleil à Livigno,Où admirer le coucher de soleil à Livigno | Ironwood Livigno,"Les plus beaux points de vue pour admirer le coucher de soleil sur les montagnes de Livigno, des sentiers d'altitude à une balade facile autour du lac.",404,BlogPosting BreadcrumbList,14,5,1,3,0.81,informational,KEEP
https://ironwoodlivigno.com/blog/da-dove-ammirare-il-tramonto-a-livigno/da,200,yes,yes,da,Hvor du kan se solnedgangen i Livigno,Hvor du kan se solnedgangen i Livigno | Ironwood Livigno,"De smukkeste udsigtspunkter til solnedgangen over bjergene i Livigno, fra stier i højden til en let aftentur rundt om søen, vinter og sommer.",358,BlogPosting BreadcrumbList,14,5,1,3,0.81,informational,KEEP
https://ironwoodlivigno.com/blog/da-dove-ammirare-il-tramonto-a-livigno/no,200,yes,yes,no,Her ser du solnedgangen best i Livigno,Her ser du solnedgangen best i Livigno | Ironwood Livigno,"De vakreste utsiktspunktene for solnedgangen over fjellene i Livigno, fra stier i høyden til en lett kveldstur rundt innsjøen, vinter og sommer.",355,BlogPosting BreadcrumbList,14,5,1,3,0.81,informational,KEEP
https://ironwoodlivigno.com/blog/da-dove-ammirare-il-tramonto-a-livigno/zh,200,yes,yes,zh,在利维尼奥哪里看日落,在利维尼奥哪里看日落 | Ironwood Livigno,欣赏利维尼奥群山日落的最佳观景点：从高海拔步道到环湖轻松散步，冬夏皆宜。,655,BlogPosting BreadcrumbList,14,5,1,3,0.81,informational,KEEP
https://ironwoodlivigno.com/blog/da-dove-ammirare-il-tramonto-a-livigno/ja,200,yes,yes,ja,リヴィーニョで夕日を眺めるならここ,リヴィーニョで夕日を眺めるならここ | Ironwood Livigno,リヴィーニョの山々に沈む夕日を眺める絶景スポット。高地のトレイルから湖畔の気軽な夕方の散歩まで、冬も夏も楽しめます。,877,BlogPosting BreadcrumbList,14,5,1,3,0.81,informational,KEEP
https://ironwoodlivigno.com/inverno,200,yes,yes,it,"Vacanza sulla neve a Livigno: sci, sauna privata e comfort a due passi dalle piste",Vacanza invernale a Livigno | Sauna a 100 m dagli impianti,"Sci, sauna a infrarossi e bagno turco privati a 100 m dagli impianti di risalita: scopri come vivere l'inverno a Livigno da Ironwood.",548,BreadcrumbList WebPage FAQPage,12,31,1,1,3.69,commercial / topic,KEEP
https://ironwoodlivigno.com/inverno/en,200,yes,yes,en,"Winter in Livigno: skiing, a private sauna, and comfort steps from the slopes",Winter Holiday in Livigno | Sauna 100 m from the Lifts,Private infrared sauna and steam bath 100 m from the ski lifts: discover what winter in Livigno feels like at Ironwood.,528,BreadcrumbList WebPage FAQPage,12,31,1,2,6.74,commercial / topic,KEEP
https://ironwoodlivigno.com/inverno/en-us,200,yes,yes,en-us,"Winter in Livigno, Italy: skiing, a private sauna, and comfort steps from the slopes","Winter Vacation in Livigno, Italy | Sauna 100 m from Lifts","Private infrared sauna and steam bath 100 m from the ski lifts: discover what winter in the Italian Alps feels like at Ironwood, in Livigno, Italy.",534,BreadcrumbList WebPage FAQPage,12,8,1,2,2.14,commercial / topic,KEEP
https://ironwoodlivigno.com/inverno/de,200,yes,yes,de,"Winterurlaub in Livigno: Skifahren, private Sauna und Komfort direkt an der Piste","Winterurlaub in Livigno | Sauna, 100 m von den Liften","Private Infrarotsauna und Dampfbad, 100 m von den Liften: entdecken Sie den Winter in Livigno bei Ironwood.",483,BreadcrumbList WebPage FAQPage,12,31,1,2,5.95,commercial / topic,KEEP
https://ironwoodlivigno.com/inverno/fr,200,yes,yes,fr,"Hiver à Livigno : ski, sauna privé et confort à deux pas des pistes",Vacances d'hiver à Livigno | Sauna à 100 m des remontées,Sauna infrarouge et hammam privés à 100 m des remontées mécaniques : découvrez l'hiver à Livigno chez Ironwood.,572,BreadcrumbList WebPage FAQPage,12,31,1,2,5.95,commercial / topic,KEEP
https://ironwoodlivigno.com/inverno/da,200,yes,yes,da,"Vinter i Livigno: skiløb, privat sauna og komfort tæt på pisterne",Vinterferie i Livigno | Sauna 100 m fra liftene,Privat infrarød sauna og dampbad 100 m fra skiliftene: oplev vinteren i Livigno hos Ironwood.,489,BreadcrumbList WebPage FAQPage,12,31,1,2,5.95,commercial / topic,KEEP
https://ironwoodlivigno.com/inverno/pl,200,yes,yes,pl,"Zimowe wakacje w Livigno: narciarstwo, prywatna sauna i komfort tuż przy stokach",Zimowe wakacje w Livigno | Sauna 100 m od wyciągów,"Prywatna sauna na podczerwień i łaźnia parowa 100 m od wyciągów narciarskich: odkryj, jak wygląda zima w Livigno w Ironwood.",485,BreadcrumbList WebPage FAQPage,12,31,1,2,5.95,commercial / topic,KEEP
https://ironwoodlivigno.com/inverno/cs,200,yes,yes,cs,"Zimní dovolená v Livignu: lyžování, soukromá sauna a komfort kousek od sjezdovek",Zimní dovolená v Livignu | Apartmán se saunou 100 m od vleků,"Soukromá infrasauna a parní lázeň 100 m od vleků: objevte, jaké je trávit zimu v Livignu v Ironwood.",467,BreadcrumbList WebPage FAQPage,12,31,1,2,5.95,commercial / topic,KEEP
https://ironwoodlivigno.com/inverno/no,200,yes,yes,no,"Vinter i Livigno: skikjøring, privat badstue og komfort like ved bakkene",Vinterferie i Livigno | Badstue 100 m fra heisene,Privat infrarød badstue og dampbad 100 m fra skiheisene: oppdag hvordan vinteren i Livigno oppleves hos Ironwood.,498,BreadcrumbList WebPage FAQPage,12,31,1,2,5.95,commercial / topic,KEEP
https://ironwoodlivigno.com/inverno/nl,200,yes,yes,nl,"Winter in Livigno: skiën, een privésauna en comfort vlak bij de piste","Wintervakantie in Livigno | Sauna, 100 m van de liften","Privé infraroodsauna en stoombad, 100 m van de skiliften: ontdek hoe de winter in Livigno aanvoelt bij Ironwood.",532,BreadcrumbList WebPage FAQPage,12,31,1,2,5.95,commercial / topic,KEEP
https://ironwoodlivigno.com/inverno/zh,200,yes,yes,zh,利维尼奥冬季度假:滑雪、私人桑拿与近在咫尺的舒适体验,利维尼奥冬季度假 | 距缆车仅100米的带桑拿公寓 | Ironwood Livigno,"私人红外线桑拿与土耳其蒸汽浴,距滑雪缆车仅100米:在Ironwood体验利维尼奥的冬日时光。",1035,BreadcrumbList WebPage FAQPage,12,31,1,2,5.95,commercial / topic,KEEP
https://ironwoodlivigno.com/inverno/ja,200,yes,yes,ja,リヴィーニョの冬:スキー、専用サウナ、ゲレンデ目の前の快適さ,リヴィーニョ冬のバカンス | リフトから100mのサウナ付きアパートメント | Ironwood Livigno,リフトから100m、専用の赤外線サウナとスチームバス。Ironwoodでリヴィーニョの冬を体験しませんか。,1467,BreadcrumbList WebPage FAQPage,12,31,1,2,5.95,commercial / topic,KEEP
https://ironwoodlivigno.com/estate,200,yes,yes,it,"Livigno d'estate: mountain bike, trekking e relax nell'appartamento con sauna","Vacanza estiva a Livigno | Bike, trekking e sauna privata","Bike park, sentieri per tutti i livelli e il Lago di Livigno: scopri l'estate a Livigno e perché un appartamento con sauna privata è la base ideale.",587,BreadcrumbList WebPage FAQPage,12,31,1,1,3.69,commercial / topic,KEEP
https://ironwoodlivigno.com/estate/en,200,yes,yes,en,"Summer in Livigno: mountain biking, hiking, and unwinding in the apartment with a sauna","Summer Holiday in Livigno | Biking, Hiking, Private Sauna","Bike park, trails for every level and Lake Livigno: discover summer in Livigno and why an apartment with a private sauna is the ideal base.",465,BreadcrumbList WebPage FAQPage,12,31,1,2,6.74,commercial / topic,KEEP
https://ironwoodlivigno.com/estate/en-us,200,yes,yes,en-us,"Summer in Livigno, Italy: mountain biking, hiking, and unwinding in the apartment with a sauna","Summer Vacation in Livigno, Italy | Biking and Private Sauna","Bike park, trails for every level and Lake Livigno: discover summer in the Italian Alps and why an apartment with a private sauna is the ideal base.",472,BreadcrumbList WebPage FAQPage,12,8,1,2,2.14,commercial / topic,KEEP
https://ironwoodlivigno.com/estate/de,200,yes,yes,de,"Sommer in Livigno: Mountainbike, Wandern und Entspannung in der Ferienwohnung mit Sauna","Sommerurlaub in Livigno | Bike, Wandern, private Sauna","Bikepark, Wege für jedes Niveau und der Lago di Livigno: entdecken Sie den Sommer in Livigno bei Ironwood.",456,BreadcrumbList WebPage FAQPage,12,31,1,2,5.95,commercial / topic,KEEP
https://ironwoodlivigno.com/estate/fr,200,yes,yes,fr,"Été à Livigno : VTT, randonnée et détente dans l'appartement avec sauna","Vacances d'été à Livigno | VTT, randonnée et sauna privé","Bike park, sentiers pour tous niveaux et le lac de Livigno : découvrez l'été à Livigno et pourquoi un appartement avec sauna privé est la base idéale.",521,BreadcrumbList WebPage FAQPage,12,31,1,2,5.95,commercial / topic,KEEP
https://ironwoodlivigno.com/estate/da,200,yes,yes,da,"Livigno om sommeren: mountainbike, vandreture og afslapning i lejligheden med sauna",Sommerferie i Livigno | Mountainbike og privat sauna,"Bikepark, stier til alle niveauer og Livigno-søen: oplev sommeren i Livigno, og hvorfor en lejlighed med privat sauna er den ideelle base.",440,BreadcrumbList WebPage FAQPage,12,31,1,2,5.95,commercial / topic,KEEP
https://ironwoodlivigno.com/estate/pl,200,yes,yes,pl,"Livigno latem: rowery górskie, trekking i relaks w apartamencie z sauną",Letnie wakacje w Livigno | Rowery i prywatna sauna,"Bike park, szlaki dla każdego poziomu i Jezioro Livigno: odkryj lato w Livigno i dlaczego apartament z prywatną sauną to idealna baza.",429,BreadcrumbList WebPage FAQPage,12,31,1,2,5.95,commercial / topic,KEEP
https://ironwoodlivigno.com/estate/cs,200,yes,yes,cs,"Livigno v létě: horská kola, trekking a odpočinek v apartmánu se saunou",Letní dovolená v Livignu | Kola a soukromá sauna,"Bikepark, trasy pro všechny úrovně a jezero Livigno: objevte léto v Livignu a proč je apartmán se soukromou saunou ideální základnou.",420,BreadcrumbList WebPage FAQPage,12,31,1,2,5.95,commercial / topic,KEEP
https://ironwoodlivigno.com/estate/no,200,yes,yes,no,"Livigno om sommeren: sykling i fjellet, fotturer og avslapning i leiligheten med badstue",Sommerferie i Livigno | Fjellsykling og privat badstue,"Bikepark, stier for alle nivåer og Livigno-sjøen: oppdag sommeren i Livigno, og hvorfor en leilighet med privat badstue er den ideelle basen.",435,BreadcrumbList WebPage FAQPage,12,31,1,2,5.95,commercial / topic,KEEP
https://ironwoodlivigno.com/estate/nl,200,yes,yes,nl,"Livigno in de zomer: mountainbiken, wandelen en ontspannen in het appartement met sauna",Zomervakantie in Livigno | Mountainbiken en privésauna,"Bikepark, paden voor elk niveau en het Meer van Livigno: ontdek de zomer in Livigno en waarom een appartement met privésauna de ideale uitvalsbasis is.",491,BreadcrumbList WebPage FAQPage,12,31,1,2,5.95,commercial / topic,KEEP
https://ironwoodlivigno.com/estate/zh,200,yes,yes,zh,利维尼奥的夏天:山地自行车、徒步与带桑拿公寓的悠然放松,利维尼奥夏季度假 | 山地自行车、徒步与私人桑拿 | Ironwood Livigno,"自行车公园、适合各水平的步道与利维尼奥湖:探索利维尼奥的夏天,了解为什么带私人桑拿的公寓是理想的落脚点。",961,BreadcrumbList WebPage FAQPage,12,31,1,2,5.95,commercial / topic,KEEP
https://ironwoodlivigno.com/estate/ja,200,yes,yes,ja,リヴィーニョの夏:マウンテンバイク、トレッキング、サウナ付きアパートメントでのくつろぎ,リヴィーニョ夏のバカンス | マウンテンバイク、トレッキング、専用サウナ | Ironwood Livigno,バイクパーク、あらゆるレベルに対応するトレイル、リヴィーニョ湖。リヴィーニョの夏と、専用サウナ付きアパートメントが理想的な拠点である理由をご紹介します。,1359,BreadcrumbList WebPage FAQPage,12,31,1,2,5.95,commercial / topic,KEEP
https://ironwoodlivigno.com/famiglie,200,yes,yes,it,Livigno con bambini: l'appartamento pensato per le famiglie,"Appartamento per famiglie a Livigno, fino a 6 persone","3 camere, 2 bagni, culla e seggiolone su richiesta: scopri perché Ironwood Livigno è pensato per famiglie e gruppi fino a 6 persone.",554,BreadcrumbList WebPage FAQPage,12,31,1,1,3.69,commercial / topic,KEEP
https://ironwoodlivigno.com/famiglie/en,200,yes,yes,en,Livigno with children: the apartment designed for families,"Family Apartment in Livigno, Up to 6 Guests","3 bedrooms, 2 bathrooms, cot and high chair on request: discover why Ironwood Livigno is designed for families and groups up to 6.",532,BreadcrumbList WebPage FAQPage,12,31,1,2,6.74,commercial / topic,KEEP
https://ironwoodlivigno.com/famiglie/en-us,200,yes,yes,en-us,"Livigno, Italy with kids: the apartment designed for families","Family Apartment in Livigno, Italy | Up to 6 Guests","3 bedrooms, 2 bathrooms, crib and high chair on request: discover why Ironwood Livigno, in the Italian Alps, is designed for families and groups up to 6.",535,BreadcrumbList WebPage FAQPage,12,8,1,2,2.14,commercial / topic,KEEP
https://ironwoodlivigno.com/famiglie/de,200,yes,yes,de,Livigno mit Kindern: die Ferienwohnung für Familien,"Familienwohnung in Livigno, bis zu 6 Personen","3 Schlafzimmer, 2 Bäder, Kinderbett und Hochstuhl auf Anfrage: entdecken Sie, warum Ironwood Livigno für Familien und Gruppen bis 6 Personen konzipiert ist.",500,BreadcrumbList WebPage FAQPage,12,31,1,2,5.95,commercial / topic,KEEP
https://ironwoodlivigno.com/famiglie/fr,200,yes,yes,fr,Livigno avec des enfants : l'appartement pensé pour les familles,"Appartement familial à Livigno, jusqu'à 6 personnes","3 chambres, 2 salles de bains, lit bébé et chaise haute sur demande : pensé pour les familles jusqu'à 6 personnes.",598,BreadcrumbList WebPage FAQPage,12,31,1,2,5.95,commercial / topic,KEEP
https://ironwoodlivigno.com/famiglie/da,200,yes,yes,da,Livigno med børn: lejligheden designet til familier,"Familielejlighed i Livigno, op til 6 personer","3 soveværelser, 2 badeværelser, barneseng og højstol efter ønske: oplev hvorfor Ironwood Livigno er designet til familier og grupper på op til 6 personer.",498,BreadcrumbList WebPage FAQPage,12,31,1,2,5.95,commercial / topic,KEEP
https://ironwoodlivigno.com/famiglie/pl,200,yes,yes,pl,Livigno z dziećmi: apartament pomyślany dla rodzin,"Apartament dla rodzin w Livigno, do 6 osób","3 sypialnie, 2 łazienki, łóżeczko i krzesełko na życzenie: odkryj, dlaczego Ironwood Livigno jest pomyślany dla rodzin i grup do 6 osób.",486,BreadcrumbList WebPage FAQPage,12,31,1,2,5.95,commercial / topic,KEEP
https://ironwoodlivigno.com/famiglie/cs,200,yes,yes,cs,Livigno s dětmi: apartmán navržený pro rodiny,"Rodinný apartmán v Livignu, až 6 osob | Ironwood Livigno","3 ložnice, 2 koupelny, dětská postýlka a jídelní židlička na přání: objevte, proč je Ironwood Livigno navržen pro rodiny a skupiny až 6 osob.",462,BreadcrumbList WebPage FAQPage,12,31,1,2,5.95,commercial / topic,KEEP
https://ironwoodlivigno.com/famiglie/no,200,yes,yes,no,Livigno med barn: leiligheten designet for familier,"Familieleilighet i Livigno, opptil 6 personer","3 soverom, 2 bad, barneseng og barnestol på forespørsel: oppdag hvorfor Ironwood Livigno er designet for familier og grupper på opptil 6 personer.",494,BreadcrumbList WebPage FAQPage,12,31,1,2,5.95,commercial / topic,KEEP
https://ironwoodlivigno.com/famiglie/nl,200,yes,yes,nl,Livigno met kinderen: het appartement ontworpen voor gezinnen,"Gezinsappartement in Livigno, tot 6 personen","3 slaapkamers, 2 badkamers, kinderbedje en kinderstoel op aanvraag: ontdek waarom Ironwood Livigno is ontworpen voor gezinnen en groepen tot 6 personen.",535,BreadcrumbList WebPage FAQPage,12,31,1,2,5.95,commercial / topic,KEEP
https://ironwoodlivigno.com/famiglie/zh,200,yes,yes,zh,带孩子游利维尼奥:专为家庭设计的公寓,"利维尼奥家庭公寓 | 可住6人,提供婴儿床与餐椅 | Ironwood Livigno","3间卧室、2间浴室,婴儿床和餐椅可应要求提供:了解为什么Ironwood Livigno专为家庭及最多6人的团体而设计。",962,BreadcrumbList WebPage FAQPage,12,31,1,2,5.95,commercial / topic,KEEP
https://ironwoodlivigno.com/famiglie/ja,200,yes,yes,ja,子連れのリヴィーニョ:ファミリーのために考え抜かれたアパートメント,リヴィーニョのファミリー向けアパートメント | 最大6名、ベビーベッド・チェア対応 | Ironwood Livigno,3ベッドルーム、2バスルーム、ご要望に応じてベビーベッドとハイチェアもご用意。Ironwood Livignoが最大6名のご家族・グループのために設計されている理由をご紹介します。,1448,BreadcrumbList WebPage FAQPage,12,31,1,2,5.95,commercial / topic,KEEP
https://ironwoodlivigno.com/come-arrivare,200,yes,yes,it,"Come raggiungere Ironwood Livigno: indirizzo, parcheggio e ultimi chilometri",Come arrivare a Ironwood Livigno | Indirizzo e parcheggio,"Indirizzo, parcheggio gratuito e distanza dagli impianti: la guida pratica per arrivare a Ironwood Livigno, via Saroch 771, senza sorprese.",505,BreadcrumbList WebPage FAQPage,12,31,1,1,3.69,commercial / topic,KEEP
https://ironwoodlivigno.com/come-arrivare/en,200,yes,yes,en,"How to reach Ironwood Livigno: address, parking, and the final stretch",How to Get to Ironwood Livigno | Address and Parking,"Address, free parking and distance from the lifts: the practical guide to reaching Ironwood Livigno, Via Saroch 771, with no surprises.",504,BreadcrumbList WebPage FAQPage,12,31,1,2,6.74,commercial / topic,KEEP
https://ironwoodlivigno.com/come-arrivare/en-us,200,yes,yes,en-us,"How to reach Ironwood Livigno, Italy: address, parking, and the final stretch","How to Get to Ironwood Livigno, Italy | Address and Parking","Address, free parking and distance from the lifts: the practical guide to reaching Ironwood Livigno, Via Saroch 771, Italy, with no surprises.",509,BreadcrumbList WebPage FAQPage,12,8,1,2,2.14,commercial / topic,KEEP
https://ironwoodlivigno.com/come-arrivare/de,200,yes,yes,de,"So erreichen Sie Ironwood Livigno: Adresse, Parkplatz und die letzten Kilometer",Anreise zu Ironwood Livigno | Adresse und Parkplatz,"Adresse, kostenloser Parkplatz und Entfernung zu den Liften: der praktische Guide zur Anreise nach Ironwood Livigno, Via Saroch 771, ganz ohne Überraschungen.",491,BreadcrumbList WebPage FAQPage,12,31,1,2,5.95,commercial / topic,KEEP
https://ironwoodlivigno.com/come-arrivare/fr,200,yes,yes,fr,"Comment rejoindre Ironwood Livigno : adresse, parking et derniers kilomètres",Comment venir à Ironwood Livigno | Adresse et parking,"Adresse, parking gratuit et distance des remontées : le guide pratique pour rejoindre Ironwood Livigno, via Saroch 771, sans surprises.",545,BreadcrumbList WebPage FAQPage,12,31,1,2,5.95,commercial / topic,KEEP
https://ironwoodlivigno.com/come-arrivare/da,200,yes,yes,da,"Sådan kommer du til Ironwood Livigno: adresse, parkering og de sidste kilometer",Sådan kommer du til Ironwood Livigno | Adresse og parkering,"Adresse, gratis parkering og afstand til liftene: den praktiske guide til at komme til Ironwood Livigno, Via Saroch 771, uden overraskelser.",472,BreadcrumbList WebPage FAQPage,12,31,1,2,5.95,commercial / topic,KEEP
https://ironwoodlivigno.com/come-arrivare/pl,200,yes,yes,pl,"Jak dojechać do Ironwood Livigno: adres, parking i ostatnie kilometry",Jak dojechać do Ironwood Livigno | Adres i parking,"Adres, bezpłatny parking i odległość od wyciągów: praktyczny przewodnik dojazdu do Ironwood Livigno, via Saroch 771, bez niespodzianek.",453,BreadcrumbList WebPage FAQPage,12,31,1,2,5.95,commercial / topic,KEEP
https://ironwoodlivigno.com/come-arrivare/cs,200,yes,yes,cs,"Jak se dostat do Ironwood Livigno: adresa, parkování a poslední kilometry",Jak se dostat do Ironwood Livigno | Adresa a parkování,"Adresa, bezplatné parkování a vzdálenost od vleků: praktický průvodce cestou do Ironwood Livigno, Via Saroch 771, bez překvapení.",458,BreadcrumbList WebPage FAQPage,12,31,1,2,5.95,commercial / topic,KEEP
https://ironwoodlivigno.com/come-arrivare/no,200,yes,yes,no,"Slik kommer du til Ironwood Livigno: adresse, parkering og de siste kilometerne",Slik kommer du til Ironwood Livigno | Adresse og parkering,"Adresse, gratis parkering og avstand til heisene: den praktiske guiden til å komme til Ironwood Livigno, Via Saroch 771, uten overraskelser.",482,BreadcrumbList WebPage FAQPage,12,31,1,2,5.95,commercial / topic,KEEP
https://ironwoodlivigno.com/come-arrivare/nl,200,yes,yes,nl,"Zo bereik je Ironwood Livigno: adres, parkeren en de laatste kilometers",Zo kom je bij Ironwood Livigno | Adres en parkeren,"Adres, gratis parkeren en afstand tot de liften: de praktische gids om Ironwood Livigno, Via Saroch 771, zonder verrassingen te bereiken.",522,BreadcrumbList WebPage FAQPage,12,31,1,2,5.95,commercial / topic,KEEP
https://ironwoodlivigno.com/come-arrivare/zh,200,yes,yes,zh,如何抵达Ironwood Livigno:地址、停车与最后几公里,如何抵达Ironwood Livigno | 地址、停车与最后路段 | Ironwood Livigno,"地址、免费停车位与距缆车的距离:前往Ironwood Livigno(via Saroch 771)的实用指南,不会有任何意外。",1123,BreadcrumbList WebPage FAQPage,12,31,1,2,5.95,commercial / topic,KEEP
https://ironwoodlivigno.com/come-arrivare/ja,200,yes,yes,ja,Ironwood Livignoへのアクセス:住所、駐車場、そして最後の道のり,Ironwood Livignoへのアクセス | 住所、駐車場、最後の区間 | Ironwood Livigno,住所、無料駐車場、リフトまでの距離。Ironwood Livigno(Via Saroch 771)へ迷わずたどり着くための実用ガイドです。,1443,BreadcrumbList WebPage FAQPage,12,31,1,2,5.95,commercial / topic,KEEP
https://ironwoodlivigno.com/chi-siamo,200,yes,yes,it,Chi siamo: la famiglia livignasca dietro Ironwood Livigno,Chi Siamo | Ironwood Livigno — Famiglia Host a Livigno,"Ironwood Livigno è gestito direttamente da Francesco e famiglia, livignaschi da sempre: scopri la nostra storia e le recensioni, prenota senza commissioni.",847,BreadcrumbList AboutPage FAQPage,11,31,1,1,3.66,commercial / topic,KEEP
https://ironwoodlivigno.com/chi-siamo/en,200,yes,yes,en,About us: the Livigno family behind Ironwood Livigno,About Us | Ironwood Livigno — A Host Family in Livigno,"Ironwood Livigno is run directly by Francesco and his family, Livigno natives through and through: read our story and reviews, book with no commission.",848,BreadcrumbList WebPage FAQPage,11,31,1,2,6.68,commercial / topic,KEEP
https://ironwoodlivigno.com/chi-siamo/en-us,200,yes,yes,en-us,"About us: the Livigno, Italy family behind Ironwood Livigno",About Us | Ironwood Livigno — A Host Family,"Ironwood Livigno, Italy is run directly by Francesco and his family, Livigno natives through and through: read our story and reviews, book with no commission.",853,BreadcrumbList WebPage FAQPage,11,8,1,2,2.12,commercial / topic,KEEP
https://ironwoodlivigno.com/chi-siamo/de,200,yes,yes,de,Über uns: die Livigno-Familie hinter Ironwood Livigno,Über Uns | Ironwood Livigno — Eine Gastgeberfamilie,"Ironwood Livigno wird direkt von Francesco und seiner Familie geführt, waschechten Livignesern: lesen Sie unsere Geschichte.",815,BreadcrumbList WebPage FAQPage,11,31,1,2,5.90,commercial / topic,KEEP
https://ironwoodlivigno.com/chi-siamo/fr,200,yes,yes,fr,Qui sommes-nous : la famille de Livigno derrière Ironwood Livigno,Qui Sommes-Nous | Ironwood Livigno — Famille d'Hôtes,"Ironwood Livigno est géré directement par Francesco et sa famille, natifs de Livigno depuis toujours.",913,BreadcrumbList WebPage FAQPage,11,31,1,2,5.90,commercial / topic,KEEP
https://ironwoodlivigno.com/chi-siamo/da,200,yes,yes,da,"Om os: den Livigno-familie, der står bag Ironwood Livigno",Om Os | Ironwood Livigno — En værtsfamilie i Livigno,"Ironwood Livigno drives direkte af Francesco og hans familie, ægte livignesere: læs vores historie og anmeldelser, book uden kommission.",828,BreadcrumbList WebPage FAQPage,11,31,1,2,5.90,commercial / topic,KEEP
https://ironwoodlivigno.com/chi-siamo/pl,200,yes,yes,pl,O nas: livignijska rodzina stojąca za Ironwood Livigno,O Nas | Ironwood Livigno — Rodzina Gospodarzy w Livigno,"Ironwood Livigno jest prowadzony bezpośrednio przez Francesco i jego rodzinę, mieszkańców Livigno od zawsze.",781,BreadcrumbList WebPage FAQPage,11,31,1,2,5.90,commercial / topic,KEEP
https://ironwoodlivigno.com/chi-siamo/cs,200,yes,yes,cs,O nás: livignská rodina za Ironwood Livigno,O Nás | Ironwood Livigno — Rodina Hostitelů v Livignu,"Ironwood Livigno vede přímo Francesco a jeho rodina, rodilí obyvatelé Livigna: přečtěte si náš příběh a recenze, rezervujte bez provize.",763,BreadcrumbList WebPage FAQPage,11,31,1,2,5.90,commercial / topic,KEEP
https://ironwoodlivigno.com/chi-siamo/no,200,yes,yes,no,Om oss: Livigno-familien bak Ironwood Livigno,Om Oss | Ironwood Livigno — En vertsfamilie i Livigno,"Ironwood Livigno drives direkte av Francesco og hans familie, ekte livignesere: les vår historie og anmeldelser, book uten provisjon.",824,BreadcrumbList WebPage FAQPage,11,31,1,2,5.90,commercial / topic,KEEP
https://ironwoodlivigno.com/chi-siamo/nl,200,yes,yes,nl,Over ons: de Livigno-familie achter Ironwood Livigno,Over Ons | Ironwood Livigno — Een gastfamilie in Livigno,"Ironwood Livigno wordt rechtstreeks beheerd door Francesco en zijn familie, geboren en getogen in Livigno.",872,BreadcrumbList WebPage FAQPage,11,31,1,2,5.90,commercial / topic,KEEP
https://ironwoodlivigno.com/chi-siamo/zh,200,yes,yes,zh,关于我们:Ironwood Livigno背后的利维尼奥本地家庭,关于我们 | Ironwood Livigno——利维尼奥的房东家庭 | Ironwood Livigno,"Ironwood Livigno由Francesco及其家人亲自经营,世代扎根利维尼奥:了解我们的故事和评价,预订无需支付佣金。",2185,BreadcrumbList WebPage FAQPage,11,31,1,2,5.90,commercial / topic,KEEP
https://ironwoodlivigno.com/chi-siamo/ja,200,yes,yes,ja,私たちについて:Ironwood Livignoを営むリヴィーニョの家族,私たちについて | Ironwood Livigno — リヴィーニョのホストファミリー,Ironwood Livignoは、代々リヴィーニョに暮らすFrancescoとその家族が直接運営しています。私たちのストーリーとレビューをご覧いただき、手数料なしでご予約ください。,2814,BreadcrumbList WebPage FAQPage,11,31,1,2,5.90,commercial / topic,KEEP
https://ironwoodlivigno.com/sauna-bagno-turco-privato-livigno,200,yes,yes,it,Appartamento con sauna privata a Livigno: sauna a infrarossi e bagno turco esclusivi,Sauna Privata Livigno | Appartamento con Bagno Turco Privato,"A Livigno, un appartamento con sauna a infrarossi e bagno turco privati, mai condivisi: nessuna prenotazione, disponibili ogni giorno a qualsiasi ora.",608,BreadcrumbList WebPage FAQPage,12,31,1,1,3.69,commercial / topic,KEEP
https://ironwoodlivigno.com/sauna-bagno-turco-privato-livigno/en,200,yes,yes,en,Apartment with private sauna in Livigno: exclusive infrared sauna and steam bath,Private Sauna Livigno | Apartment with Private Steam Bath,"In Livigno, an apartment with a private infrared sauna and steam bath, never shared: no booking needed, available every day at any time.",514,BreadcrumbList WebPage FAQPage,12,31,1,2,6.74,commercial / topic,KEEP
https://ironwoodlivigno.com/sauna-bagno-turco-privato-livigno/en-us,200,yes,yes,en-us,"Apartment with private sauna in Livigno, Italy: exclusive infrared sauna and steam bath","Private Sauna Livigno, Italy | Private Steam Bath","In Livigno, Italy, an apartment with a private infrared sauna and steam bath, never shared: no reservation needed, available every day at any time.",518,BreadcrumbList WebPage FAQPage,12,8,1,2,2.14,commercial / topic,KEEP
https://ironwoodlivigno.com/sauna-bagno-turco-privato-livigno/de,200,yes,yes,de,Ferienwohnung mit privater Sauna in Livigno: exklusive Infrarotsauna und Dampfbad,Private Sauna Livigno | Ferienwohnung mit privatem Dampfbad,"In Livigno, eine Ferienwohnung mit privater Infrarotsauna und Dampfbad, nie geteilt: keine Buchung nötig, jeden Tag zu jeder Zeit verfügbar.",472,BreadcrumbList WebPage FAQPage,12,31,1,2,5.95,commercial / topic,KEEP
https://ironwoodlivigno.com/sauna-bagno-turco-privato-livigno/fr,200,yes,yes,fr,Appartement avec sauna privé à Livigno : sauna infrarouge et hammam exclusifs,Sauna Privé Livigno | Appartement avec Hammam Privé,"À Livigno, un appartement avec sauna infrarouge et hammam privés, jamais partagés : aucune réservation, disponibles chaque jour à toute heure.",531,BreadcrumbList WebPage FAQPage,12,31,1,2,5.95,commercial / topic,KEEP
https://ironwoodlivigno.com/sauna-bagno-turco-privato-livigno/da,200,yes,yes,da,Lejlighed med privat sauna i Livigno: eksklusiv infrarød sauna og dampbad,Privat Sauna Livigno | Lejlighed med Privat Dampbad,"I Livigno, en lejlighed med privat infrarød sauna og dampbad, aldrig delt: ingen booking, tilgængelig hver dag på ethvert tidspunkt.",496,BreadcrumbList WebPage FAQPage,12,31,1,2,5.95,commercial / topic,KEEP
https://ironwoodlivigno.com/sauna-bagno-turco-privato-livigno/pl,200,yes,yes,pl,Apartament z prywatną sauną w Livigno: ekskluzywna sauna na podczerwień i łaźnia parowa,Prywatna Sauna Livigno | Apartament z Prywatną Łaźnią Parową,"W Livigno apartament z prywatną sauną na podczerwień i łaźnią parową, nigdy niedzieloną: bez rezerwacji, dostępna codziennie o każdej porze.",474,BreadcrumbList WebPage FAQPage,12,31,1,2,5.95,commercial / topic,KEEP
https://ironwoodlivigno.com/sauna-bagno-turco-privato-livigno/cs,200,yes,yes,cs,Apartmán se soukromou saunou v Livignu: exkluzivní infrasauna a parní lázeň,Soukromá Sauna Livigno | Apartmán se Soukromou Parní Lázní,"V Livignu apartmán se soukromou infrasaunou a parní lázní, nikdy sdílené: žádná rezervace, dostupné každý den v kteroukoli hodinu.",450,BreadcrumbList WebPage FAQPage,12,31,1,2,5.95,commercial / topic,KEEP
https://ironwoodlivigno.com/sauna-bagno-turco-privato-livigno/no,200,yes,yes,no,Leilighet med privat badstue i Livigno: eksklusiv infrarød badstue og dampbad,Privat Badstue Livigno | Leilighet med Privat Dampbad,"I Livigno, en leilighet med privat infrarød badstue og dampbad, aldri delt: ingen booking, tilgjengelig hver dag når som helst.",491,BreadcrumbList WebPage FAQPage,12,31,1,2,5.95,commercial / topic,KEEP
https://ironwoodlivigno.com/sauna-bagno-turco-privato-livigno/nl,200,yes,yes,nl,Appartement met privésauna in Livigno: exclusieve infraroodsauna en stoombad,Privésauna Livigno | Appartement met Privé Stoombad,"In Livigno, een appartement met privé infraroodsauna en stoombad, nooit gedeeld: geen reservering nodig, elke dag op elk moment beschikbaar.",503,BreadcrumbList WebPage FAQPage,12,31,1,2,5.95,commercial / topic,KEEP
https://ironwoodlivigno.com/sauna-bagno-turco-privato-livigno/zh,200,yes,yes,zh,利维尼奥带私人桑拿的公寓:专属红外线桑拿与土耳其蒸汽浴,利维尼奥私人桑拿 | 带私人土耳其蒸汽浴的公寓 | Ironwood Livigno,"在利维尼奥,一间带私人红外线桑拿与土耳其蒸汽浴的公寓,绝不与他人共用:无需预约,每天任何时间均可使用。",971,BreadcrumbList WebPage FAQPage,12,31,1,2,5.95,commercial / topic,KEEP
https://ironwoodlivigno.com/sauna-bagno-turco-privato-livigno/ja,200,yes,yes,ja,リヴィーニョの専用サウナ付きアパートメント:専用の赤外線サウナとスチームバス,リヴィーニョの専用サウナ | 専用スチームバス付きアパートメント | Ironwood Livigno,リヴィーニョで、専用の赤外線サウナとスチームバスを備えたアパートメント。他の宿泊客とは共有せず、予約不要で毎日いつでもご利用いただけます。,1361,BreadcrumbList WebPage FAQPage,12,31,1,2,5.95,commercial / topic,KEEP
https://ironwoodlivigno.com/camere-appartamento-livigno,200,yes,yes,it,"Le 3 camere dell'appartamento a Livigno: layout, letti e dettagli",Appartamento 3 Camere a Livigno | Layout delle Stanze,"3 camere, 2 bagni, 90 m²: scopri il layout dettagliato dell'appartamento a Livigno, camera per camera, pensato per famiglie e gruppi fino a 6 persone.",429,BreadcrumbList WebPage FAQPage,11,31,1,1,3.66,commercial / topic,KEEP
https://ironwoodlivigno.com/camere-appartamento-livigno/en,200,yes,yes,en,"The apartment's 3 bedrooms in Livigno: layout, beds and details",3-Bedroom Apartment in Livigno | Room Layout,"3 bedrooms, 2 bathrooms, 90 sqm: discover the detailed layout of the apartment in Livigno, room by room, designed for families and groups up to 6.",430,BreadcrumbList WebPage FAQPage,11,31,1,2,6.68,commercial / topic,KEEP
https://ironwoodlivigno.com/camere-appartamento-livigno/en-us,200,yes,yes,en-us,"The apartment's 3 bedrooms in Livigno, Italy: layout, beds and details","3-Bedroom Apartment in Livigno, Italy | Room Layout","3 bedrooms, 2 bathrooms, 970 sqft: discover the detailed layout of the apartment in Livigno, Italy, room by room, designed for families and groups up to 6.",431,BreadcrumbList WebPage FAQPage,11,8,1,2,2.12,commercial / topic,KEEP
https://ironwoodlivigno.com/camere-appartamento-livigno/de,200,yes,yes,de,"Die 3 Schlafzimmer der Wohnung in Livigno: Aufteilung, Betten und Details",3-Zimmer-Wohnung in Livigno | Raumaufteilung,"3 Schlafzimmer, 2 Bäder, 90 m²: entdecken Sie die detaillierte Aufteilung der Wohnung in Livigno, Zimmer für Zimmer.",406,BreadcrumbList WebPage FAQPage,11,31,1,2,5.90,commercial / topic,KEEP
https://ironwoodlivigno.com/camere-appartamento-livigno/fr,200,yes,yes,fr,"Les 3 chambres de l'appartement à Livigno : disposition, lits et détails",Appartement 3 Chambres à Livigno | Disposition des Pièces,"3 chambres, 2 salles de bains, 90 m² : découvrez la disposition détaillée de l'appartement à Livigno, pièce par pièce.",473,BreadcrumbList WebPage FAQPage,11,31,1,2,5.90,commercial / topic,KEEP
https://ironwoodlivigno.com/camere-appartamento-livigno/da,200,yes,yes,da,"Lejlighedens 3 soveværelser i Livigno: layout, senge og detaljer",Lejlighed med 3 Soveværelser i Livigno | Værelsesindretning,"3 soveværelser, 2 badeværelser, 90 m²: oplev den detaljerede indretning af lejligheden i Livigno, værelse for værelse.",398,BreadcrumbList WebPage FAQPage,11,31,1,2,5.90,commercial / topic,KEEP
https://ironwoodlivigno.com/camere-appartamento-livigno/pl,200,yes,yes,pl,"3 sypialnie w apartamencie w Livigno: układ, łóżka i szczegóły",Apartament z 3 Sypialniami w Livigno | Układ Pomieszczeń,"3 sypialnie, 2 łazienki, 90 m²: poznaj szczegółowy układ apartamentu w Livigno, pokój po pokoju, pomyślany dla rodzin i grup do 6 osób.",384,BreadcrumbList WebPage FAQPage,11,31,1,2,5.90,commercial / topic,KEEP
https://ironwoodlivigno.com/camere-appartamento-livigno/cs,200,yes,yes,cs,"3 ložnice apartmánu v Livignu: rozvržení, postele a detaily",Apartmán se 3 Ložnicemi v Livignu | Rozvržení Pokojů,"3 ložnice, 2 koupelny, 90 m²: objevte podrobné rozvržení apartmánu v Livignu, pokoj po pokoji, navrženého pro rodiny a skupiny až 6 osob.",385,BreadcrumbList WebPage FAQPage,11,31,1,2,5.90,commercial / topic,KEEP
https://ironwoodlivigno.com/camere-appartamento-livigno/no,200,yes,yes,no,"Leilighetens 3 soverom i Livigno: layout, senger og detaljer",Leilighet med 3 Soverom i Livigno | Romoppsett,"3 soverom, 2 bad, 90 m²: oppdag den detaljerte planløsningen til leiligheten i Livigno, rom for rom, utformet for familier og grupper på opptil 6 personer.",401,BreadcrumbList WebPage FAQPage,11,31,1,2,5.90,commercial / topic,KEEP
https://ironwoodlivigno.com/camere-appartamento-livigno/nl,200,yes,yes,nl,"De 3 slaapkamers van het appartement in Livigno: indeling, bedden en details",Appartement met 3 Slaapkamers in Livigno | Ironwood Livigno,"3 slaapkamers, 2 badkamers, 90 m²: ontdek de gedetailleerde indeling van het appartement in Livigno, kamer voor kamer.",421,BreadcrumbList WebPage FAQPage,11,31,1,2,5.90,commercial / topic,KEEP
https://ironwoodlivigno.com/camere-appartamento-livigno/zh,200,yes,yes,zh,利维尼奥公寓的3间卧室:布局、床型与细节,利维尼奥3卧室公寓 | 房间布局 | Ironwood Livigno,"3间卧室、2间浴室、90平方米:详细了解利维尼奥公寓逐间卧室的布局,专为最多6人的家庭或团体设计。",816,BreadcrumbList WebPage FAQPage,11,31,1,2,5.90,commercial / topic,KEEP
https://ironwoodlivigno.com/camere-appartamento-livigno/ja,200,yes,yes,ja,リヴィーニョのアパートメントの3つのベッドルーム:間取り、ベッド、詳細,リヴィーニョの3ベッドルーム・アパートメント | 部屋の間取り | Ironwood Livigno,3ベッドルーム、2バスルーム、90㎡。最大6名のご家族・グループのために設計された、リヴィーニョのアパートメントの部屋ごとの詳しい間取りをご紹介します。,1280,BreadcrumbList WebPage FAQPage,11,31,1,2,5.90,commercial / topic,KEEP
